DateTime,SiteCode,SampleCode,SamplingMethod,SampleType,SampleMedium,pH,pH,Temp,EC,DO,Alkalinity,TIC,TOC,TN,F,Cl,NO2,Br,NO3,SO4,PO4,Ca,Mg,Na,K,Sr,Si,B,Fe,Al,Ba,Be9,Al27,Si28,P31,Ti49,V51,Cr52,Mn55,Fe56,Co59,Ni60,Cu63,Zn64,As75,Se78,Y89,Mo98,Ag107,Cd114,Sn118,Sb121,Ba138,La139,Ce140,Pr141,Nd145,Sm147,Eu153,Gd157,Tb159,Dy164,Ho165,Er166,Tm169,Yb174,Lu175,TI205,Pb208,U238,Hg202,Sr isotopes,d13C-DIC,dD,d18O,NH4-N,Ortho-P,SamplingNote
MST,,,,,,pH,pH,degC,uS/cm,%,meq/kg,mg/L,mg/L,mg/L,mg/L,mg/L,mg/L,mg/L,mg/L,mg/L,mg/L,mg/L,mg/L,mg/L,mg/L,mg/L,mg/L,mg/L,mg/L,mg/L,mg/L,ug/L,ug/L,ug/L,ug/L,ug/L,ug/L,ug/L,ug/L,ug/L,ug/L,ug/L,ug/L,ug/L,ug/L,ug/L,ng/L,ug/L,ug/L,ug/L,ug/L,ug/L,ug/L,ng/L,ng/L,ng/L,ng/L,ng/L,ng/L,ng/L,ng/L,ng/L,ng/L,ng/L,ng/L,ng/L,ng/L,ug/L,ug/L,ng/L,ng/L,-,‰,‰,‰,mg/L,mg/L,
(Detection limit),,,,,,,,,,,0.2,0.00023,0.00026,0.0002,0.11,2.5,0.13,0.16,0.25,2.5,0.22,0.14,0.04,0.015,0.012,0.006,0.024,0.004,0.004,0.004,0.004,0.042,0.096,0.684,0.723,0.027,0.003,0.003,0.012,0.006,0.0014,0.003,0.006,0.045,0.015,0.057,0.342,0.003,0.0003,0.006,0.003,0.003,0.003,0.429,0.204,0.255,1.23,0.87,0.61,2.41,0.204,0.876,0.231,0.255,0.228,0.762,0.057,0.468,0.678,0.54,,,,0.4,0.1,0.01,0.01,
(Lab Method),,,,,,PH_EC1,PH_EC2,OxyTem,PH_EC1,OxyTem,GA_titration,TOC-VCSH,TOC-VCSH,TOC-VCSH,DionexIC3000,DionexIC3000,DionexIC3000,DionexIC3000,DionexIC3000,DionexIC3000,DionexIC3000,ICP-OES,ICP-OES,ICP-OES,ICP-OES,ICP-OES,ICP-OES,ICP-OES,ICP-OES,ICP-OES,ICP-OES,ICP-MS,ICP-MS,ICP-MS,ICP-MS,ICP-MS,ICP-MS,ICP-MS,ICP-MS,ICP-MS,ICP-MS,ICP-MS,ICP-MS,ICP-MS,ICP-MS,ICP-MS,ICP-MS,ICP-MS,ICP-MS,ICP-MS,ICP-MS,ICP-MS,ICP-MS,ICP-MS,ICP-MS,ICP-MS,ICP-MS,ICP-MS,ICP-MS,ICP-MS,ICP-MS,ICP-MS,ICP-MS,ICP-MS,ICP-MS,ICP-MS,ICP-MS,ICP-MS,ICP-MS,ICP-MS,ICP-MS,ThermoQuest,ThermoQuest,WIA_LGR,WIA_LGR,SmartChem200,SmartChem200,
9/26/2005 16:07,FLUME_UR,JEMEZ_S1,GRAB,Grab,Surface water,7.3,-9999,9.4,82,44.9,-9999,7.636,2.046,0.2197,0.0821,1.4391,0.065,0.08,0.0144,8.7834,0.0965,10.5447,0.828,5.0803,1.7627,0.0536,12.9328,0.0252,0.0697,0.0323,0.002,0.019,27.3,12300,36.2,0.442,0.397,0.047,11.74,80.9331,0.826,0.46,0.277,3.746,0.29,0.026,80.6,0.0848,0.01,0.003,0.0015,0.01,11.6,70.9,145,17.1,64,15.6,2.27,14.1,1.95,12.2,3.11,4.69,1.25,6.34,1.15,-9999,0.03,6.62,0,-9999,-9999,-81.89,-11.94,0.019,0.031,Upper Redondo Flume
9/26/2005 17:29,FLUME_UJ,JEMEZ_S2,GRAB,Grab,Surface water,7.4,-9999,11.3,59,37.9,-9999,5.833,2.678,0.2453,0.0346,0.6267,0.065,0.08,0.125,3.4387,0.0756,6.6063,0.8901,3.7051,1.9052,0.026,15.1623,0.0169,0.0578,0.0553,0.002,0.034,51.2,14700,24.6,0.472,0.394,0.052,1.13,65.0546,0.557,0.37,0.367,2.443,0.31,0.0285,204,0.197,0.073,0.003,0.0015,0.013,10.4,122,232,30.8,134,31.5,4.98,25.9,5.29,32.8,6.41,18.1,2.88,19.7,3.75,-9999,0.05,20.6,0.994,-9999,-9999,-83.29,-11.95,0.005,0.02,
9/26/2005 18:00,FLUME_LJ,JEMEZ_S3,GRAB,Grab,Surface water,7.7,-9999,12.3,60,32.4,-9999,5.84,3.33,0.1883,0.1279,0.923,0.065,0.08,0.125,3.6387,0.0354,6.2731,0.8936,4.6605,2.0198,0.0303,12.0022,0.014,0.0985,0.0998,0.0111,0.009,94.4,11600,13.7,0.524,0.86,0.083,5.72,100.728,0.58,0.42,0.494,1.52,0.4,0.162,207,0.334,0.01,0.01,0.0015,0.0265,15,161,323,42,166,40.2,6.93,35.4,6.68,32.1,6.91,17.1,2.44,15.7,2.91,-9999,0.07,57.9,1.92,-9999,-9999,-80.76,-11.61,0.026,0.007,
9/26/2005 18:24,FLUME_HG,JEMEZ_S4,GRAB,Grab,Surface water,7.1,-9999,9.1,53,34,-9999,5.036,3.198,0.1658,0.0451,0.8876,0.065,0.08,0.0174,4.3837,0.0343,5.8893,0.9836,3.1988,1.6917,0.0268,11.3551,0.0145,0.0622,0.0778,0.01,0.028,60.6,11000,12.7,0.61,0.217,0.03,1.82,62.91,0.486,0.39,0.94,2.591,0.14,0.06,336,0.0015,0.006,0.01,0.0015,0.01,12.6,195,477,50.9,239,48.4,5.48,49.5,8.62,47.7,10.8,28.7,4.3,25.4,4.59,-9999,0.07,13.1,0.622,-9999,-9999,-84.23,-11.78,0.012,0.01,
9/26/2005 18:50,FLUME_LLJ,JEMEZ_S5,GRAB,Grab,Surface water,6.9,-9999,9.1,50,37.1,-9999,4.885,1.595,0.1536,0.0462,0.5974,0.065,0.08,0.0354,3.0179,0.0581,6.0485,0.6542,2.9458,1.2999,0.0247,9.7391,0.002,0.0193,0.033,0.002,0.024,43.4,9580,27.4,0.341,0.239,0.032,0.91,30.5144,0.493,0.23,0.177,0.75,0.21,0.097,93.3,0.0015,0.006,0.003,0.0015,0.01,9.1,62.8,167,15,63.6,17.8,2.39,10.1,1.42,10.2,2.99,5.45,1.38,8.02,1.04,-9999,0.03,3.27,2.11,-9999,-9999,-86.67,-12.54,0.003,0.023,
9/26/2005 19:50,FLUME_RM,JEMEZ_S6,GRAB,Grab,Surface water,7.1,-9999,11.6,57,28.5,-9999,5.842,0.7239,0.2916,0.1957,0.6707,0.065,0.08,0.9509,3.0943,0.463,6.0816,0.5492,5.2915,1.0145,0.0228,17.1435,0.013,0.0119,0.0215,0.002,0.032,21.6,17000,247,0.293,0.456,0.029,0.288,22.9238,0.472,0.22,0.134,0.71,1.79,0.203,51.5,0.626,0.015,0.003,0.0015,0.0626,5.74,55.2,121,12,40.9,9.31,0.202,7.09,1.03,5.66,1.62,1.43,0.132,5.09,0.88,-9999,0.03,0.103,0,-9999,-9999,-79.49,-11.76,0.003,0.224,
9/26/2005 20:20,FLUME_LR,JEMEZ_S7,GRAB,Grab,Surface water,7.4,-9999,9.9,76,45.4,-9999,7.626,1.962,0.1083,0.105,1.5263,0.065,0.08,0.125,4.646,0.2139,9.1409,0.8918,5.2762,1.7713,0.0386,12.5371,0.0197,0.0386,0.0244,0.0103,0.021,25.9,12000,66.8,0.363,0.4,0.028,1.49,53.1084,0.718,0.41,0.287,1.37,0.71,0.0285,62.5,0.323,0.015,0.003,0.0015,0.0225,14.4,55.5,94.1,13.8,52.9,9.69,2.4,9.03,1.44,8.66,1.47,2.51,0.828,7.12,0.496,-9999,0.03,3.84,1.64,-9999,-9999,-79.95,-11.54,0.037,0.061,
9/27/2005 13:30,EFJ2/VGS1,JEMEZ_S8,GRAB,Grab,Surface water,7,-9999,11.1,52.4,115.3,-9999,5.199,5.38,0.2936,0.1508,0.3358,0.065,0.08,0.125,3.0591,0.0479,4.8938,0.8479,3.6278,2.1462,0.0245,4.2311,0.002,0.1017,0.0828,0.0095,0.021,63.5,4010,21.9,0.621,0.436,0.058,5.46,99.9771,0.555,0.54,0.916,1.03,0.64,0.083,163,0.0847,0.029,0.003,0.0015,0.0388,12,153,256,36.5,143,31.5,6.06,28.2,4.83,27,5.42,13.9,1.73,13.2,2.04,-9999,0.08,36.1,1.46,-9999,-9999,-70.83,-9.56,0.004,0.008,
9/27/2005 14:00,EFJ3/VGS2,JEMEZ_S9,GRAB,Grab,Surface water,7,-9999,14,84.7,129.7,-9999,9.07,4.881,0.2795,0.726,1.4781,0.065,0.08,0.0263,1.7728,0.0174,5.7181,1.2059,10.9178,1.3623,0.0252,19.2189,0.0155,0.091,0.1335,0.0097,0.006,107,18300,14.6,0.603,0.91,0.156,2.36,88.7997,0.489,0.5,0.7716,1.03,0.69,0.176,192,1.08,0.003,0.01,0.0015,0.0515,13.3,153,268,38.8,157,34.8,6.7,33.8,4.42,29.9,5.21,17.8,2.72,15.7,1.9,-9999,0.07,110,8.71,-9999,-9999,-78.91,-11.08,0.002,0.007,
9/27/2005 14:45,EFJ4/VGS3,JEMEZ_S10,GRAB,Grab,Surface water,7,-9999,15.5,88,128.6,-9999,8.635,4.645,0.3122,0.9127,1.851,0.065,0.08,0.0497,1.555,0.0098,5.6738,1.2277,12.0688,1.2238,0.0245,21.2345,0.014,0.099,0.1358,0.0113,0.035,98.2,20600,13.9,0.673,1,0.18,2.04,92.9121,0.523,0.55,0.502,1.66,0.7,0.192,246,1.24,0.001,0.01,0.0015,0.0516,13.2,194,336,50.5,207,41.6,7.59,43.8,7.77,43.4,8.31,20.8,2.87,20.4,2.63,-9999,0.08,135,8.43,-9999,-9999,-80.67,-11.32,0.079,0.004,
9/27/2005 15:45,EFJ5/VGS4,JEMEZ_S11,GRAB,Grab,Surface water,7,-9999,14.7,92.6,121.1,-9999,10.2,6.167,0.3365,0.7236,1.6485,0.065,0.08,0.0131,0.9884,0.11,5.5895,1.4822,13.1434,1.2177,0.0283,18.6875,0.0128,0.1202,0.1876,0.0137,0.029,127,17500,14.3,0.684,0.86,0.196,1.64,97.0788,0.479,0.63,0.802,1.71,0.57,0.139,220,1.05,0.008,0.01,0.0015,0.0412,17.6,176,264,43.7,168,33.8,6.69,31.1,5.4,32.5,6.85,17.4,2.88,22.1,3.82,-9999,0.08,64.7,6.01,-9999,-9999,-80.17,-11.38,0.018,0.006,
9/27/2005 0:00,EFJ6/VGS5,JEMEZ_S12,GRAB,Grab,Surface water,7,-9999,18.2,77.2,118.4,-9999,4.691,1.839,0.1151,1.0701,1.5651,0.065,0.1485,0.125,2.4508,0.009,5.3098,1.011,11.301,1.2045,0.021,22.7788,0.0129,0.0832,0.1193,0.0095,0.017,97.8,22200,17.1,0.664,1.22,0.176,1.92,80.9968,0.476,0.4,0.378,0.79,0.84,0.164,183,1.36,0.013,0.01,0.0015,0.0566,11.4,150,268,38.8,154,36.8,5.48,30.7,4.92,30.2,4.91,15.7,1.77,15.2,1.78,-9999,0.07,136,9.17,-9999,-9999,-81.12,-11.43,0.046,0.01,
9/27/2005 0:00,EFJ7/VGS6,JEMEZ_S13,GRAB,Grab,Surface water,7,-9999,16.3,87,127.1,-9999,6.569,3.728,0.2005,1.106,1.9568,0.065,0.08,0.1053,1.8882,0.0052,5.0515,0.6992,10.1698,1.196,0.0167,25.5558,0.0127,0.0316,0.0396,0.002,0.006,23.3,25000,18,0.292,1.42,0.145,1.16,46.0642,0.423,0.26,0.582,0.54,1.04,0.036,81.7,1.57,0.006,0.003,0.0015,0.0692,8.85,70.2,122,17.7,61.5,15.4,1.84,12,1.99,11.9,2.54,5.7,0.531,4.86,0.659,-9999,0.04,172,10.7,-9999,-9999,-81.48,-11.27,0.005,0.01,
9/27/2005 14:30,VGKC1,JEMEZ_S14,GRAB,Grab,Surface water,6.7,-9999,15.1,84,18.9,0.88,8.892,17.71,0.9668,0.4499,8.8016,0.2371,0.027,0.0714,2.0888,0.11,7.4979,2.8242,18.8821,1.3583,0.0768,14.0931,0.5909,1.3111,2.163,0.9805,0.438,651.2643,11600,82.8,1.34,1.95,1.02,11.74,722.9444,1.27,2.487,3.19,153.32,1.21,0.48,2150,0.142,0.008,0.03,0.0015,0.281,1056.7686,2390,4560,548,2040,419,208,444,66,385,75,214,28.7,177,28.9,-9999,1.61,435,21,-9999,-9999,-33.18,-2.45,0.012,0.038,Pond dammed below seep
9/27/2005 15:10,VGKC2,JEMEZ_S15,GRAB,Grab,Surface water,6.6,-9999,12.1,54,23.1,-9999,7.405,1.937,0.1529,0.0433,0.1671,0.065,0.08,0.125,2.6586,0.0108,6.1384,2.1073,2.9161,0.8143,0.0562,12.1769,0.002,0.0201,0.0407,0.0204,0.017,47.9,11900,13.2,0.701,0.68,0.111,3.96,53.5016,0.542,0.31,0.441,0.52,0.14,0.0285,146,0.0015,0.001,0.003,0.0015,0.009,22.2,143,324,33.1,131,25.8,8.37,22.1,3.93,19.9,4.89,11.3,1.61,12.6,1.5,-9999,0.07,6.66,0.715,-9999,-9999,-75.83,-11.25,0.004,0.008,Small stream; muddy; sampled below rocks where rock emerged
9/27/2005 15:40,VGKC3,JEMEZ_S16,GRAB,Grab,Surface water,6.9,-9999,20,55,17.3,0.7,7.401,14.19,0.7835,0.429,8.9899,0.0728,0.0196,0.1192,4.2928,0.0057,5.2325,1.9643,17.1123,0.8436,0.0612,10.7289,0.5523,1.3507,1.1542,0.8199,0.299,473,9690,78.7,1.89,1.91,0.894,14.14,958.292,1.07,1.95,2.82,129.32,1.19,0.376,1780,0.019,0.006,0.02,0.0015,0.275,805.9275,2160,4680,543,2120,425,180,416,63.6,347,65,177,25.3,157,23.1,-9999,2.05,336,31.4,-9999,-9999,-37.86,-3.49,0.041,0.035,Mucky pond
9/27/2005 16:10,VGKC4,JEMEZ_S17,GRAB,Grab,Surface water,6.9,-9999,15.9,87,19.4,1.02,9.432,26.08,2.149,0.4384,7.4126,0.1837,0.0932,0.2513,2.9809,0.1361,7.0519,2.133,20.4992,2.165,0.0745,11.6149,0.5625,2.5969,0.9779,1.0695,0.535,670.7607,11300,271,2.11,4.99,0.774,34.84,2229.1748,1.6,2.742,3.45,156.32,2.23,0.478,4470,0.117,0.012,0.02,0.0015,0.311,1080.4469,5070,11300,1290,4870,992,310,991,157,873,163,478,64.2,380,55.3,-9999,5.37,694,31.4,-9999,-9999,-18.86,0.89,0.084,0.188,Mucky pond
9/27/2005 17:09,VGKC5,JEMEZ_S18,GRAB,Grab,Surface water,7.1,-9999,14.4,69,20.9,-9999,7.38,0.276,0.2638,0.2754,1.3147,0.065,0.08,1.0347,1.2894,0.0535,4.4905,1.4427,8.4491,1.3187,0.0138,26.8155,0.0166,0.002,0.0133,0.002,0.021,1.59,26400,16.8,0.0437,1.19,0.474,0.163,62.3777,0.338,0.14,0.143,0.48,0.34,0.242,4.53,0.643,0.011,0.003,0.0015,0.0422,4.79,4.27,7.55,1.11,0.689,1.3,0.02,1.205,0.102,0.438,0.1155,0.1275,0.114,0.381,0.0285,-9999,0.02,174,17,-9999,-9999,-83.47,-12.02,0.012,0.018,Small pond with lots of algae; reeds & grasses; very lush
9/27/2005 0:00,VGJJ1,JEMEZ_S19,GRAB,Grab,Surface water,6.9,-9999,11.3,59.1,18.6,-9999,8.953,1.329,0.1576,0.0474,0.6681,0.065,0.08,0.0217,2.9214,0.0461,7.0694,0.7936,3.4613,1.2229,0.0309,11.0976,0.002,0.002,0.002,0.002,0.007,2.03,11000,31.4,0.105,0.214,0.067,0.53,152.9604,0.532,0.48,1.055,2.17,0.14,0.118,85.1,0.0015,0.005,0.01,0.0015,0.0248,11.2,45.3,14.4,12.5,44.4,10.8,1.42,6.61,1.2,9.05,2.76,4.91,0.399,8.03,0.883,-9999,0.04,0.27,1.64,-9999,-9999,-86.22,-12.48,0.02,0.018,Spring east of Bunkhouse
9/27/2005 0:00,VGJJ2,JEMEZ_S20,GRAB,Grab,Surface water,7.5,-9999,15.1,171.4,10.9,1.45,18.25,10.05,0.7218,0.2308,11.9184,0.4716,0.0482,0.232,2.0441,0.11,13.2216,3.1665,18.5518,4.719,0.114,17.463,0.5512,0.5648,1.2931,1.1821,0.102,686.3679,15100,33.1,5.8,1.25,0.784,8.02,385.9576,1.4,2.07,1.8,39.22,1.83,0.141,1170,1.46,0.02,0.01,0.0002,0.473,1227.5044,1870,3600,477,1730,347,182,314,48.3,251,45.5,119,15.8,109,15.5,-9999,0.6,250,10.4,-9999,-9999,-57.19,-6.82,0.012,0.001,Seep right side of road north of History Grove before Jaramillo
9/27/2005 0:00,VGJJ3,JEMEZ_S21,GRAB,Grab,Surface water,7.5,-9999,8.5,77.1,48.7,-9999,8.396,0.6535,0.5944,0.191,1.7261,0.065,0.0187,2.6298,4.1087,0.061,5.8053,1.1078,5.5823,5.0151,0.0261,22.6391,0.0179,0.002,0.002,0.0095,0.061,1.96,22600,27.1,0.0909,0.294,0.06,0.102,62.4248,0.433,0.41,0.455,1.82,0.28,0.411,386,0.276,0.033,0.01,0.0015,0.0213,13.5,88.2,6.4,26,118,29.5,3.68,34.3,5.41,39.4,9.35,27.7,4.74,37.8,7.48,-9999,0.01,26,3.87,-9999,-9999,-87.17,-12.41,0.008,0.024,Spring at base of obsidian flow
9/27/2005 0:00,VGJJ4,JEMEZ_S22,GRAB,Grab,Surface water,7,-9999,21,44.4,59.5,0.32,4.151,9.954,1.784,0.3385,3.2069,0.065,0.0422,0.3026,7.692,0.0087,-9999,-9999,-9999,-9999,-9999,-9999,-9999,-9999,-9999,-9999,-9999,-9999,-9999,-9999,-9999,-9999,-9999,-9999,-9999,-9999,-9999,-9999,-9999,-9999,-9999,-9999,-9999,-9999,-9999,-9999,-9999,-9999,-9999,-9999,-9999,-9999,-9999,-9999,-9999,-9999,-9999,-9999,-9999,-9999,-9999,-9999,-9999,-9999,-9999,-9999,-9999,-9999,-56.61,-7.1,0.352,0.015,Pond on north side of Valles Grande
9/27/2005 0:00,VGJJ5,JEMEZ_S23,GRAB,Grab,Surface water,7.8,-9999,10.8,45.9,59.2,-9999,4.509,1.67,0.1106,0.0513,0.5468,0.065,0.08,0.0493,3.3042,0.0882,5.2211,0.5741,2.972,1.1552,0.0218,9.6656,0.002,0.0123,0.0305,0.002,0.021,30.8,9600,28.6,0.252,0.227,0.039,0.74,41.1714,0.382,0.22,1.7,2.959,0.19,0.008,69.9,0.0015,0.039,0.01,0.0015,0.009,6.47,48.9,115,11.1,37.8,11.9,0.705,7.39,1.11,9.97,1.74,3.35,0.216,6.04,1.44,-9999,0.04,1.93,0.343,-9999,-9999,-86.09,-12.38,0.026,0.024,Stream south of bunkhouse - emanating from spring up slope
9/27/2005 0:00,VGJJ6,JEMEZ_S24,GRAB,Grab,Surface water,7.1,-9999,10.8,67.4,34.6,-9999,6.395,4.95,0.3182,0.0659,0.8984,0.065,0.08,0.0112,6.5284,0.014,6.5489,1.3666,3.9943,2.24,0.0439,15.7704,0.002,0.0125,0.017,0.0399,0.052,11.7,15600,2.79,0.262,0.452,0.073,2,44.6633,0.502,0.76,2.27,3.2392,0.28,0.151,327,0.0015,0.002,0.01,0.0015,0.044,43.1,243,310,61.9,272,53.5,11.9,45.8,7.32,45.4,9.16,30,4.88,34.4,5.48,-9999,0.04,8.51,0,-9999,-9999,-74.11,-10.64,-9999,-9999,Stagnant water
9/28/2005 0:00,VGJJ7,JEMEZ_S25,GRAB,Grab,Surface water,6.5,-9999,9.2,87.5,113.5,-9999,8.868,4.624,0.2931,0.8344,2.0598,0.065,0.08,0.0113,1.8375,0.0056,5.6985,1.2121,11.1004,1.4342,0.0258,18.9674,0.0155,0.0356,0.0335,0.0097,0.022,30.5,19000,13.1,0.272,0.84,0.135,2.53,59.9349,0.472,0.5,1.09,2.22,0.67,0.138,171,1.05,0.018,0.01,0.0015,0.051,13.7,121,211,31.3,126,32.9,4.53,19.7,4.58,24.7,4.81,12.8,1.36,15.3,1.91,-9999,0.05,92.4,3.5,-9999,-9999,-79.24,-11.18,0.041,0.005,East Fork Jemez River at gauge
9/28/2005 0:00,VGJJ8,JEMEZ_S26,GRAB,Grab,Surface water,5.9,-9999,8.8,75.2,44.4,-9999,8.01,5.394,0.375,0.1917,2.1699,0.065,0.08,0.125,2.5892,0.0031,4.9651,0.9331,7.3623,4.7763,0.0287,23.2777,0.002,0.1071,0.0578,0.012,0.048,50.8,22500,11.5,0.7,0.358,0.096,6.22,135.6403,0.411,0.38,0.875,2.354,0.33,0.122,304,0.0518,0.012,0.01,0.0015,0.0254,16,177,323,44.6,176,40.7,5.67,37.5,6.26,44.1,9.33,28.5,3.52,35.8,4.23,-9999,0.07,23.5,0.25,-9999,-9999,-82.65,-11.77,0.024,0.005,Tributary to East Fork Jemez River - slow flowing - seeping
9/28/2005 0:00,VGJJ9,JEMEZ_S27,GRAB,Grab,Surface water,7.5,-9999,11.1,91,127.4,-9999,9.479,4.612,0.4656,0.7693,2.1177,0.065,0.08,0.0407,1.6012,0.11,6.0257,1.3055,11.5575,1.3163,0.0266,19.6981,0.0132,0.0859,0.129,0.0102,0.019,50.6,19700,12.6,0.441,0.83,0.152,1.74,71.5631,0.471,0.51,0.547,2.02,0.63,0.143,170,1.14,0.006,0.01,0.0015,0.0448,14.1,131,227,33.5,136,32.5,4.15,21.6,4.61,23.8,4.77,13.5,2.12,15.6,1.7,-9999,0.05,93.6,4.8,-9999,-9999,-79.04,-11.25,0.067,0.005,East Fork Jemez River at Sonde
9/28/2005 0:00,VGJJ10,JEMEZ_S28,GRAB,Grab,Surface water,6.7,-9999,21.8,123.8,30.1,-9999,11.57,5.374,0.5131,0.1966,4.3743,0.065,0.08,0.09,5.5836,0.11,6.424,1.9006,9.3726,4.3235,0.0492,25.9309,0.002,0.002,0.0146,0.0178,0.006,3.5,26700,3.91,0.284,4.76,0.082,1.99,31.0278,0.448,0.33,0.595,2.631,1.17,0.166,49,0.308,0.0001,0.01,0.0015,0.0734,22.5,13.2,21.1,2.86,11.6,2.72,2,1.205,0.102,0.458,0.317,1.91,0.363,4.41,0.754,-9999,0.03,9.52,5.17,-9999,-9999,-84.52,-11.82,0.093,0.005,Seep on west side of Cerro La Jara
9/28/2005 0:00,VGJJ11,JEMEZ_S29,GRAB,Grab,Surface water,7.2,-9999,14.7,78,110.2,-9999,8.506,0.5683,0.25,0.8055,1.3574,0.065,0.3893,0.0051,1.7621,0.0363,4.5361,0.9935,10.887,0.9114,0.0193,28.8624,0.0123,0.002,0.0151,0.002,0.017,2.33,30200,27.6,0.0307,1.34,0.315,0.315,22.8974,0.32,0.14,0.198,0.47,0.91,0.187,14.3,1.79,0.0001,0.003,0.0015,0.0469,3.78,10.1,13.9,1.73,2.66,0.431,0.05,1.205,0.102,0.438,0.1155,0.1275,0.114,0.381,0.0285,-9999,0.339,140,12.9,-9999,-9999,-84.91,-12.24,0.009,0.024,Stream in Valles Grande near veg plot MMO4
3/13/2006 10:30,FLUME_LLJ,JEMEZ_S30,GRAB,Grab,Surface water,9.2,5.8,0.3,44.8,76,0.46,3.58643,0.99,0.307,0.0456,0.5004,0.065,0.08,0.125,3.2782,0.11,4.6669,0.5111,2.5039,0.8701,0.0176,9.2989,0.0171,0.0122,0.0343,0.002,0.0112,18.4,-9999,-9999,0.266,0.246,0.037,0.452,12.5,0.0197,0.112,0.151,0.961,0.188,0.0281,66.7,0.0583,0.824,0.003,0.006,0.004,4.58,42.4,113,10.6,40.8,11.1,1.95,9.49,1.61,9.76,1.84,6.08,0.752,5.29,1.07,0.234,0.0078,7.07,-9999,-9999,-7.1175,-89.05,-12.88,0.009,0.009,
3/13/2006 12:30,FLUME_HG,JEMEZ_S31,GRAB,Grab,Surface water,9.1,5.9,0.5,46.2,78.1,0.25,2.88141,2.799,0.348,0.0374,1.0404,0.065,0.08,0.0553,4.5828,0.11,4.1372,0.727,2.7201,1.2285,0.017,10.871,0.0111,0.094,0.1748,0.002,0.0205,88.9,-9999,-9999,0.693,0.288,0.0652,1.46,69,0.0365,0.208,0.316,2.57,0.131,0.0417,340,0.0522,1.22,0.003,0.005,0.021,6.55,216,468,58.1,258,56.9,6.91,55.3,8.72,48,10.4,29.2,4,25.9,3.98,0.234,0.0573,21.1,-9999,-9999,-17.7682,-86.04,-12.28,0.007,0.039,
3/13/2006 13:05,FLUME_LJ,JEMEZ_S32,GRAB,Grab,Surface water,10.1,6.1,0.1,85.8,74.9,0.72,7.55862,3.73,0.398,0.1398,1.0768,0.065,0.08,0.3697,4.2554,0.11,8.3851,1.3211,5.505,2.2512,0.0407,16.6229,0.002,0.1157,0.092,0.0187,0.0312,42.1,-9999,-9999,0.756,0.535,0.0894,9.71,111,0.0907,0.444,0.744,1.9,0.294,0.0478,239,0.347,0.171,0.003,0.002,0.015,19.8,168,301,47.1,201,42.3,8.26,42.7,6.69,37.5,7.93,22.5,3.6,21.5,3.69,0.234,0.03,38.7,-9999,-9999,-14.5018,-85.9,-12.43,0.006,0.009,
3/13/2006 13:40,FLUME_UJ,JEMEZ_S33,GRAB,Grab,Surface water,10.1,5.8,0.8,41.7,73.5,0.6,6.57902,2.713,0.357,0.0584,0.7618,0.065,0.08,0.125,4.7339,0.11,7.5091,1.0373,4.2938,1.8764,0.0289,16.7254,0.002,0.0647,0.0556,0.0103,0.0164,25.2,-9999,-9999,0.43,0.335,0.0378,1.48,60.7,0.0389,0.232,0.216,1.06,0.248,0.0726,213,0.277,0.403,0.003,0.003,0.0015,10.1,116,166,33.5,144,34.2,5.68,34.9,5.26,30.7,7.09,22.9,2.9,20.5,3.34,0.234,0.0121,27.1,-9999,-9999,-15.8845,-87.72,-12.79,0.001,0.024,
3/13/2006 15:20,FLUME_RM,JEMEZ_S34,GRAB,Grab,Surface water,10.4,6,2,30.6,74.1,0.41,3.86755,2.422,0.292,0.2121,0.735,0.065,0.08,0.125,4.3301,0.5143,4.4355,0.4162,4.9667,1.0273,0.015,14.529,0.002,0.0723,0.1451,0.002,0.0513,85.3,-9999,-9999,1.97,0.633,0.199,0.804,62.3,0.0444,0.245,0.477,3.46,1.88,0.107,129,0.952,1.74,0.0221,0.025,0.067,2.88,116,258,25.3,96.2,20.9,2.61,19.8,3.18,18.6,3.68,12.3,1.76,10.7,1.78,0.02,0.0396,14.4,-9999,-9999,-9999,-77.72,-10.9,0.005,0.324,
3/13/2006 15:40,FLUME_LR,JEMEZ_S35,GRAB,Grab,Surface water,8.1,6.1,0.6,52.8,78.6,0.55,5.93537,2.196,0.377,0.0976,2.3787,0.065,0.08,0.125,9.3724,0.0481,9.4764,0.9507,5.8083,1.6505,0.0437,12.7454,0.0113,0.039,0.0493,0.0124,0.0562,27.6,-9999,-9999,0.501,0.39,0.0484,1.01,39,0.0361,0.309,0.328,1.68,0.571,0.0176,75.3,0.418,2.23,0.0359,0.036,0.06,12.3,73.3,140,18.1,75.7,14.8,3.12,14.6,2.24,12.8,2.4,7.44,0.99,6.45,1.01,0.03,0.0439,12.5,-9999,-9999,-7.2879,-84.92,-12.28,0.013,0.071,
3/13/2006 16:10,FLUME_UR,JEMEZ_S36,GRAB,Grab,Surface water,8.4,5.9,1.3,68.1,75.5,0.71,7.20171,2.837,0.42,0.0787,2.7674,0.065,0.08,0.125,13.7485,0.0879,13.6628,1.1605,5.4534,1.8911,0.0729,12.8161,0.0154,0.0404,0.0407,0.0154,0.0263,24.6,-9999,-9999,0.483,0.292,0.0579,5.3,40,0.0519,0.379,0.307,1.59,0.165,0.0405,74.9,0.122,0.808,0.003,0.003,0.009,14.8,55.1,100,15.1,62.7,14.1,3.83,12.8,1.88,12.2,2.35,7.68,0.974,7.34,1.15,0.234,0.008,38.2,-9999,-9999,-6.9572,-83.5,-12.34,0.003,0.01,
3/13/2006 11:55,LaJaraMidWay,JEMEZ_S37,GRAB,Grab,Surface water,6.8,6.1,1.8,17,69.7,0.19,3.91861,1.138,0.337,0.0341,0.5935,0.065,0.08,1.2437,3.409,0.041,5.0317,0.567,2.6264,0.8302,0.0195,9.4793,0.002,0.002,0.0158,0.002,0.0099,5.24,-9999,-9999,0.126,0.314,0.0306,4.56,5.85,0.039,0.148,0.189,7.7,0.2,0.112,76.2,0.0575,0.0001,0.0018,0.009,0.001,5.66,40.6,44.6,10.7,45.5,10.2,2.04,10.6,1.69,10.6,2.36,7.02,0.786,5.94,0.847,0.234,0.0032,7.53,-9999,-9999,-10.5843,-88.82,-12.8,0.014,0.033,Main stem of La Jara Creek; 1st sign of creek walking downhill from below tributary
3/13/2006 12:55,LaJaraNo2,JEMEZ_S38,GRAB,Grab,Surface water,5.2,7.1,5.2,24.6,76.9,0.29,3.34239,0.834,0.297,0.0495,0.4627,0.065,0.08,0.848,3.3257,0.1043,4.5146,0.4883,2.6366,0.8841,0.0176,9.2571,0.002,0.0276,0.0141,0.002,0.0223,2.6,-9999,-9999,0.0611,0.3,0.0489,0.172,2.58,0.0156,0.129,0.289,0.816,0.211,0.056,62.7,0.0807,1.86,0.003,0.007,0.0015,4.49,29.4,14.1,6.13,26.9,7.27,1.29,7.99,0.959,7.53,1.65,5.1,0.585,4.21,0.641,0.234,0.339,5.7,-9999,-9999,-13.3496,-89.27,-12.89,0.008,0.06,Seep on south side of La Jara Creek
3/13/2006 13:15,FLUME_ULJ,JEMEZ_S39,GRAB,Grab,Surface water,6.2,5.8,2,21.6,75.6,0.25,3.16232,0.646,0.267,0.0452,0.4791,0.065,0.08,0.125,3.2953,0.11,4.3701,0.4827,2.617,0.8578,0.0166,9.2957,0.002,0.0092,0.0283,0.002,0.0142,22.6,-9999,-9999,0.402,0.299,0.041,0.707,14.2,0.0202,0.112,0.282,1.23,0.198,0.0718,74.6,0.0642,0.0001,0.003,0.007,0.0015,4.64,41.9,110,10.2,45.9,10.4,1.53,11.1,1.72,10.3,2.17,6.19,0.798,5.59,0.92,0.234,0.0026,7.56,-9999,-9999,-6.4963,-88.91,-12.84,0.008,0.052,La Jara Creek @ Road
3/14/2006 12:00,VGJJ7,JEMEZ_S40,GRAB,Grab,Surface water,5.9,6.3,0.1,87.6,58.7,0.68,9.41887,2.929,0.249,0.7178,1.5729,0.065,0.08,0.125,2.7571,0.11,6.265,1.3004,10.135,1.9618,0.0241,25.0169,0.002,0.0863,0.0769,0.0139,0.0103,73.8,-9999,-9999,1.52,1.57,0.144,13.4,111,0.0765,0.26,0.393,2.06,0.963,0.118,153,1.49,0.136,0.004,0.031,0.066,13.8,130,255,33.8,135,30.8,6.35,28.7,4.27,26.3,5.32,15.3,2.19,14.5,2.22,0.02,0.0474,41.5,-9999,-9999,-9999,-86.01,-12.3,0.024,0.025,Upstream ~500 ft from VGJJ7 (couldn't collect because frozen ground)
3/14/2006 13:30,VGJJ8,JEMEZ_S41,GRAB,Grab,Surface water,6,6.3,0.7,110.1,8.4,0.6,10.37225,2.461,0.561,0.285,5.2567,0.0325,0.08,0.698,1.8213,0.11,5.4569,1.2977,9.4598,2.8651,0.0286,28.6379,0.002,0.0183,0.0168,0.0379,0.0156,3.56,-9999,-9999,0.135,0.849,0.0385,329,22,0.898,0.363,1.16,2.02,0.988,0.0612,60.3,0.503,0.0136,0.0114,0.018,0.057,37.6,32.9,68.3,8.5,37.5,7.74,6.36,8.13,1.11,7.9,1.73,6.39,0.866,7.14,1.18,0.01,0.0071,12.8,-9999,-9999,-9999,-89.28,-12.78,0.16,0.001,Tributary to E. Fork Jemez near fence & animal enclosement
3/14/2006 14:20,VGJJ9,JEMEZ_S42,GRAB,Grab,Surface water,6.5,6.3,0.3,82.8,70.6,0.86,7.75046,3.173,0.251,0.3744,1.0937,0.065,0.08,0.125,3.3091,0.11,6.8393,1.3088,5.6216,2.1179,0.0355,15.6552,0.002,0.1764,0.1151,0.0251,0.0191,42.9,-9999,-9999,0.966,0.813,0.0724,37.5,104,0.179,0.341,0.465,2.87,0.399,0.077,230,0.46,0.144,0.0004,0.015,0.042,22.6,211,393,53.4,220,44.8,8.52,43,6.52,36.5,7.39,21.4,3.12,20.1,3.35,0.234,0.0284,37,-9999,-9999,-16.0348,-88.11,-12.69,0.035,0.002,Sonde on E. Fork Jemez R.
3/14/2006 16:00,USGS_JRgage,JEMEZ_S43,GRAB,Grab,Surface water,6.7,7.5,11.1,632,86.3,3.08,6.17738,1.993,0.125,0.9497,73.2837,0.065,0.1747,0.125,19.129,0.11,44.9082,5.0522,62.7401,9.7949,0.1584,19.5356,0.6009,0.0185,0.0511,0.0659,0.0487,39.4,-9999,-9999,0.313,2.11,0.0657,17.5,19.2,0.123,0.926,1.1,1.74,62.5,0.184,77.8,3.62,0.0188,0.0071,0.006,0.128,64.6,29.6,37,6.85,25.4,6.28,9.58,6.07,1.12,8.47,1.78,5.87,0.677,5.46,0.886,0.02,0.0057,1200,-9999,-9999,-2.0978,-88.81,-12.32,0.033,0.037,Near USGS gauge on Jemez R.; downstream of Jemez Springs
3/14/2006 10:45,CowboySp,JEMEZ_S44,GRAB,Grab,Surface water,7.1,6.4,8.2,80.7,68,0.8,6.87653,0.824,0.497,0.3334,1.4253,0.065,0.0155,0.3383,2.7799,0.11,4.6402,0.8835,7.3032,4.752,0.0145,28.185,0.014,0.002,0.013,0.002,0.0392,6.15,-9999,-9999,0.167,0.464,0.0829,0.166,4.67,0.013,0.088,0.149,0.8,0.413,0.278,94.3,0.689,0.0252,0.0072,0.006,0.021,4.29,25.5,31.9,7.02,30.8,8.24,1.12,8.2,1.51,10.5,2.52,9.13,1.1,7.56,1.32,0.02,0.0038,54.8,-9999,-9999,-9999,-88.66,-12.56,0.034,0.005,
3/14/2006 11:30,VGJJ3,JEMEZ_S45,GRAB,Grab,Surface water,7.2,6.2,7.7,82.2,34.6,0.45,7.37592,0.67,0.659,0.1719,1.6296,0.2512,0.0124,1.1465,4.0381,0.0023,5.9843,1.1338,5.3486,4.9338,0.0259,22.1975,0.0092,0.002,0.002,0.0121,0.0391,0.626,-9999,-9999,0.0295,0.475,0.0481,0.431,2.18,0.0259,0.147,0.184,0.692,0.327,0.313,372,0.349,0.0117,0.0013,0.011,0.017,12,85.9,6.03,25.9,122,34.1,4.25,36.9,6.15,39.7,10.2,32.5,5.14,31.9,6.19,0.234,0.339,50.1,-9999,-9999,-9999,-87.63,-12.44,0.014,0.031,
3/14/2006 12:05,VGJJ11,JEMEZ_S46,GRAB,Grab,Surface water,8.5,6.4,11.1,80.6,92.5,0.61,6.87653,0.564,0.181,0.7204,1.1509,0.065,0.08,0.125,2.3377,0.11,4.7522,1.0251,10.6264,0.951,0.0147,28.1178,0.002,0.0249,0.0449,0.002,0.0207,36.7,-9999,-9999,0.592,1.73,0.343,1.67,30.6,0.0331,0.107,0.196,0.837,1.02,0.18,59.1,1.82,0.0103,0.0021,0.013,0.048,2.44,40.5,83.2,9.42,34.8,7.98,1.28,7.66,1.54,7.82,1.72,5.2,0.646,4.54,0.772,0.234,0.0204,346,-9999,-9999,-9999,-84.73,-12.19,0.005,0.027,
3/14/2006 12:30,EFAW,JEMEZ_S47,GRAB,Grab,Surface water,7.8,6.5,16.2,89.2,58.2,0.78,8.62439,0.225,0.467,0.308,0.9308,0.065,0.08,0.9575,0.9777,0.0619,5.3198,0.7972,12.7633,0.479,0.0251,36.474,0.002,0.1568,0.002,0.0134,0.0064,1.52,-9999,-9999,0.0509,3.07,0.527,6.75,136,0.0112,0.0864,0.148,0.403,1.26,0.179,2.14,1.69,0.235,0.0075,0.011,0.035,13.3,1.5,2.4,0.241,0.615,0.251,1.22,1.205,0.102,0.438,0.1155,0.0108,0.114,0.381,0.0285,0.2,0.0104,237,-9999,-9999,-14.4618,-83.38,-11.94,0.114,0.114,
4/14/2006 11:50,FLUME_UR,JEMEZ_S48,GRAB,Grab,Surface water,7,6.6,3.9,-9999,70,-0.37,3.639,8.54128,0.59125,0.0892,4.242,0.065,0.08,0.125,13.9223,0.11,9.6856,0.9555,4.8946,2.5435,0.0503,13.7571,0.0231,0.226,0.4062,0.017,0.147,275,14300,31.6,2.52,0.652,0.159,9.01,135,0.122,0.701,1.95,1.69,0.402,0.0894,597,0.232,0.0031,0.004,0.0021,0.0411,16,488,1380,133,539,117,14.6,121,18.7,108,22.3,62.7,8.67,59,8.72,0.0043,0.146,77.9,-9999,-9999,-14.6922,-87.46,-12.49,0.057,0.013,
4/14/2006 13:00,FLUME_LR,JEMEZ_S49,GRAB,Grab,Surface water,7.2,6.7,8.4,-9999,71.3,0.2,3.192,7.29955,0.55604,0.0836,3.1147,0.065,0.08,0.125,12.7932,0.11,7.5646,0.8989,5.3844,2.6386,0.0384,14.139,0.0178,0.3051,0.5267,0.0226,0.123,311,14600,43,2.91,0.88,0.155,4.1,165,0.0999,0.652,2.05,2.82,0.728,0.151,646,0.451,0.0027,0.0036,0.0031,0.0661,21.1,529,1960,152,625,131,15.9,138,20.9,123,25,71.4,10.3,67,10.5,0.0047,0.25,97,-9999,-9999,-14.2914,-87.47,-12.59,0.025,0.024,
4/14/2006 10:45,FLUME_RM,JEMEZ_S50,GRAB,Grab,Surface water,6.9,6.8,9.5,-9999,70.6,0.41,4.909,2.68515,0.53233,0.1976,0.6878,0.065,0.08,0.125,4.1528,0.4821,5.4874,0.5323,5.1181,1.1711,0.0203,14.2888,0.002,0.0618,0.1326,0.002,0.072,166,15100,311,4.03,0.659,0.171,0.536,71.5,0.0418,0.234,2.26,1.13,2.15,0.112,167,0.981,0.0021,0.0035,0.0055,0.0789,3.83,140,344,32.6,122,26.4,0.305,26.5,4.38,26.5,5.72,16.7,2.39,16.6,2.64,0.0017,0.0495,22.9,-9999,-9999,-9999,-81.34,-11.91,0.019,0.225,
4/14/2006 14:30,FLUME_UJ,JEMEZ_S51,GRAB,Grab,Surface water,6.9,6,2.8,-9999,69.2,-0.17,3.516,10.5171,0.90996,0.067,0.8455,0.065,0.08,0.5532,4.3959,0.0331,5.837,0.9319,2.6214,2.2003,0.0277,11.3018,0.002,0.2819,0.3939,0.0188,0.175,1210,12000,25.2,27.4,1.31,0.52,5.34,560,0.179,0.937,2.34,3.25,0.495,0.218,949,0.218,0.0072,0.0053,0.0455,0.0524,19.1,592,1470,172,738,172,22.2,172,27.1,158,33.5,103,14.8,100,15.8,0.0095,0.303,159,-9999,-9999,-9999,-89.61,-12.83,0.02,0.009,
4/15/2006 11:30,FLUME_LJ,JEMEZ_S52,GRAB,Grab,Surface water,6.7,6.4,7,-9999,60.3,0.34,3.333,12.08867,1.02807,0.1023,1.1073,0.065,0.08,0.125,4.159,0.11,4.7161,0.91,2.7048,2.9526,0.0265,9.394,0.002,0.2996,0.3641,0.0232,0.157,460,9780,32.9,7.76,0.973,0.288,3.69,299,0.14,1.33,2.19,2.74,0.498,0.229,1060,0.228,0.0047,0.0087,0.0161,0.0737,23,704,1710,203,842,193,27.9,195,30.8,182,37.4,111,16.2,107,16.6,0.009,0.256,143,-9999,-9999,-18.5898,-91.18,-12.79,0.025,0.008,Flow estimate - water was also going around flume.
4/15/2006 10:30,FLUME_HG,JEMEZ_S53,GRAB,Grab,Surface water,7,6.3,4.6,-9999,69.2,0.1,1.954,4.20827,0.81138,0.0471,1.143,0.065,0.08,1.0627,5.7161,0.11,3.8026,0.6954,2.5939,1.3191,0.0158,11.7198,0.002,0.225,0.4531,0.0076,0.134,447,12200,19.7,5.74,0.459,0.196,4.84,169,0.0925,0.345,2.26,1.95,0.213,0.149,924,0.102,0.0043,0.0033,0.0091,0.0324,9.09,598,1880,163,692,159,15.1,169,25.6,150,30.8,91.7,12.2,77.3,12.6,0.0056,0.275,102,-9999,-9999,-19.6819,-86.67,-12.24,0.019,0.005,
4/15/2006 9:30,FLUME_LLJ,JEMEZ_S54,GRAB,Grab,Surface water,7,6.5,4.5,-9999,70,0.17,2.841,5.23164,0.68086,0.0573,0.6848,0.065,0.08,0.9497,4.2375,0.013,4.7111,0.5551,2.3282,0.9625,0.0186,9.8712,0.002,0.1475,0.2969,0.0071,0.128,278,10300,37.7,3.9,0.433,0.143,2.83,102,0.0839,0.266,2.03,1.9,0.313,0.159,471,0.124,0.0023,0.003,0.0051,0.034,7.05,345,1320,88.3,369,81.3,6.63,91.1,13.2,80.1,17.1,50.3,6.73,42,6.64,0.0034,0.151,64.2,-9999,-9999,-17.5377,-87.98,-12.74,0.034,0.024,
4/18/2006 10:30,VGJJ7,JEMEZ_S55,GRAB,Grab,Surface water,6.9,6.3,4.9,-9999,53.2,0.31,4.888,14.0787,1.10163,0.2067,5.1544,0.065,0.08,0.125,4.3433,0.11,6.5614,1.5504,6.1358,2.738,0.0362,12.3987,0.002,0.3617,0.4884,0.0288,0.155,643,13200,52.1,9.91,1.24,0.379,4.3,360,0.147,1.44,2.2,4.14,0.836,0.226,1130,0.403,0.0078,0.0156,0.0416,0.172,28.9,893,2070,234,927,206,32,214,33.6,193,39.4,119,17.4,114,18,0.0332,0.362,184,-9999,-9999,-9999,-84.76,-12.2,0.053,0.022,Temperature verified via transducer at gage site
4/15/2006 13:00,VGJJ9,JEMEZ_S56,GRAB,Grab,Surface water,6.6,6.3,12,-9999,50.3,0.55,5.681,14.18886,1.20305,0.2142,3.2973,0.065,0.08,0.125,3.6337,0.11,5.8854,1.444,5.3338,3.5169,0.033,11.3144,0.002,0.4457,0.7575,0.0266,0.133,1290,11500,76.1,28.4,1.83,0.73,4.83,667,0.189,1.56,0.426,6.03,0.983,0.244,796,0.617,0.0125,0.0148,0.062,0.12,27.3,554,1300,157,649,145,21.8,148,22.1,135,28.2,88.4,12.9,84.1,13.2,0.022,0.326,177,-9999,-9999,-18.0988,-86.98,-12.19,0.097,0.029,
4/15/2006 13:45,EFJ2/VGS1trib,JEMEZ_S57,GRAB,Grab,Surface water,6.5,6.2,14,-9999,44.9,-0.48,4.145,11.43183,0.91315,0.1242,1.4973,0.065,0.08,0.125,5.4297,0.11,5.38,1.198,3.4377,3.4694,0.0286,9.9261,0.002,0.3938,0.5366,0.0267,0.132,875,10200,71.2,20.1,1.3,0.357,7.63,440,0.142,1.18,0.593,4.1,0.7,0.176,877,0.273,0.0095,0.0139,0.0459,0.12,27.2,743,1920,197,805,173,25.7,180,27.2,152,31.3,92.9,13.3,84,13.2,0.0224,0.304,185,-9999,-9999,-9999,-84.03,-11.79,0.069,0.033,
4/15/2006 13:30,EFJ3/VGS2,JEMEZ_S58,GRAB,Grab,Surface water,6.7,6.5,13.8,-9999,47.5,0.37,5.388,16.56696,1.32374,0.1647,2.3044,0.065,0.08,0.125,4.5176,0.11,5.6745,1.3657,4.7546,3.4753,0.0303,11.4025,0.002,0.4895,0.8486,0.0267,0.177,1480,11000,65.5,32.5,1.93,0.747,8.38,723,0.204,1.54,1.02,5.18,0.929,0.256,810,0.57,0.0313,0.0367,0.0861,0.125,27.6,593,1460,165,675,157,23,154,24.1,146,28.5,87.4,12.3,83.6,13.5,0.0401,0.396,196,-9999,-9999,-9999,-85.85,-12.09,0.106,0.044,
4/15/2006 14:00,EFJ4/VGS3,JEMEZ_S59,GRAB,Grab,Surface water,6.6,6.5,14.3,-9999,45.6,0.38,5.829,14.73607,1.27923,0.2152,2.8273,0.065,0.08,0.125,3.7807,0.11,5.9239,1.4234,5.5779,3.4625,0.0321,10.8158,0.002,0.3498,0.4756,0.0271,0.182,1200,11400,72.3,23.9,1.9,0.632,7.31,576,0.212,1.55,1.78,4.36,0.985,0.259,856,0.696,0.028,0.0416,0.0657,0.128,27.7,606,1430,165,670,153,23.9,158,24.6,150,30.1,91.7,12.7,88.6,13.6,0.0383,0.378,190,-9999,-9999,-9999,-86.31,-12.1,0.035,0.023,
4/15/2006 15:15,EFJ5/VGS4,JEMEZ_S60,GRAB,Grab,Surface water,6.4,6.5,14.1,-9999,33.9,0.38,7.529,14.18593,1.10583,0.2857,4.0383,0.065,0.08,0.125,2.6944,0.11,6.3143,1.7401,7.5051,3.1095,0.0349,10.6982,0.002,0.3317,0.4548,0.0273,0.104,1380,11300,88.4,29.6,2.3,0.773,4.01,620,0.176,1.46,0.575,4.65,1.17,0.237,594,0.916,0.0156,0.0219,0.0491,0.105,28.1,476,1050,126,492,111,18.6,111,17.2,103,20.8,62.8,9.32,60.6,9.65,0.0207,0.316,156,-9999,-9999,-9999,-85.43,-11.99,0.106,0.044,
4/15/2006 14:45,EFJ6/VGS5Jar,JEMEZ_S61,GRAB,Grab,Surface water,6.6,6.5,15.5,-9999,52.7,0.23,4.053,14.53834,1.22235,0.1815,1.1343,0.065,0.08,0.125,4.5072,0.11,5.2386,1.0212,3.4492,3.5691,0.028,11.0451,0.002,0.3816,0.5261,0.026,0.21,896,11600,50.2,15.6,1.57,0.392,5.85,423,0.163,1.57,0.712,3.91,0.767,0.256,1320,0.456,0.0203,0.0286,0.0443,0.12,26.2,986,2390,274,1100,248,35.6,265,40,231,47.6,145,20.7,131,20.9,0.0296,0.417,236,-9999,-9999,-9999,-88.92,-12.41,0.065,0.016,
4/16/2006 14:50,EFJ7/VGS6,JEMEZ_S62,GRAB,Grab,Surface water,6.6,6.6,15.3,-9999,49.2,0.4,4.344,14.50845,1.02913,0.214,1.3744,0.065,0.08,0.0405,4.0502,0.11,5.3049,1.0777,3.7212,3.5553,0.0291,11.4551,0.002,0.4134,0.6539,0.0252,0.204,743,11500,54.9,12.3,1.5,0.431,5.52,392,0.172,1.56,0.308,3.71,0.782,0.255,1240,0.474,0.0118,0.0188,0.0307,0.0994,26.3,888,2180,249,1030,232,32.9,238,37.6,220,44.7,131,19.5,122,19.4,0.0186,0.375,206,-9999,-9999,-9999,-88.3,-12.44,0.039,0.02,
4/26/2006 9:00,FLUME_UR,JEMEZ_S63,GRAB,Grab,Surface water,7.1,6.4,2.3,-9999,70,0.24,3.158,6.439,0.37,0.0965,4.805,0.065,0.08,0.125,12.4942,0.11,8.1722,0.8251,4.8703,2.1749,0.0423,14.6204,0.0151,0.1084,0.1938,0.0149,0.106,198,15000,29.3,3.67,0.622,0.133,9.89,94,0.0976,0.597,1.57,2.32,0.407,0.1,466,0.284,0.0168,0.0043,0.0048,0.0435,14.2,362,924,103,420,90.6,10.1,92.5,14.2,82.3,16.6,50.9,7.36,46,7.23,0.0031,0.0922,63.5,-9999,-9999,-13.4698,-86.81,-12.56,0.034,0.021,
4/26/2006 9:45,FLUME_LR,JEMEZ_S64,GRAB,Grab,Surface water,7.5,6.8,2.9,-9999,71,0.36,4.143,6.255,0.285,0.0768,2.8881,0.0202,0.08,0.1236,9.8946,0.11,7.511,0.9054,5.3064,2.3439,0.0384,14.8388,0.0134,0.1464,0.2612,0.0197,0.094,209,15500,37.9,2.5,0.677,0.116,4.81,118,0.108,0.636,2.61,3.13,0.675,0.115,601,0.439,0.0022,0.0068,0.0011,0.0594,19.7,432,1320,128,544,123,14.1,119,18.5,106,22.2,66.6,9.59,64.4,10.4,0.0037,0.176,80.2,-9999,-9999,-9.8829,-87.01,-12.53,0.029,0,
4/26/2006 10:30,FLUME_RM,JEMEZ_S65,GRAB,Grab,Surface water,7.4,6.7,6.7,-9999,70.6,0.35,4.951,1.221,0.177,0.1803,0.7302,0.065,0.08,0.2418,4.0678,0.11,5.4787,0.513,5.1492,0.9813,0.0202,14.5396,0.002,0.0233,0.0483,0.002,0.037,58.5,15400,296,1.53,0.509,0.0891,0.502,26.3,0.0372,0.158,1.56,1.07,2.11,0.0972,90.6,0.902,0.0004,0.0044,0.0015,0.0681,3.24,91.7,231,20.9,78.5,16.6,0.305,16.1,2.64,15.3,3.03,8.86,1.27,8.61,1.15,0.001,0.0262,8.84,-9999,-9999,-9999,-80.86,-11.76,0.031,0.216,
4/25/2006 10:15,FLUME_UJ,JEMEZ_S66,GRAB,Grab,Surface water,7.4,6.4,3.3,-9999,68.8,0.09,2.822,6.781,0.366,0.0734,1.9084,0.065,0.08,0.125,4.5342,0.5307,5.1488,0.7661,2.5619,1.4596,0.0218,12.6086,0.002,0.1229,0.1725,0.0116,0.0948,144,13000,17.6,2.24,0.42,0.103,2.7,90.2,0.0793,0.465,0.672,1.29,0.301,0.122,689,0.176,0.0017,0.005,0.0002,0.0302,11.1,366,852,102,441,111,12.1,110,18.3,109,24,72.5,10.5,71.9,11.9,0.0025,0.103,77.9,-9999,-9999,-18.7601,-87.43,-12.68,0.021,0.013,
4/25/2006 11:00,FLUME_LJ,JEMEZ_S67,GRAB,Grab,Surface water,7.1,6.7,5.2,-9999,64.4,0.11,3.126,10.35,0.475,0.0848,2.0824,0.065,0.08,0.125,4.7844,0.11,5.5016,0.9112,3.0639,1.8693,0.0319,12.5367,0.002,0.2234,0.354,0.021,0.105,383,12700,15,8.37,0.8,0.212,6.46,199,0.132,1.06,1.65,2.65,0.444,0.143,839,0.247,0.0415,0.0045,0.0105,0.06,20.3,531,1200,157,650,148,20.5,146,23.3,140,30,90.6,12.7,87.7,14.7,0.0048,0.145,95.2,-9999,-9999,-19.8722,-86.5,-12.36,0.022,0.005,small amount still going around flume
4/25/2006 11:30,FLUME_HG,JEMEZ_S68,GRAB,Grab,Surface water,7.4,6.4,6.3,-9999,69.4,0.14,2.158,3.474,0.063,0.0496,2.1907,0.065,0.08,0.5122,5.5798,0.11,3.8004,0.6723,2.6141,1.2757,0.016,11.2079,0.002,0.1041,0.2432,0.002,0.0466,94.9,11500,13.4,1.61,0.23,0.0601,1.62,44.3,0.0532,0.202,1.18,0.865,0.173,0.103,487,0.155,0.0018,0.0018,0.0015,0.0244,5.74,279,618,76.8,341,74.3,5.34,78.3,12.5,71.4,15.8,47.4,6.37,41.5,6.64,0.0012,0.0685,34.6,-9999,-9999,-19.221,-86.17,-12.49,0.028,0.01,
4/25/2006 12:00,FLUME_LLJ,JEMEZ_S69,GRAB,Grab,Surface water,7.4,6.6,8,-9999,69.3,0.05,2.741,3.406,0.349,0.062,1.3149,0.065,0.08,0.125,4.4863,0.11,4.5598,0.5176,2.3061,0.9531,0.0177,10.0893,0.002,0.0557,0.1094,0.002,0.0787,119,10500,31.6,2.91,0.355,0.0877,1.5,44.6,0.0578,0.224,4.11,1.34,0.309,0.0818,269,0.152,0.0019,0.0036,0.003,0.0274,5.43,157,462,41.4,184,37.5,0.998,42.7,7.06,42.1,8.81,27.6,3.69,24.4,3.55,0.0014,0.0601,30.8,-9999,-9999,-16.7863,-88.2,-12.68,0.023,0.022,
4/25/2006 12:45,VGJJ7,JEMEZ_S70,GRAB,Grab,Surface water,6.8,6.6,10.1,-9999,68.7,0.45,4.565,9.301,0.486,0.2475,7.5446,0.065,0.08,0.125,4.4271,0.11,6.5618,1.4016,6.4719,2.0782,0.0366,15.0476,0.002,0.2471,0.339,0.0258,0.132,647,15700,20.9,12.6,1.15,0.273,9.62,271,0.15,1.08,6.16,4.96,0.712,0.183,729,0.509,0.0052,0.0286,0.0229,0.0702,24.9,509,1180,136,567,124,17.1,133,20.4,122,24.7,76.1,11.2,73.8,12.1,0.0058,0.246,134,-9999,-9999,-9999,-83.14,-11.83,0.042,0.013,
4/25/2006 15:00,VGJJ9,JEMEZ_S71,GRAB,Grab,Surface water,7.1,6.7,13.8,-9999,68.4,0.47,4.691,9.823,0.459,0.2627,5.9399,0.065,0.08,0.0128,4.5191,0.11,6.4914,1.3952,6.4137,2.0025,0.0359,15.1912,0.002,0.1608,0.2139,0.0237,0.112,375,16100,28.6,6.76,1.05,0.244,7.72,186,0.13,1.02,3.28,2.75,0.717,0.157,682,0.575,0.0133,0.0072,0.011,0.0682,23.9,471,1040,130,537,122,16.7,120,19.3,115,23.9,69.9,10.4,69.2,11.1,0.0049,0.179,99.9,-9999,-9999,-15.8044,-82.9,-11.81,0.05,0.014,
4/25/2006 13:30,EFJ2/VGS1trib,JEMEZ_S72,GRAB,Grab,Surface water,7,6.6,12.6,-9999,62.1,0.23,3.562,11.48,0.535,0.112,2.5595,0.065,0.08,0.125,5.8112,0.11,5.6246,1.155,3.8261,2.0413,0.0293,12.7577,0.002,0.5188,0.9751,0.0227,0.118,790,11500,30,16.8,1.09,0.293,7.86,330,0.132,1.01,1.58,3.34,0.603,0.158,730,0.209,0.0057,0.0066,0.0306,0.0601,20.9,583,1440,152,635,141,18.3,140,22.2,126,25.7,74.5,10.5,68.7,11.1,0.0065,0.267,183,-9999,-9999,-9999,-81.22,-11.3,0.043,0.008,
4/25/2006 13:30,EFJ3/VGS2,JEMEZ_S73,GRAB,Grab,Surface water,7.2,6.7,11.7,-9999,64.8,0.32,4.157,10.5,0.522,0.1537,3.5272,0.065,0.08,0.0219,5.1665,0.11,5.7577,1.1857,4.4364,1.9354,0.03,12.9904,0.002,0.3671,0.6506,0.0213,0.12,515,12600,27,9.85,0.961,0.233,7.14,242,0.125,1.05,4.33,2.75,0.608,0.16,701,0.293,0.0042,0.0066,0.0211,0.0589,21.1,521,1250,139,567,129,17.6,129,20.2,119,25,74.5,10.3,67.5,10.9,0.0053,0.216,127,-9999,-9999,-9999,-82.28,-11.66,0.023,0.013,
4/25/2006 13:30,EFJ4/VGS3,JEMEZ_S74,GRAB,Grab,Surface water,7.2,6.6,11.3,-9999,65.2,0.44,5.527,9.748,0.543,0.3192,5.9029,0.065,0.08,0.0343,4.2676,0.11,6.7401,1.4766,6.8615,1.9647,0.038,16.4647,0.002,0.253,0.3677,0.0254,0.124,297,17400,29.6,2.89,1.01,0.225,8.25,202,0.139,1.14,2.4,2.93,0.685,0.22,698,0.654,0.0061,0.0096,0.0044,0.0658,25,440,1060,125,522,122,16.9,122,19.2,112,24.2,75.3,10.4,71.8,11.3,0.0048,0.219,103,-9999,-9999,-9999,-83.39,-11.99,0.022,0.019,
4/25/2006 14:00,EFJ5/VGS4,JEMEZ_S75,GRAB,Grab,Surface water,7,6.7,11.8,-9999,55.7,0.76,7.803,7.404,0.368,0.477,10.8439,0.065,0.08,0.0111,2.9237,0.0068,7.9963,2.1861,11.6925,1.8147,0.0473,20.8689,0.002,0.2542,0.4545,0.0313,0.0868,873,22000,31,17,1.62,0.394,6.57,272,0.135,0.967,1.63,3.43,0.917,0.105,419,1.12,0.209,0.008,0.0274,0.0734,30.6,310,552,76.6,312,67.2,11.5,67.3,11.4,67.3,13.8,42.7,6.23,41.1,6.61,0.0049,0.204,108,-9999,-9999,-9999,-81.37,-11.55,0.018,0.019,
4/25/2006 14:00,EFJ6/VGS5Jar,JEMEZ_S76,GRAB,Grab,Surface water,7.2,6.7,12.2,-9999,72.4,0.38,3.694,10.6,0.432,0.1911,1.8092,0.065,0.08,0.125,4.8698,0.11,5.7073,0.9701,3.7301,1.9562,0.0304,14.0558,0.002,0.2432,0.3141,0.0206,0.142,559,14900,24.4,10.4,1.11,0.245,9.11,257,0.151,1.17,2.25,3.07,0.631,0.158,849,0.431,0.0061,0.0073,0.0198,0.0664,21,524,1330,158,676,153,20.4,155,24.1,146,30.3,90.6,13.7,91.6,14.7,0.0072,0.256,143,-9999,-9999,-9999,-85.61,-12.05,0.038,0.014,
4/25/2006 14:00,EFJ7/VGS6,JEMEZ_S77,GRAB,Grab,Surface water,7.1,6.6,11.9,-9999,62.7,0.4,4.511,9.789,0.478,0.249,4.283,0.065,0.08,0.125,4.2901,0.11,6.4534,1.3897,6.5492,1.9023,0.0361,16.2112,0.002,0.2423,0.3473,0.0248,0.116,428,17300,27.3,6.58,1.12,0.247,7.41,217,0.135,1.03,4.07,1.98,0.7,0.182,679,0.653,0.0035,0.0077,0.0115,0.0621,24.3,426,1030,121,515,118,16.8,119,18.9,114,23.9,72.2,10.7,72.5,11.2,0.0052,0.209,118,-9999,-9999,-9999,-84.46,-11.89,0.032,0.011,
5/16/2006 15:30,FLUME_UR,JEMEZ_S78,GRAB,Grab,Surface water,7.4,6.9,13.2,-9999,71.3,0.09,3.93,4.354,0.216,0.1216,3.3773,0.065,0.08,0.125,10.413,0.2011,8.1944,0.7508,5.1644,2.175,0.0435,13.7656,0.0239,0.0729,0.115,0.0145,0.106,128,14800,47.1,1.3,0.724,0.115,2.54,69.6,0.0909,0.482,0.828,1.21,0.576,0.0374,215,0.365,0.0052,0.0226,0.0252,0.115,14.9,195,412,45.7,188,37,6.67,38.9,5.93,32.8,7.05,20.3,2.71,20.3,2.92,0.0394,0.0535,22.4,-9999,-9999,-6.1056,-83.64,-12.02,0.019,0.037,
5/16/2006 16:00,FLUME_LR,JEMEZ_S79,GRAB,Grab,Surface water,7.5,7.6,15.9,-9999,72.3,0.44,4.067,4.281,0.23,0.1157,2.4561,0.065,0.08,0.125,7.484,0.2059,7.4315,0.8239,5.4385,2.2631,0.0375,13.8425,0.0168,0.1044,0.1905,0.0168,0.0651,119,14600,61.1,0.996,0.823,0.0888,2,76.1,0.0903,0.431,0.965,1.55,0.966,0.128,276,0.553,0.0047,0.0243,0.0232,0.116,18.6,253,679,65.5,269,52.8,8.6,54.5,8.56,48.9,9.87,28.2,4.27,27.4,4.61,0.0327,0.0906,27.5,-9999,-9999,-4.3722,-84.24,-11.93,0.012,0.05,
5/16/2006 16:45,FLUME_RM,JEMEZ_S80,GRAB,Grab,Surface water,7.4,6.8,20.2,-9999,73.9,-0.18,4.794,1.859,0.172,0.2083,0.7853,0.065,0.08,0.125,2.7053,0.8318,6.349,0.5606,5.5743,1.2014,0.0249,14.2227,0.002,0.0427,0.0828,0.002,0.073,43.1,15200,373,0.854,0.761,0.0937,0.546,25.2,0.058,0.215,0.696,1.01,3,0.139,96.1,1.04,0.0021,0.0238,0.0161,0.123,4.37,94.8,220,19.7,75.5,16.3,2.3,16,2.43,14.6,2.94,8.94,1.16,8.54,1.45,0.0237,0.0441,6,-9999,-9999,-9999,-79.03,-11.4,0.009,0.286,
5/16/2006 15:00,FLUME_UJ,JEMEZ_S81,GRAB,Grab,Surface water,7.4,7.4,13.4,-9999,73,0.09,3.633,4.682,0.215,0.1033,0.7366,0.065,0.08,0.0404,3.3307,0.1558,4.8406,0.664,2.6144,1.282,0.0194,12.5414,0.002,0.0959,0.1572,0.0082,0.0896,120,13200,17.7,0.793,0.487,0.12,2.05,77.3,0.0853,0.415,0.957,1.17,0.388,0.187,476,0.267,0,0.0196,0.0158,0.07,8.75,293,738,74.1,319,73,10.4,79.4,12.3,71.7,16,48.2,7.24,46.7,7.81,0.0192,0.0819,43.1,-9999,-9999,-16.4957,-86.6,-12.44,0.014,0.016,
5/16/2006 14:30,FLUME_LJ,JEMEZ_S82,GRAB,Grab,Surface water,7.1,7.3,13.4,-9999,91.9,0.16,5.412,7.217,0.334,0.0798,0.6511,0.065,0.08,0.0345,3.2309,0.0343,5.9913,0.8913,3.1748,1.6238,0.032,12.5197,0.002,0.1617,0.184,0.018,0.102,119,13100,13.6,0.774,0.619,0.129,3.69,131,0.122,0.731,1.4,1.35,0.506,0.147,577,0.299,0.0001,0.0155,0.0056,0.0687,18.1,388,826,105,436,98.7,15.2,101,15.4,93.7,19.6,57.2,8.78,60.6,9.5,0.0136,0.108,60.1,-9999,-9999,-15.2132,-85.3,-12.11,0.015,0.012,
5/16/2006 14:00,FLUME_HG,JEMEZ_S83,GRAB,Grab,Surface water,7.4,7.1,12.2,-9999,73.7,0.14,3.09,2.914,0.248,0.0505,0.9289,0.065,0.08,0.363,4.4125,0.037,3.7438,0.6346,2.7213,1.3335,0.0162,10.0351,0.002,0.0611,0.1255,0.002,0.0343,93.6,10600,6.3,0.606,0.256,0.0586,1.07,47,0.0635,0.185,0.772,0.779,0.208,0.194,342,0.132,0.0001,0.0029,0.0015,0.0301,5.82,210,554,54.2,239,55.9,6.98,55.4,8.63,51.7,10.5,31.7,4.08,30.5,4.94,0.0045,0.0557,15.5,-9999,-9999,-17.7381,-86.71,-12.42,0.011,0.01,
5/16/2006 13:20,FLUME_LLJ,JEMEZ_S84,GRAB,Grab,Surface water,7.4,7,12.2,-9999,71.8,-0.05,4.008,3.334,0.207,0.0572,0.7161,0.065,0.08,0.1824,3.1593,0.0786,4.509,0.5011,2.4465,0.9592,0.0178,9.8178,0.002,0.0628,0.1385,0.002,0.0527,67.4,10200,25,0.717,0.352,0.0725,0.91,34.1,0.064,0.221,2.13,1.17,0.33,0.107,257,0.125,0.0001,0.0209,0.0015,0.0344,5.64,164,474,41.5,180,41.8,5.52,42.5,7.1,39.7,8.24,23.7,3.29,23.3,3.68,0.0026,0.0643,14.9,-9999,-9999,-12.0571,-87.69,-12.63,0.019,0.023,
5/16/2006 10:00,VGJJ7,JEMEZ_S85,GRAB,Grab,Surface water,7.1,7.4,9.2,-9999,71.7,0.3,7.893,7.887,0.4,0.4659,8.3825,0.065,0.08,0.125,2.7485,0.037,7.3862,1.5591,8.1266,1.7826,0.0414,15.8288,0.002,0.229,0.3324,0.0239,0.0968,179,16300,11.4,1.18,0.81,0.197,4.28,191,0.134,0.891,1.53,2.64,0.779,0.166,553,0.66,0.0001,0.0105,0.0015,0.0647,25.3,455,874,115,473,97.3,16.2,101,15.2,88.8,18.2,54.4,8.21,54.2,8.95,0.0062,0.14,72.6,-9999,-9999,-9999,-74.05,-10.56,0.019,0.014,
5/16/2006 10:45,VGJJ9,JEMEZ_S86,GRAB,Grab,Surface water,7.1,7.7,11,-9999,70.3,0.41,8.159,7.763,0.332,0.37,7.156,0.065,0.08,0.125,2.661,0.0349,7.3624,1.5579,8.3511,1.7641,0.04,16.4458,0.002,0.1863,0.2134,0.0224,0.0753,195,17700,15.2,1.21,0.812,0.211,3.22,167,0.122,0.816,1.32,2,0.807,0.199,489,0.755,0.0001,0.0077,0.0015,0.0575,24.1,386,730,97.6,403,84.9,15.1,89.1,13.7,80.4,16.2,49.7,7.56,50.8,8.01,0.005,0.119,68.8,-9999,-9999,-12.8887,-80.91,-11.48,0.021,0.014,
5/16/2006 11:30,EFJ2/VGS1trib,JEMEZ_S87,GRAB,Grab,Surface water,6.6,7.2,12.6,-9999,62.9,0.21,6.453,12.44,0.54,0.1288,1.2296,0.065,0.08,0.0385,3.817,0.0493,6.396,1.1235,4.2342,1.6373,0.0315,10.4191,0.002,0.3276,0.4554,0.0172,0.0961,206,10400,27.5,3.23,0.632,0.2,2.5,249,0.123,0.982,1.28,2.3,0.674,0.217,641,0.181,0.0001,0.0075,0.0015,0.0534,18.7,579,992,140,564,119,18,122,17.9,106,21.9,63.3,9.15,64.3,10.5,0.0032,0.112,73.5,-9999,-9999,-9999,-78.77,-11.04,0.018,0.014,
5/16/2006 11:30,EFJ3/VGS2,JEMEZ_S88,GRAB,Grab,Surface water,7,7.1,12.2,-9999,70.8,0.25,7.715,8.561,0.398,0.3094,5.3085,0.065,0.08,0.125,2.9676,0.0296,7.0256,1.4151,7.0899,1.63,0.037,15.0442,0.002,0.1987,0.2291,0.0204,0.0875,177,16000,20.4,1.22,0.741,0.188,3.96,179,0.121,0.831,2.02,1.58,0.749,0.231,504,0.595,0.0001,0.0077,0.0015,0.0505,22,391,735,101,425,90.1,13.8,91.2,14.1,83.5,17.2,50.7,7.44,50.9,8.59,0.0039,0.125,70.2,-9999,-9999,-9999,-80.08,-11.28,0.008,-0.006,
5/16/2006 11:30,EFJ4/VGS3,JEMEZ_S89,GRAB,Grab,Surface water,7.2,7.7,12.2,-9999,73.8,0.33,8.382,6.438,0.325,0.4341,7.4843,0.065,0.08,0.0939,2.5228,0.0296,7.3504,1.5889,8.744,1.6262,0.0404,18.2311,0.002,0.1734,0.221,0.0222,0.071,172,19200,15.7,0.94,0.813,0.194,4.94,147,0.126,0.703,3.75,1.41,0.759,0.249,440,0.866,0.0001,0.0058,0.0015,0.0512,23.8,342,670,88.5,366,76.8,13,80.7,12.4,72.9,14.5,44.8,6.35,45.2,7.2,0.0037,0.12,67.4,-9999,-9999,-9999,-81.97,-11.72,0.014,-0.006,
5/16/2006 12:15,EFJ5/VGS4,JEMEZ_S90,GRAB,Grab,Surface water,7.1,7.6,12.7,-9999,76.6,0.33,5.1998,5.252,0.299,0.6305,15.5473,0.065,0.08,0.125,1.669,0.0128,8.2811,2.2464,13.9297,1.5677,0.0482,22.656,0.002,0.1626,0.2756,0.0283,0.054,661,25800,5.48,11.7,1.23,0.428,1.9,266,0.108,0.799,0.721,1.71,0.954,0.229,238,1.61,0.0001,0.0047,0.011,0.0744,28.9,224,415,54.2,209,43.1,9.5,41.9,6.3,38.8,7.91,24.8,3.97,26.4,4.53,0.0035,0.0891,62.6,-9999,-9999,-9999,-80.33,-11.34,0.01,0.01,
5/16/2006 12:15,EFJ6/VGS5Jar,JEMEZ_S91,GRAB,Grab,Surface water,7.4,7.1,13.4,-9999,78.3,0.22,3.502,7.07,0.304,0.2824,1.2318,0.065,0.08,0.0124,3.0911,0.0102,6.1445,0.9426,4.4433,1.5248,0.0308,14.9246,0.002,0.1637,0.1807,0.0169,0.0871,144,15900,17.4,0.871,0.743,0.139,3.59,149,0.11,0.762,2.15,1.27,0.661,0.225,511,0.572,0.0001,0.0054,0.0015,0.0534,17.4,355,719,91.4,377,81.2,12.4,85.3,13.8,82,16.9,49.2,7.02,49,7.83,0.0046,0.101,66.9,-9999,-9999,-9999,-84.89,-12.03,0.021,0.014,
5/16/2006 12:15,EFJ7/VGS6,JEMEZ_S92,GRAB,Grab,Surface water,7.3,7.2,13,-9999,76.8,0.31,4.611,6.242,0.293,0.4439,8.0362,0.065,0.08,0.125,2.33,0.0219,7.1628,1.638,9.3217,1.5811,0.0391,19.9353,0.002,0.2582,0.5176,0.0218,0.0612,621,21800,7.16,11.8,1.1,0.371,4.12,279,0.117,0.668,2.55,1.75,0.856,0.219,332,1.28,0.0001,0.0051,0.0167,0.0862,22.8,306,648,76.1,306,62.3,10.7,59.1,9.59,56.7,11.5,35.2,5.35,38.3,5.79,0.0031,0.116,61.8,-9999,-9999,-9999,-82.15,-11.69,0.027,0.012,
6/15/2006 9:45,FLUME_UR,JEMEZ_S93,GRAB,Grab,Surface water,7.1,7.4,9.4,-9999,73.3,0.43,5.738,2.04,0.116,0.0918,1.1185,0.065,0.08,0.125,5.5215,0.1365,7.7199,0.6174,4.2052,0.7799,0.0351,12.4333,0.0245,0.0471,0.071,0.0083,0.053,70.6,13400,44.2,1.32,0.477,0.0592,1.79,46.7,0.0606,0.264,0.209,1.19,0.426,-9999,81,0.272,0.0199,0.0039,0.0015,0.0119,9.25,71,147,16.6,65.8,14.1,2.12,14.3,2.09,12.4,2.42,7.73,0.868,7.17,1.18,0.0011,0.0114,6.36,-9999,-9999,-3.1899,-83.31,-12.18,0.002,0.048,
6/15/2006 9:00,FLUME_LR,JEMEZ_S94,GRAB,Grab,Surface water,7.3,7.4,9,-9999,76.3,0.44,6.047,1.746,0.124,0.0959,1.1097,0.065,0.08,0.0414,3.8317,0.5178,7.8449,0.7737,4.4855,0.9275,0.0337,11.6604,0.0211,0.0398,0.0612,0.0115,0.0317,65.4,12500,67.1,1.29,0.484,0.0557,1.02,42.4,0.0608,0.238,0.18,2.03,0.785,0.078,67.1,0.408,0.0001,0.0043,0.0015,0.0216,12.1,67.5,137,15.9,58.1,11.9,2.57,13.1,1.75,11.5,2.08,6.58,0.858,6.97,0.886,0.0004,0.0156,7.43,-9999,-9999,-2.2681,-82.23,-11.89,0.007,0.076,
6/15/2006 8:45,FLUME_RM,JEMEZ_S95,GRAB,Grab,Surface water,7.1,7.4,10.1,-9999,73.9,0.36,5.903,0.696,0.038,0.1903,0.8345,0.065,0.08,0.125,2.9812,0.6016,6.045,0.5479,5.1068,0.674,0.0223,15.5199,0.0143,0.0127,0.041,0.002,0.0205,59.5,16700,244,1.35,0.381,0.0571,0.293,23.6,0.0431,0.15,0.111,2.12,2.17,0.097,59.7,0.748,0.0046,0.0034,0.0015,0.0542,3.93,78.5,159,16,54.9,10.8,1.02,10.5,1.84,10.1,1.72,6.12,0.663,5.07,0.764,0.234,0.0135,1.63,-9999,-9999,-9999,-81.01,-11.74,0.012,0.235,
6/14/2006 14:45,FLUME_UJ,JEMEZ_S96,GRAB,Grab,Surface water,7.2,7.5,15.7,-9999,75.6,0.34,4.822,3.24,0.167,0.0707,0.4994,0.065,0.08,0.1477,3.2388,0.1471,5.9437,0.7795,3.0411,1.2094,0.0228,14.0852,0.013,0.0892,0.1512,0.0079,0.0661,229,15400,34,3.29,0.493,0.104,2.21,108,0.0703,0.319,0.296,2.74,0.403,0.169,299,0.283,0.0001,0.0042,0.0015,0.0079,8.48,239,605,57.8,221,43.2,5.65,50.9,7.62,46.7,9.26,29.1,4.33,28.6,4.79,0.234,0.0632,35.9,-9999,-9999,-12.5481,-86.97,-12.37,0.007,0.04,
6/14/2006 13:45,FLUME_LJ,JEMEZ_S97,GRAB,Grab,Surface water,7.8,7.5,16.7,-9999,91.9,0.35,5.876,3.271,0.169,0.1037,0.4724,0.065,0.08,0.0188,2.5386,0.089,6.6855,0.934,3.5021,1.1792,0.0332,12.0537,0.002,0.1211,0.1382,0.013,0.0337,119,12800,18.7,2.57,0.614,0.0846,3.96,114,0.0983,0.397,0.349,1.95,0.586,0.119,190,0.449,0.0136,0.0052,0.0015,0.0123,13.6,155,322,33.6,131,30.9,4.29,30.9,4.84,29.7,6.19,17.1,2.62,18.2,2.88,0.0003,0.0494,52.5,-9999,-9999,-10.6043,-84.63,-12.04,0.005,0.02,
6/14/2006 13:00,FLUME_HG,JEMEZ_S98,GRAB,Grab,Surface water,7.1,7.3,15,-9999,74.1,0.25,3.954,2.846,0.145,0.0746,0.3632,0.065,0.08,0.125,3.9239,0.0665,4.5195,0.7738,2.8596,0.995,0.0208,11.3968,0.002,0.1981,0.4374,0.002,0.0594,340,11800,22.2,4.69,0.39,0.143,2.06,151,0.0649,0.27,0.303,2.14,0.243,0.12,361,0.122,0.01,0.0095,0.0068,0.0565,6.95,328,767,70.9,283,62,6,59.8,9.01,53.7,11.5,33.6,4.48,31.7,5.09,0.0125,0.0686,19.5,-9999,-9999,-16.3654,-86.53,-12.28,0.004,0.024,
6/14/2006 12:30,FLUME_LLJ,JEMEZ_S99,GRAB,Grab,Surface water,7.2,-9999,13.3,-9999,74.5,-9999,4.271,1.827,0.088,-9999,-9999,-9999,-9999,-9999,-9999,-9999,4.7557,0.5139,2.6209,0.6223,0.0191,10.1209,0.002,0.0638,0.1582,0.002,0.0326,131,10700,23.6,2.29,0.387,0.0816,0.854,56.3,0.0465,0.166,0.169,1.58,0.318,0.126,133,0.12,0.0121,0.0052,0.0015,0.0281,5.4,122,338,27.7,114,22.8,3.18,22.8,3.34,22.4,4.55,13.7,1.86,12.7,2.21,0.0029,0.0227,7.47,-9999,-9999,-9999,-9999,-9999,0.016,0.029,
6/14/2006 9:30,VGJJ7,JEMEZ_S100,GRAB,Grab,Surface water,7.8,7.8,11.5,-9999,78.5,0.65,7.874,2.901,0.169,0.6214,1.3688,0.065,0.08,0.2475,1.8021,0.0233,5.6951,1.0313,8.0234,1.0463,0.0244,20.2789,0.0099,0.0795,0.0849,0.0087,0.0333,117,21800,12.3,2.67,1.45,0.156,3.86,90.1,0.135,0.359,0.639,2.19,1.17,0.124,177,1.39,2.99,0.0107,0.0015,0.0663,9.52,161,336,35.7,145,32,4.57,29.7,4.47,28.1,6.04,16.4,2.47,15.8,2.39,0.0065,0.0676,112,-9999,-9999,-9999,-81.09,-11.15,0.032,0.014,Upstream disturbance by others putting in wells at Exclosures. Water visibly murkier than at Sonde site.
6/14/2006 10:15,VGJJ9,JEMEZ_S101,GRAB,Grab,Surface water,7.6,7.6,12,-9999,82.1,0.6,9.51,2.645,0.139,0.6885,1.1626,0.065,0.08,0.0186,1.573,0.0272,6.3234,1.1605,8.9487,1.0633,0.0266,21.5505,0.002,0.089,0.0743,0.002,0.0212,112,23100,13.3,2.62,1.31,0.183,7.5,101,0.14,0.314,0.772,1,1.24,0.176,187,1.66,0.648,0.0045,0.0015,0.0606,7.03,176,357,40.4,156,32.7,4.56,32.6,5.07,30.6,6.39,17.9,2.23,17.8,2.62,0.0015,0.0844,75.7,-9999,-9999,-12.027,-81.31,-11.18,0.024,0.016,
6/14/2006 10:45,EFJ2/VGS1trib,JEMEZ_S102,GRAB,Grab,Surface water,7.3,7.3,12.7,-9999,75.2,0.38,5.978,5.775,0.285,0.1096,0.3615,0.065,0.08,0.0402,2.64,0.0629,6.3601,1.01,3.3948,0.8134,0.0302,6.7232,0.002,0.2114,0.0973,0.0108,0.0356,123,7170,28.3,3.57,0.624,0.0901,5.44,242,0.177,0.62,4.25,7.47,0.941,0.17,258,0.262,0.052,0.0076,0.0015,0.0409,11.6,264,507,59.3,245,49.6,8.12,50.5,7.42,41.3,8.22,23,3.25,22.3,3.36,0.234,0.134,40.9,-9999,-9999,-9999,-76.64,-9.88,0.011,0.032,
6/14/2006 10:45,EFJ3/VGS2,JEMEZ_S103,GRAB,Grab,Surface water,7.9,-9999,13.3,-9999,94.6,-9999,-9999,-9999,-9999,-9999,-9999,-9999,-9999,-9999,-9999,-9999,6.4505,1.178,8.6431,1.1022,0.0271,21.264,0.002,0.0983,0.0799,0.002,0.0249,105,22700,12.8,2.48,1.05,0.156,8.44,104,0.127,0.304,0.943,1.3,1.11,0.143,138,1.43,0.985,0.004,0.0015,0.0384,6.34,144,279,31.5,126,27.3,3.46,25.3,3.72,22.6,4.43,14.1,1.85,12.6,2.07,0.234,0.058,85.9,-9999,-9999,-9999,-9999,-9999,0.004,0.013,
6/14/2006 10:45,EFJ4/VGS3,JEMEZ_S104,GRAB,Grab,Surface water,8.1,8.2,13.6,-9999,97.7,0.75,9.987,2.021,0.118,0.6806,1.2477,0.065,0.08,0.0135,1.5308,0.0268,6.3223,1.1779,9.2498,1.1011,0.0251,23.2046,0.002,0.0762,0.0752,0.002,0.0247,93.2,25000,9.26,2.11,1.14,0.172,8.44,82.2,0.106,0.298,0.788,0.811,1.09,0.172,161,1.68,0.45,0.0044,0.0015,0.0399,5.35,155,315,35.8,136,26.6,4.38,29.1,4.53,27.8,5.28,15.4,2.11,14.9,2.21,0.234,0.0696,111,-9999,-9999,-9999,-82.49,-11.67,0.02,0.023,
6/14/2006 11:30,EFJ5/VGS4,JEMEZ_S105,GRAB,Grab,Surface water,8,8.2,13.9,-9999,109.4,0.54,10.17,0.818,0.079,0.8423,1.2594,0.065,0.08,0.1797,1.465,0.0207,5.2448,1.1915,10.6512,0.9336,0.0187,26.8568,0.0119,0.0295,0.049,0.002,0.0215,59.3,28600,6.75,1.17,1.39,0.172,4,37.7,0.0664,0.154,0.924,2.3,1.03,0.203,68.1,1.9,0.421,0.0047,0.0015,0.031,7.41,58.8,118,12.6,46.8,9.74,1.71,9.53,1.92,9.87,2.21,6.46,0.967,5.41,0.845,0.234,0.0444,162,-9999,-9999,-9999,-84.12,-12.1,-9999,-9999,
6/15/2006 11:30,EFJ6/VGS5Jar,JEMEZ_S106,GRAB,Grab,Surface water,8.4,8.4,16.3,-9999,110.8,0.58,7.969,3.167,0.141,0.6728,1.0036,0.065,0.08,0.1274,1.9453,0.024,6.89,1.0071,7.3521,1.2748,0.0302,19.8131,0.002,0.1107,0.0791,0.002,0.0307,110,21200,13.7,2.78,1,0.136,9.27,120,0.122,0.405,2.18,2.12,1.09,0.197,207,1.34,0.489,0.0076,0.0015,0.0358,3.32,203,412,48.2,186,39.6,5.27,36.8,5.94,36,6.85,19.3,2.72,18.5,2.68,0.234,0.111,107,-9999,-9999,-9999,-79.98,-10.8,-9999,-9999,
6/14/2006 11:30,EFJ7/VGS6,JEMEZ_S107,GRAB,Grab,Surface water,8.1,8.2,14.1,-9999,107.5,0.63,9.403,1.975,0.134,0.7477,1.204,0.065,0.08,0.0706,1.6334,0.0317,6.1654,1.1124,8.9238,1.1266,0.0247,23.1786,0.002,0.0858,0.083,0.002,0.0258,95.9,24600,10.1,2.19,1.17,0.154,8.22,90.1,0.104,0.245,1.8,0.874,1.06,0.249,131,1.58,0.511,0.0043,0.0015,0.0285,6.28,133,264,31.9,116,24.7,2.92,21.7,3.64,23.5,4.45,12.2,1.64,11.8,1.86,0.234,0.0547,121,-9999,-9999,-9999,-82.54,-11.52,-9999,-9999,
7/1/2010 16:25,FLUME_UR,JEMEZ_S108,GRAB,Grab,Surface water,-9999,7.3,15.1,65.8,BAD READING,0.39,5.747,3.106,0.1365,0.1141,0.6648,0.065,0.08,0.125,5.3259,0.1484,7.7321,0.5934,4.1552,0.7264,0.0364,12.0195,0.002,0.0399,0.0384,0.002,0.0434,37.3,12400,51.7,0.911,0.59,0.0731,3.34,48.9,0.105,0.284,-9999,1.85,0.48,0.109,88.9,0.29,0.0384,0.023,0.0265,0.0798,9.07,75.3,144,16.5,72.8,17.1,1.23,14.7,2.42,13.2,2.78,7.46,1.18,16.9,1.27,0.0174,0.0329,8.718,-9999,-9999,-4.7029,-81.81,-12.11,-9999,-9999,
7/1/2010 17:01,FLUME_LR,JEMEZ_S109,GRAB,Grab,Surface water,-9999,7.3,16,66.2,BAD READING,0.44,6.64,2.413,0.1172,0.1102,1.209,0.065,0.08,0.0131,3.6559,0.2239,7.5,0.7143,4.5095,1.0074,0.0327,11.7014,0.0098,0.0315,0.0352,0.0116,0.0323,36.8,12200,84.1,0.844,0.645,0.0709,2.78,40.3,0.138,0.341,-9999,10.8,0.971,0.0882,87.1,0.513,0.0383,0.353,0.0272,0.0885,13.1,85.8,171,20.4,82.1,19.7,2.23,16.8,2.57,16,3.19,9.85,1.18,13.2,1.14,0.0158,0.134,11.26,-9999,-9999,-5.825,-84.49,-12.14,-9999,-9999,
7/1/2010 16:55,FLUME_RM,JEMEZ_S110,GRAB,Grab,Surface water,-9999,7.2,19.1,55.4,BAD READING,0.38,6.426,1.656,0.06666,0.1985,0.4733,0.065,0.08,0.125,2.7765,0.7686,5.5902,0.5008,5.0585,0.6836,0.0219,15.8716,0.002,0.013,0.0372,0.002,0.0354,32.3,16500,267,0.746,0.597,0.0814,0.659,19.5,0.0779,0.198,-9999,5.63,2.31,0.12,54,0.883,0.0489,0.0553,0.0175,0.105,4.36,58.2,137,12.8,48.6,11.5,0.305,8.75,1.63,9.09,1.78,4.86,0.809,9.54,0.774,0.0127,0.0779,6.2,-9999,-9999,-9999,-79.79,-11.82,-9999,-9999,
7/1/2010 16:25,FLUME_UJ,JEMEZ_S111,GRAB,Grab,Surface water,-9999,7,15.2,53,BAD READING,0.29,7.61,4.965,0.2351,0.0695,0.7497,0.065,0.08,0.1965,2.9685,0.2226,6.1965,0.8151,3.0731,1.5765,0.0249,13.5896,0.0095,0.059,0.0685,0.0098,0.035,74.6,14100,56.6,1.45,0.513,0.111,5.17,70.9,0.14,0.459,-9999,18.2,0.441,0.122,289,0.352,0.038,0.152,0.0193,0.0681,12.2,192,422,47.8,202,47.6,5.585,50,7.47,45,9.64,29.5,4.04,30.9,4.44,0.0086,0.339,30,-9999,-9999,-15.7342,-85.17,-12.2,-9999,-9999,
7/1/2010 15:45,FLUME_LJ,JEMEZ_S112,GRAB,Grab,Surface water,-9999,7.3,20.4,63.2,BAD READING,0.56,11.7,4.513,0.2803,0.1145,0.6825,0.065,0.08,0.125,2.0031,0.0926,7.0223,0.9762,3.8629,1.4089,0.0352,11.9419,0.002,0.2165,0.1019,0.0141,0.0591,143,12500,41.9,3.12,0.918,0.123,16.3,283,0.256,0.545,-9999,10,0.891,0.181,407,0.656,0.0753,0.692,0.0145,0.0658,16.3,324,660,78,337,71.1,9.82,70.7,11.9,68.2,14,39.5,5.58,38.9,5.56,0.0095,0.36,84.5,-9999,-9999,-11.6363,-81.53,-11.66,-9999,-9999,
7/1/2010 16:05,FLUME_HG,JEMEZ_S113,GRAB,Grab,Surface water,-9999,7,16.2,44.5,BAD READING,0.28,8.269,7.202,0.2758,0.0766,0.8689,0.065,0.08,0.0289,2.9433,0.105,5.1258,0.8398,2.7993,1.218,0.0245,9.2244,0.002,0.0991,0.1614,0.008,0.0523,148,9440,46.6,2.66,0.359,0.125,3.56,112,0.163,0.334,-9999,4.93,0.305,0.123,600,0.169,0.0234,0.0333,0.0158,0.0465,8.11,383,664,89.7,410,95.1,9.87,98,14.5,85.8,17.9,53.8,6.77,46.4,7.22,0.01,0.116,22.9,-9999,-9999,-14.3215,-82.92,-11.84,-9999,-9999,
7/1/2010 16:20,FLUME_LLJ,JEMEZ_S114,GRAB,Grab,Surface water,-9999,7,13.2,43.7,BAD READING,0.23,8.21,3.378,0.154,0.0512,0.3341,0.065,0.08,0.125,2.5135,0.1239,5.022,0.5373,2.546,0.7703,0.0205,8.9554,0.002,0.0293,0.0628,0.002,0.0549,74.9,9280,35.7,1.54,0.338,0.0726,1.39,42.5,0.105,0.213,-9999,3.24,0.309,0.0822,206,0.148,0.0265,0.0518,0.0102,0.0421,6.45,134,350,33.5,140,32.3,3.3,36,5.56,32.3,6.52,19,2.51,22.8,2.77,0.0063,0.0565,14.53,-9999,-9999,-11.3157,-87.83,-12.65,-9999,-9999,
6/30/2010 0:00,VGJJ7,JEMEZ_S115,GRAB,Grab,Surface water,9.4,9.2,25.1,69.8,BAD READING,0.53,13.82,3.773,0.207,0.6727,1.1337,0.065,0.08,0.125,1.4801,0.0323,5.4411,0.9934,8.5303,1.123,0.0237,21.5347,0.002,0.2013,0.2631,0.002,0.0458,343,22400,26.7,7.42,1.99,0.316,10.6,259,0.233,0.447,-9999,2.75,1.44,0.242,442,1.66,0.0486,0.0121,0.0279,0.0966,3.68,423,978,98,383,81.3,9.15,83.5,13.4,76.4,14.8,42.8,5.95,40.4,5.62,0.0088,0.344,164,-9999,-9999,-9999,-79.38,-10.84,-9999,-9999,
6/30/2010 0:00,VGJJ9,JEMEZ_S116,GRAB,Grab,Surface water,9.5,9.3,25.6,73.6,BAD READING,0.62,11.3,3.302,0.246,0.784,1.1474,0.065,0.08,0.125,1.2987,0.0245,6.1929,1.129,9.6381,1.0065,0.0237,23.214,0.002,0.1196,0.1334,0.002,0.0197,127,24200,19,3.15,1.62,0.298,5.81,136,0.184,0.31,-9999,1.88,1.36,0.185,238,1.91,0.0059,0.0078,0.0147,0.0745,1.7,223,523,55.8,220,47.9,3.59,46.2,7.2,41.8,8.21,24,3.21,22.6,3.17,0.007,0.126,178,-9999,-9999,-9999,-80.37,-11.1,-9999,-9999,
6/30/2010 0:00,EFJ2/VGS1trib,JEMEZ_S117,GRAB,Grab,Surface water,8.1,7,22,53.2,BAD READING,0.36,10.14,6.955,0.481,0.2114,0.6449,0.065,0.08,0.0106,2.4223,0.0946,6.003,0.9613,3.5447,0.9254,0.0276,6.0879,0.0107,0.3115,0.173,0.0087,0.033,144,6120,63.8,3.99,0.986,0.152,27.9,340,0.447,0.628,-9999,6.21,1.43,0.13,335,0.349,0.0572,0.282,0.0166,0.0767,9.51,418,821,96.3,379,80.5,10.22,72.3,11.1,61.7,11.7,34.4,4.64,35,4.35,0.0097,0.247,55.4,-9999,-9999,-9999,-69.86,-8.78,-9999,-9999,10m north of Jemez & Cerro LaJara confluence
6/30/2010 0:00,EFJ3/VGS2,JEMEZ_S118,GRAB,Grab,Surface water,9.2,9.1,23.8,72.9,BAD READING,0.45,11.14,2.919,0.2403,0.7337,1.5851,0.0148,0.08,0.1216,1.4236,0.047,5.949,1.0801,9.4888,0.9837,0.0234,22.794,0.002,0.1259,0.1036,0.002,0.0153,172,23700,27.3,4.05,1.62,0.23,9.3,186,0.187,0.356,-9999,2.14,1.32,0.224,232,1.63,0.0478,0.0138,0.018,0.0813,3.3,241,533,58.3,243,45.3,4.201,49.9,7.59,40.4,8.53,24.1,3.05,28.2,3.03,0.0103,0.141,174,-9999,-9999,-9999,-79.92,-11.02,-9999,-9999,10m west of Jemez & Cerro LaJara confluence
6/30/2010 0:00,EFJ4/VGS3,JEMEZ_S119,GRAB,Grab,Surface water,9.5,9.3,25.4,70.8,BAD READING,0.73,13.73,2.579,0.1322,0.8152,1.2165,0.065,0.08,0.125,1.2674,0.0315,5.4448,1.0185,9.9826,0.9597,0.0204,25.4163,0.002,0.167,0.2251,0.002,0.0604,235,26600,22.8,4.72,1.72,0.284,8.15,183,0.181,0.381,-9999,2.28,1.29,0.262,279,1.9,0.0631,0.0134,0.0191,0.084,3.06,280,627,65.3,249,56.8,6.17,57.4,8.73,50.1,9.82,27.9,4.16,27.1,3.51,0.0095,0.172,190,-9999,-9999,-9999,-82.34,-11.49,-9999,-9999,10m east of Jemez & Cerro LaJara confluence
6/30/2010 0:00,LaJaraMidWay,JEMEZ_S120,GRAB,Grab,Surface water,7.8,7.1,11.7,-9999,BAD READING,0.18,8.278,-9999,-9999,-9999,-9999,-9999,-9999,-9999,-9999,-9999,4.7523,0.7339,2.8718,1.0384,0.0265,9.4371,0.002,0.0809,0.0991,0.0139,-9999,-9999,-9999,-9999,-9999,-9999,-9999,-9999,-9999,-9999,-9999,-9999,-9999,-9999,-9999,-9999,-9999,-9999,-9999,-9999,-9999,-9999,-9999,-9999,-9999,-9999,-9999,-9999,-9999,-9999,-9999,-9999,-9999,-9999,-9999,-9999,-9999,-9999,-9999,-9999,-9999,-6.7969,-9999,-9999,-9999,-9999,Main stem of La Jara Creek; 1st sign of creek walking downhill from below tributary
6/30/2010 0:00,LaJaraNo2,JEMEZ_S121,GRAB,Grab,Surface water,7,6.9,5.5,-9999,BAD READING,0.25,7.699,-9999,-9999,-9999,-9999,-9999,-9999,-9999,-9999,-9999,5.7392,1.0759,9.5077,1.0263,0.0226,23.2092,0.002,0.1632,0.1987,0.002,-9999,-9999,-9999,-9999,-9999,-9999,-9999,-9999,-9999,-9999,-9999,-9999,-9999,-9999,-9999,-9999,-9999,-9999,-9999,-9999,-9999,-9999,-9999,-9999,-9999,-9999,-9999,-9999,-9999,-9999,-9999,-9999,-9999,-9999,-9999,-9999,-9999,-9999,-9999,-9999,-9999,-12.6783,-9999,-9999,-9999,-9999,Seep on south side of La Jara Creek
6/30/2010 0:00,FLUME_ULJ,JEMEZ_S122,GRAB,Grab,Surface water,7.7,7.3,11.2,-9999,BAD READING,0.23,7.097,-9999,-9999,-9999,-9999,-9999,-9999,-9999,-9999,-9999,5.5541,1.0073,8.1694,1.0762,0.0243,20.4164,0.002,0.1893,0.2763,0.002,-9999,-9999,-9999,-9999,-9999,-9999,-9999,-9999,-9999,-9999,-9999,-9999,-9999,-9999,-9999,-9999,-9999,-9999,-9999,-9999,-9999,-9999,-9999,-9999,-9999,-9999,-9999,-9999,-9999,-9999,-9999,-9999,-9999,-9999,-9999,-9999,-9999,-9999,-9999,-9999,-9999,-8.6505,-9999,-9999,-9999,-9999,La Jara Creek @ Road
6/30/2010 0:00,TopWLJF,JEMEZ_S123,GRAB,Grab,Surface water,8,7.3,10.2,-9999,BAD READING,0.26,7.57,-9999,-9999,-9999,-9999,-9999,-9999,-9999,-9999,-9999,-9999,-9999,-9999,-9999,-9999,-9999,-9999,-9999,-9999,-9999,-9999,-9999,-9999,-9999,-9999,-9999,-9999,-9999,-9999,-9999,-9999,-9999,-9999,-9999,-9999,-9999,-9999,-9999,-9999,-9999,-9999,-9999,-9999,-9999,-9999,-9999,-9999,-9999,-9999,-9999,-9999,-9999,-9999,-9999,-9999,-9999,-9999,-9999,-9999,-9999,-9999,-4.3321,-9999,-9999,-9999,-9999,
6/30/2010 0:00,TopELJFSp,JEMEZ_S124,GRAB,Grab,Surface water,7.4,7.2,11.9,-9999,BAD READING,0.32,10.08,-9999,-9999,-9999,-9999,-9999,-9999,-9999,-9999,-9999,-9999,-9999,-9999,-9999,-9999,-9999,-9999,-9999,-9999,-9999,-9999,-9999,-9999,-9999,-9999,-9999,-9999,-9999,-9999,-9999,-9999,-9999,-9999,-9999,-9999,-9999,-9999,-9999,-9999,-9999,-9999,-9999,-9999,-9999,-9999,-9999,-9999,-9999,-9999,-9999,-9999,-9999,-9999,-9999,-9999,-9999,-9999,-9999,-9999,-9999,-9999,-11.1153,-9999,-9999,-9999,-9999,
6/30/2010 0:00,VGJJ1,JEMEZ_S125,GRAB,Grab,Surface water,7.8,7.2,16.5,-9999,BAD READING,0.28,7.093,-9999,-9999,-9999,-9999,-9999,-9999,-9999,-9999,-9999,-9999,-9999,-9999,-9999,-9999,-9999,-9999,-9999,-9999,-9999,-9999,-9999,-9999,-9999,-9999,-9999,-9999,-9999,-9999,-9999,-9999,-9999,-9999,-9999,-9999,-9999,-9999,-9999,-9999,-9999,-9999,-9999,-9999,-9999,-9999,-9999,-9999,-9999,-9999,-9999,-9999,-9999,-9999,-9999,-9999,-9999,-9999,-9999,-9999,-9999,-9999,-8.8409,-9999,-9999,-9999,-9999,Spring east of Bunkhouse
7/1/2010 18:55,RedondoSp1,JEMEZ_S126,GRAB,Grab,Surface water,-9999,7.2,15.6,-9999,BAD READING,1.24,9.607,-9999,-9999,-9999,-9999,-9999,-9999,-9999,-9999,-9999,-9999,-9999,-9999,-9999,-9999,-9999,-9999,-9999,-9999,-9999,-9999,-9999,-9999,-9999,-9999,-9999,-9999,-9999,-9999,-9999,-9999,-9999,-9999,-9999,-9999,-9999,-9999,-9999,-9999,-9999,-9999,-9999,-9999,-9999,-9999,-9999,-9999,-9999,-9999,-9999,-9999,-9999,-9999,-9999,-9999,-9999,-9999,-9999,-9999,-9999,-9999,-3.3402,-9999,-9999,-9999,-9999,Spring on east side of Redondo Creek - James hiked up about 1/2 way up hill to collect sample
7/1/2010 17:50,MidRedondo,JEMEZ_S127,GRAB,Grab,Surface water,-9999,7.1,15.6,-9999,BAD READING,0.37,10.65,-9999,-9999,-9999,-9999,-9999,-9999,-9999,-9999,-9999,-9999,-9999,-9999,-9999,-9999,-9999,-9999,-9999,-9999,-9999,-9999,-9999,-9999,-9999,-9999,-9999,-9999,-9999,-9999,-9999,-9999,-9999,-9999,-9999,-9999,-9999,-9999,-9999,-9999,-9999,-9999,-9999,-9999,-9999,-9999,-9999,-9999,-9999,-9999,-9999,-9999,-9999,-9999,-9999,-9999,-9999,-9999,-9999,-9999,-9999,-9999,-5.284,-83.07,-11.85,-9999,-9999,Redondo Creek ~1/2 way btw upper and lower flumes
7/20/2010 15:15,FLUME_UR,JEMEZ_S128,GRAB,Grab,Surface water,6.9,7.6,16.9,-9999,71.9,0.34,7.931,2.698,0.143,0.0786,0.8599,0.065,0.08,0.0328,5.9387,0.132,8.7878,0.6705,4.4944,0.947,0.0417,12.4289,0.011,0.0619,0.0386,0.0092,0.0388,42.5,8860,62.2,0.96,0.545,0.0958,11.5,67.2,0.0929,0.42,0.382,12.5,0.501,0.105,109,0.309,0.0293,0.025,0.0452,0.0285,10.2,97.1,192,23.6,97.8,20.8,4.65,21.2,3.28,18.7,3.58,11.21,1.579,10.83,1.687,0.0185,0.0685,12.89,-9999,-9999,-4.4824,-81.79,-12.05,0.008,0.033,
7/20/2010 14:50,FLUME_LR,JEMEZ_S129,GRAB,Grab,Surface water,7,7.6,18.1,-9999,74.2,0.56,8.215,2.376,0.15,0.1058,1.1572,0.065,0.08,0.0836,3.5798,0.2509,7.7999,0.7406,4.7303,1.182,0.0335,12.1673,0.0121,0.0426,0.042,0.0117,0.0192,47.6,8910,98.8,1.05,0.61,0.0448,1.77,46.1,0.0716,0.315,0.675,2.09,1.01,0.11,89.2,0.541,0.0268,0.0109,0.0298,0.0419,12.6,85.2,169,21.4,85.5,20.5,4.15,18,2.43,15.1,2.948,9.13,1.023,8.12,1.271,0.014,0.0266,11.67,-9999,-9999,-4.4123,-79.59,-11.66,0.02,0.056,
7/20/2010 14:30,FLUME_RM,JEMEZ_S130,GRAB,Grab,Surface water,6.7,7.6,22.5,-9999,71.4,0.39,6.307,1.682,0.091,0.2129,0.5326,0.065,0.0162,0.0629,2.9357,0.6497,4.9016,0.4446,5.079,0.8174,0.019,16.4689,0.002,0.0225,0.0519,0.002,0.0372,45,12200,288,0.943,0.7,0.063,0.374,21.6,0.0472,0.173,0.52,1.29,2.33,0.135,70.2,0.964,0.0257,0.0105,0.0229,0.0827,3.66,71.1,166,15.9,61.3,12.62,2.226,12.56,1.953,12.1,2.482,7.84,1.1105,7.75,1.299,0.0099,0.0188,9.49,-9999,-9999,-9999,-80.3,-11.94,0.008,0.212,
7/20/2010 13:00,FLUME_UJ,JEMEZ_S131,GRAB,Grab,Surface water,7.3,7.6,15.4,-9999,77.2,0.49,7.936,-9999,-9999,0.0652,0.6369,0.065,0.08,0.0658,2.9957,0.1739,6.8358,0.892,3.3918,1.3445,0.0266,15.6761,0.002,0.0667,0.0604,0.0113,0.0626,76.4,-9999,47.3,1.3,0.396,0.0375,1.94,61.6,0.0602,0.275,0.249,1.54,0.439,0.092,228,0.371,0.0064,0.0087,0.0155,0.0209,12.7,145.5,330,36.4,156,38.6,6.96,38.4,6.15,37.8,7.84,23.5,3.34,24.4,3.81,0.0099,0.0463,36.65,-9999,-9999,-15.9747,-85.44,-12.05,0.005,0.027,
7/20/2010 12:20,FLUME_LJ,JEMEZ_S132,GRAB,Grab,Surface water,6.8,7.5,18.3,-9999,77.2,0.51,8.246,3.688,0.182,0.1204,0.7446,0.065,0.08,0.125,2.0156,0.0923,7.0185,1.006,3.9719,1.4293,0.0356,12.9059,0.002,0.1245,0.0847,0.0157,0.0252,132,9840,41.1,3.95,0.692,0.116,8.45,128,0.21,0.501,1.33,2.59,0.737,0.146,219,0.571,0.134,0.0093,0.0187,0.0368,16.4,205.5,394,48.3,202,43.1,8.28,42.6,6.76,38.8,7.25,22.8,3.37,22.4,3.53,0.0099,0.0841,32.75,-9999,-9999,-15.3735,-75.41,-10.96,0.095,0.001,
7/20/2010 12:00,FLUME_HG,JEMEZ_S133,GRAB,Grab,Surface water,6.9,7.5,14.6,-9999,71.4,0.43,5.774,4.266,0.177,0.0484,0.2987,0.065,0.08,0.0217,3.1153,0.0943,5.6846,0.9275,2.9941,1.1829,0.0264,11.1937,0.002,0.0719,0.0766,0.002,0.0413,109,8530,28.3,2.21,0.279,0.0603,2.28,75.8,0.0547,0.311,0.445,4.64,0.26,0.14,461,0.173,0.0074,0.0121,0.0159,0.0195,8.35,264.5,500,65.1,303,68.3,9.73,74.1,10.93,67.6,14.2,40.6,5.37,37.6,5.9,0.0071,0.0728,26.85,-9999,-9999,-13.3396,-82.95,-11.84,0.008,0.008,
7/20/2010 11:40,FLUME_LLJ,JEMEZ_S134,GRAB,Grab,Surface water,6.7,7.5,13.3,-9999,73.7,0.36,5.896,-9999,-9999,0.0468,0.4412,0.065,0.08,0.0485,2.6041,0.1053,4.9925,0.5418,2.7346,0.7914,0.0202,9.9324,0.002,0.0213,0.0504,0.002,0.055,47.8,7560,28.4,0.965,0.266,0.0335,0.655,22.7,0.0342,0.155,0.175,1.48,0.272,0.0739,114,0.144,0.0079,0.0064,0.0117,0.0175,6.66,77.2,220,18.9,78.7,16.96,3.21,21.1,3.13,18.7,4.15,11.29,1.651,11.01,2.05,0.0057,0.0218,12.1,-9999,-9999,-7.3279,-83.22,-11.97,0.054,0.017,
7/20/2010 9:15,VGJJ7,JEMEZ_S135,GRAB,Grab,Surface water,6.5,7.5,16.9,-9999,79.5,0.6,8.986,6.59,0.303,0.5388,1.7229,0.065,0.08,0.125,1.7026,0.036,5.899,1.1031,7.3319,1.8458,0.0261,15.9742,0.0124,0.236,0.2838,0.0229,0.056,301,-9999,39.5,8.53,1.09,0.276,4.06,198,0.184,0.6,1.42,4.52,1.03,0.221,499,1.06,0.0972,0.0109,0.035,0.0693,19.9,468.5,862,115.8,474,100.9,17.76,101,15.15,86.3,17.7,53.7,7.82,51.5,7.63,0.0119,0.183,68.25,-9999,-9999,-9999,-72.39,-10.37,0.01,0.001,
7/20/2010 9:50,VGJJ9,JEMEZ_S136,GRAB,Grab,Surface water,6.6,7.5,16.5,-9999,74,0.64,9.398,5.66,0.277,0.5733,1.9682,0.065,0.0451,0.125,1.6722,0.0536,6.0495,1.1567,7.9395,2.0002,0.0259,17.2094,0.0101,0.2119,0.2168,0.0183,0.0734,297,-9999,50.2,8.43,1.09,0.273,4.24,206,0.185,0.56,1.34,4.56,1.12,0.173,430,1.23,0.0461,0.0102,0.0281,0.0635,21.2,394.5,754,96.2,394,85.1,15.06,88,14.05,76.1,15.6,46.9,6.7,43.6,6.6,0.0106,0.196,70.15,-9999,-9999,-9999,-72.45,-10.29,0.025,0.001,
7/20/2010 10:15,EFJ2/VGS1trib,JEMEZ_S137,GRAB,Grab,Surface water,6.5,7.1,16.5,-9999,61.4,0.43,6.949,6.11,0.325,0.1118,0.9188,0.065,0.08,0.0175,2.0655,0.0802,5.7678,1.0237,3.3584,1.3698,0.03,5.2186,0.002,0.2193,0.1578,0.0144,0.0495,191,-9999,55.7,6.32,0.712,0.169,3.83,198,0.159,0.762,0.98,27.8,0.931,0.139,353,0.204,0.0507,0.0333,0.0303,0.0665,16,352.5,663,86.4,347,71.7,14.06,70.1,10.97,65.1,12.6,36.5,4.6,34.3,4.86,0.0073,0.222,55.75,-9999,-9999,-9999,-68.92,-9.22,0.054,0.001,
7/20/2010 10:15,EFJ3/VGS2,JEMEZ_S138,GRAB,Grab,Surface water,6.8,7.6,16.6,-9999,77.9,0.71,10.76,5.133,0.292,0.644,2.6539,0.065,0.08,0.1414,1.849,0.1015,6.3442,1.2155,8.4737,1.9698,0.0278,17.7198,0.002,0.1761,0.1505,0.0162,0.033,160,13700,61.8,4.54,1.04,0.209,2.34,146,0.136,0.545,0.895,13.5,1.23,0.221,310,1.42,0.0107,0.017,0.0225,0.0676,17.7,284.5,514,71.7,281,61.3,11.29,62.5,9.85,57.6,11.29,34,4.37,31.3,4.35,0.0071,0.142,76.15,-9999,-9999,-9999,-73.89,-10.22,0.01,0.026,
7/20/2010 10:15,EFJ4/VGS3,JEMEZ_S139,GRAB,Grab,Surface water,7.2,7.6,16.5,-9999,92.7,0.76,11.86,4.877,0.264,0.7307,2.8091,0.065,0.08,0.125,1.7914,0.113,6.4873,1.2872,10.1247,2.1789,0.0274,21.5752,0.002,0.153,0.1542,0.0177,0.0469,169,16500,65.5,4.36,1.15,0.198,1.87,128,0.129,0.627,0.676,6.38,1.33,0.207,303,1.76,0.0231,0.0115,0.0168,0.0695,19,265.5,498,64.8,271,58.3,10.76,60,9.15,52.7,10.88,31.2,4.18,28.8,4.34,0.0083,0.141,86.45,-9999,-9999,-9999,-75.1,-10.43,0.008,0.03,
7/20/2010 11:00,EFJ5/VGS4,JEMEZ_S140,GRAB,Grab,Surface water,7.5,7.7,16.9,-9999,97.6,0.76,-9999,-9999,-9999,-9999,-9999,-9999,-9999,-9999,-9999,-9999,5.9594,1.4575,11.1604,2.046,0.026,23.2907,0.013,0.1417,0.1581,0.014,0.0375,156,17900,119,4.3,1.42,0.223,1.44,113,0.114,0.43,0.544,3.26,1.59,0.256,237,2.1,0.0193,0.0106,0.0132,0.0737,16,199.5,343,48,193,40.9,7.77,41.9,6.99,42.4,8.09,24.3,3.47,23.4,3.71,0.0061,0.0991,82.95,-9999,-9999,-9999,-9999,-9999,-9999,-9999,E. Fork above Jara(millo)
7/20/2010 11:00,EFJ6/VGS5Jar,JEMEZ_S141,GRAB,Grab,Surface water,7.9,8.2,17.5,-9999,102.2,0.72,10.19,3.242,0.144,0.831,1.3911,0.065,0.08,0.125,1.6756,0.027,7.2163,1.0669,8.4104,1.4783,0.03,21.8616,0.0096,0.1306,0.1163,0.0146,0.0355,152,16900,23.3,4.07,0.953,0.156,4.51,126,0.186,0.404,0.72,1.35,1.15,0.217,263,1.62,0.0334,0.0068,0.0108,0.0731,16.4,259.5,526,67.2,257,59.1,10.65,57.5,8.64,50.5,9.52,28.2,3.9,24.5,3.71,0.0078,0.14,136.05,-9999,-9999,-9999,-76.71,-10.95,0.006,0.004,
7/20/2010 11:00,EFJ7/VGS6,JEMEZ_S142,GRAB,Grab,Surface water,7.3,7.6,16.2,-9999,90.6,0.78,12.4,4.268,0.244,0.7586,2.4166,0.065,0.08,0.125,1.6746,0.1596,6.2358,1.326,10.3847,1.8938,0.0268,22.7536,0.0095,0.1383,0.1483,0.0131,0.0301,172,17500,85.8,4.51,1.27,0.207,1.61,114,0.156,0.457,1.07,2.96,1.44,0.214,251,1.91,0.0362,0.0082,0.016,0.132,15.1,213.5,383,53.6,212,46.8,8.74,48.8,7.68,43.7,8.71,25.9,3.84,24.3,3.52,0.0063,0.259,86.95,-9999,-9999,-9999,-77.72,-11.13,0.014,0.041,E. Fork below Jara(millo)
7/20/2010 0:00,WFLJ1,JEMEZ_S143,GRAB,Grab,Surface water,8,7.5,15.5,-9999,70.6,0.44,7.129,3.591,0.122,0.0367,0.2681,0.065,0.08,0.125,2.558,0.0594,7.4063,0.9162,1.915,1.2728,0.036,13.9994,0.002,0.0481,0.048,0.0155,0.071,40.1,10600,16.6,0.732,0.39,0.0635,3.27,43.8,0.0609,0.395,0.296,10.2,0.429,0.128,357,0.141,0.0001,0.0117,0.0032,0.024,18.1,231.5,271,61.4,272,62.6,12.36,68.6,9.8,59.4,12.3,36.4,5.14,35.1,5.14,0.0039,0.0389,43.85,-9999,-9999,-9.7827,-83.6,-12.17,0.008,0.001,W. Fork La Jara Cr just upstream of road
7/20/2010 0:00,TopELJFSp,JEMEZ_S144,GRAB,Grab,Surface water,6.9,6.9,10.7,-9999,73.1,0.43,6.805,2.222,0.347,0.0359,0.9762,0.065,0.08,1.0027,3.2016,0.0581,5.8734,0.7064,2.5084,2.5785,0.0172,18.4521,0.002,0.0074,0.0274,0.002,0.0631,19.1,14100,37.1,0.476,0.19,0.0496,0.703,8.04,0.0438,0.371,0.73,8.54,1.09,0.24,321,0.253,0.0001,0.0171,0.0039,0.0362,1.87,78.2,77.2,34.3,162,47.9,7.22,54.1,9.24,57.6,12.5,40.8,6.62,48.5,7.91,0.0041,0.0218,54.25,-9999,-9999,-15.5138,-90.05,-12.82,0.088,0.021,Spring at base of hill that starts E. Fork La Jara Cr
7/20/2010 0:00,MeadowSp1,JEMEZ_S145,GRAB,Grab,Surface water,6.6,6.5,10.5,-9999,82.6,0.41,9.214,2.455,0.366,0.0357,0.6388,0.065,0.08,0.3897,3.718,0.0372,5.3198,0.6037,3.5095,2.9213,0.003,20.8401,0.002,0.0061,0.0215,0.002,0.0853,8.2,15700,3.07,0.269,0.185,0.0391,3.02,5.2,0.0531,0.257,0.561,4.82,0.351,0.144,518,0.147,0.0011,0.0034,0.002,0.019,1.64,129.5,53.6,48.3,246,65.4,7.39,69.1,12.15,80.7,18.5,65.7,10.78,80,14.42,0.0025,0.0066,35.15,-9999,-9999,-15.3635,-89.91,-12.85,0.015,0,Spring on Redondito side of Meadow with skunk grass just downhill from parking area
7/20/2010 13:07,LaJaraNo4,JEMEZ_S146,GRAB,Grab,Surface water,7.5,7.6,19.4,-9999,53.7,0.6,8.588,5.819,0.215,0.0536,0.4194,0.065,0.08,0.125,1.3522,0.0755,9.0799,1.0346,2.8329,2.0708,0.0368,14.7582,0.002,0.1187,0.0472,0.0141,0.0794,54,11000,36.8,1.67,0.534,0.0626,6,114,0.0987,0.659,1.07,11.5,1.35,0.179,490,0.209,0.0045,0.0152,0.0134,0.0337,15.6,264.5,457,75.7,339,83.6,15.26,89.3,14.05,85.5,17.8,54.1,8.63,58.8,9.37,0.0048,0.0988,62.25,-9999,-9999,-11.0552,-82.45,-11.62,0.009,0.017,La Jara Cr downstream of confluence of ZOB outlet and E. Fork La Jara
7/20/2010 13:07,FLUME_MCZOB,JEMEZ_S147,GRAB,Grab,Surface water,6.4,6.9,20.2,-9999,36.5,0.99,29.63,10.09,0.348,0.0586,1.1419,0.065,0.08,0.0342,0.7715,0.11,8.1513,1.0551,2.7138,2.0424,0.0383,9.1758,0.0099,0.6748,0.1008,0.022,0.123,83.2,6860,37.2,2.38,0.516,1.01,146,303,0.752,1.02,2.07,21.6,1.08,0.212,784,0.0926,0.0329,0.024,0.0172,0.0535,20.9,525.5,1180,148.8,657,154,25.96,154.5,23.75,141.1,29.4,86.4,13,89.6,14.42,0.0116,0.213,61.95,-9999,-9999,-12.3577,-81.82,-11.67,0.01,0.007,ZOB outlet; really muddy; little flow
7/20/2010 0:00,EFRedondo1,JEMEZ_S148,GRAB,Grab,Surface water,7.3,7.6,17.3,-9999,55.6,0.46,7.118,2.193,0.124,0.0717,0.3447,0.065,0.08,0.0574,2.1959,0.2047,6.7882,0.5671,3.7329,0.7348,0.0281,11.7048,0.002,0.0387,0.0373,0.009,0.0254,35.5,8810,96.8,0.709,0.505,0.0816,2.46,39.5,0.0528,0.242,0.447,11.2,0.366,0.1,112,0.31,0.0008,0.0168,0.0009,0.023,10.5,82.7,199,19.7,85.4,17.45,3.3,22.3,3.27,19.5,3.71,11.77,1.656,11.98,1.819,0.0019,0.0491,8.86,-9999,-9999,-7.879,-82.81,-12.06,0.005,0.066,Flowing stream; R side of road coming down from Redondo Peak
7/21/2010 11:22,RedondoPond,JEMEZ_S149,GRAB,Grab,Surface water,6.2,6.8,22.5,-9999,0,0.81,9.202,25.11,1.637,0.3742,2.361,0.065,0.08,0.3319,4.2966,0.0093,11.4873,1.9431,3.703,6.9278,0.0554,1.8123,0.0334,0.4644,0.052,0.0307,0.0342,43.9,-9999,78.4,1.18,0.439,0.135,137,408,0.627,2.21,1.47,22,10.7,0.209,184,3.63,0.006,0.0247,0.0235,0.392,38.3,160.5,381,41.7,196,43.8,12.36,41.3,6.1,30.4,6.42,17.4,2.17,15.4,2.1,0.0084,0.215,39.75,-9999,-9999,-7.0374,-4.99,4.49,0.03,0.01,Pond on left side of Redondo Cr Rd going uphill from Union Building
7/21/2010 12:14,RedondoSp2,JEMEZ_S150,GRAB,Grab,Surface water,6.9,7,11.5,-9999,68.8,0.45,9.221,0.851,0.166,0.0668,0.5849,0.065,0.08,0.7325,2.4303,0.2562,7.1627,0.6212,3.5622,0.8109,0.0248,12.0399,0.002,0.0048,0.0184,0.002,0.0333,4.58,8940,89.9,0.155,0.404,0.0861,0.286,5.39,0.0458,0.189,0.542,4.62,0.419,0.252,33.6,0.202,0.0047,0.0038,0.0015,0.0365,4.17,14.3,27.4,3.05,13.08,3.44,1.091,4.21,0.597,3.761,0.79,2.23,0.397,2.703,0.385,0.0005,0.0062,3.77,-9999,-9999,-7.378,-87.18,-12.6,0.011,0.045,
7/21/2010 12:27,RedondoSp3,JEMEZ_S151,GRAB,Grab,Surface water,7.7,7.5,15.8,-9999,61.3,0.75,12.74,2.211,0.125,0.0735,0.3987,0.065,0.08,0.125,2.5823,0.2197,10.1353,0.7893,5.8746,1.6121,0.0562,15.8515,0.002,0.0231,0.0482,0.0209,0.0257,49.6,12000,77.5,0.915,0.655,0.0545,1.31,23.8,0.0725,0.311,0.718,3.56,1.33,0.151,156,0.711,0.0156,0.0052,0.0012,0.0227,23.5,109.5,234,26.1,114,26.3,6.27,25.2,4.09,24.2,5.15,14.6,1.905,13.4,2.01,0.0026,0.0409,170.05,-9999,-9999,-10.7145,-84.29,-12.28,0.005,0.051,
7/21/2010 13:11,SulfurSp,JEMEZ_S152,GRAB,Grab,Surface water,1.9,1.9,24.8,-9999,-9999,-9999,-9999,-9999,-9999,5.9126,4.3666,0.0686,0.08,0.125,1291.3679,2.8833,249.0714,35.4617,14.313,78.2118,0.003,48.0274,0.002,85.1763,129.1754,0.002,-9999,-9999,-9999,-9999,-9999,-9999,-9999,-9999,-9999,-9999,-9999,-9999,-9999,-9999,-9999,-9999,-9999,-9999,-9999,-9999,-9999,-9999,-9999,-9999,-9999,-9999,-9999,-9999,-9999,-9999,-9999,-9999,-9999,-9999,-9999,-9999,-9999,-9999,-9999,-9999,-9999,-9999,-9999,-9999,-9999,-9999,Sulfur pond near abandoned house on Sulfur Cr Rd
8/10/2010 9:30,FLUME_UR,JEMEZ_S153,GRAB,Grab,Surface water,7.5,-9999,11.7,-9999,74.7,-0.11,5.751,0.911,0.322,0.0109,1.3015,0.065,0.08,0.125,9.1102,0.2867,8.2487,0.6496,3.9825,0.9576,-9999,-9999,0.0048,-9999,-9999,-9999,0.0333,41.8,9330,47.6,0.965,0.477,0.0601,3.81,47.5,0.0734,0.335,0.271,1.57,0.392,0.106,77.4,0.27,0.0133,0.0035,0.0493,0.0154,10.2,63.3,131,14.9,61.7,14.23,2.86,15.11,2.26,12.29,2.342,8.26,1.0119,7.66,1.249,0.0017,0.0371,11.78,-9999,-9999,-12.2575,-80.9,-11.98,0.002,0.027,
8/10/2010 10:10,FLUME_LR,JEMEZ_S154,GRAB,Grab,Surface water,7.2,-9999,12,-9999,76.4,-0.06,5.777,0.669,0.21,0.0653,1.4496,0.065,0.08,0.125,5.7123,0.4444,7.4141,0.7381,4.274,1.0663,-9999,-9999,0.0091,-9999,-9999,-9999,0.0239,72.4,9230,88.6,1.52,0.595,0.0624,1.18,53.6,0.054,0.288,0.26,0.916,0.903,0.118,95.2,0.519,0.0001,0.0026,0.0243,0.0322,14,100.2,192,22.7,91.1,18.4,4.23,18.5,2.89,17.6,3.39,10.43,1.345,9.98,1.261,0.0027,0.031,14.69,-9999,-9999,-12.6082,-81.53,-11.68,0.002,0.056,
8/10/2010 10:35,FLUME_RM,JEMEZ_S155,GRAB,Grab,Surface water,6.9,-9999,13.9,-9999,73.9,0.1,4.614,0.00013,0.185,0.2448,1.0156,0.065,0.08,0.125,4.6067,1.069,4.7974,0.4274,4.37,0.4894,-9999,-9999,0.004,-9999,-9999,-9999,0.0376,61.5,12500,277,1.24,0.537,0.0712,0.277,23.5,0.0328,0.142,0.122,0.9,2.14,0.178,54.1,0.871,0.0111,0.0043,0.0271,0.0804,3.38,65.9,154,13.4,53.2,10.83,1.468,10.09,1.569,9.38,1.9054,6.52,0.739,5.86,1.0562,0.0008,0.0182,5.968,-9999,-9999,-9999,-79.87,-11.79,0.001,0.192,
8/10/2010 15:45,FLUME_UJ,JEMEZ_S156,GRAB,Grab,Surface water,7.1,-9999,16.4,-9999,75.6,0.07,6.149,1.33,0.193,0.0385,0.5504,0.065,0.08,0.125,3.7275,0.4551,5.9961,0.7806,3.0944,1.1992,-9999,-9999,0.0025,-9999,-9999,-9999,0.0317,137,11900,43.1,2.43,0.514,0.0564,1.35,86.3,0.0585,0.249,0.248,1.93,0.4,0.115,196,0.373,0.0001,0.0033,0.0414,0.0218,9.08,135.5,313,33,143,32.5,5.35,33.5,4.9,31.2,6.7,19.9,2.83,20.1,2.99,0.0025,0.0539,32.85,-9999,-9999,-12.7985,-85.78,-12.33,0,0.032,
8/10/2010 14:45,FLUME_LJ,JEMEZ_S157,GRAB,Grab,Surface water,7.5,-9999,17.2,-9999,97.4,0.32,6.624,1.565,0.244,0.1172,0.5555,0.065,0.08,0.125,3.0052,0.2858,5.7748,0.8302,3.6778,1.0227,-9999,-9999,0.0019,-9999,-9999,-9999,0.0209,154,10300,39.8,3.13,0.924,0.11,1.82,122,0.115,0.354,0.343,1.12,0.635,0.162,189,0.534,0.0135,0.0044,0.0514,0.0287,10.6,159.5,310,41.8,169,35.6,6.99,39.5,5.81,35.8,6.73,21.3,2.74,19.3,2.97,0.0041,0.0861,76.15,-9999,-9999,-15.5539,-82.05,-11.78,0.002,0.008,
8/10/2010 14:15,FLUME_HG,JEMEZ_S158,GRAB,Grab,Surface water,6.8,-9999,15.6,-9999,72.1,0.13,6.748,2.054,0.198,0.0261,0.5324,0.065,0.08,0.125,4.7844,0.3262,5.3564,0.8909,2.7265,1.0627,-9999,-9999,0.0055,-9999,-9999,-9999,0.0343,135,8510,31.9,2.43,0.333,0.0594,1.39,68.1,0.0483,0.248,0.306,1.26,0.257,0.138,333,0.202,0.0137,0.0037,0.0272,0.0154,7.64,191.5,335,47.2,219,49.6,6.27,55.7,8.51,49.7,10.82,30.9,4.16,28.1,4.58,0.0026,0.0493,17.95,-9999,-9999,-11.7966,-84.67,-12.12,0.003,0.016,
8/10/2010 13:30,FLUME_LLJ,JEMEZ_S159,GRAB,Grab,Surface water,6.7,-9999,12.4,-9999,75.2,0.15,6.092,0.159,0.145,0.2366,0.5094,0.065,0.08,0.125,3.2283,0.2193,4.7051,0.5047,2.5606,0.7725,-9999,-9999,0.0029,-9999,-9999,-9999,0.0326,59.5,7440,26.4,0.994,0.317,0.0378,0.652,23.3,0.0437,0.153,0.297,2.08,0.244,0.124,102,0.141,0.0024,0.0036,0.0293,0.0162,6.11,67.4,207,16.9,68.1,16.18,2.64,17,2.97,18.3,3.45,11.14,1.516,9.74,1.782,0.0013,0.0248,9.47,-9999,-9999,-15.5839,-87.56,-12.67,0.007,0.014,
8/10/2010 10:00,VGJJ7,JEMEZ_S160,GRAB,Grab,Surface water,7.8,-9999,15.8,-9999,95.3,0.62,10.37,2.25,0.282,0.813,1.5785,0.0598,0.0388,0.125,1.9131,0.4093,5.5968,1.1236,8.6895,0.8358,-9999,-9999,0.0059,-9999,-9999,-9999,0.0513,139,16400,40.3,3.01,1.17,0.139,1.75,112,0.145,0.437,0.663,1.97,1.21,0.232,229,1.46,0.016,0.0081,0.0952,0.06,13,201.5,343,49,204,39.2,7.74,45.1,7.17,39.7,7.85,22.5,3.23,22.6,3.34,0.0043,0.11,89.55,-9999,-9999,-9999,-79.79,-11.25,0.001,0.008,
8/10/2010 10:45,VGJJ9,JEMEZ_S161,GRAB,Grab,Surface water,7.7,-9999,16.8,-9999,100.6,0.56,11.03,2.137,0.228,1.0986,1.3607,0.065,0.0439,0.125,1.6349,0.3726,5.6389,1.1537,9.0676,0.6426,-9999,-9999,0.0043,-9999,-9999,-9999,0.046,162,17400,40.2,4.5,1.21,0.184,3.97,159,0.127,0.397,0.401,2.68,1.18,0.222,275,1.59,0.0244,0.0072,0.0815,0.0714,14.1,256.5,471,62.5,254,57.8,9.4,56,8.53,53.5,10.24,30.5,3.99,27.4,3.82,0.0048,0.159,86.65,-9999,-9999,-9999,-78.91,-11.07,0.016,0.013,
8/10/2010 11:30,EFJ2/VGS1trib,JEMEZ_S162,GRAB,Grab,Surface water,7,-9999,15.5,-9999,90.6,0.35,6.685,3.866,0.354,0.173,0.4337,0.065,0.08,0.125,2.5061,0.2246,4.7468,0.8499,3.2287,0.6393,-9999,-9999,0.0008,-9999,-9999,-9999,0.0095,103,2390,44.2,2.42,0.399,0.0835,2.75,129,0.174,0.456,1.13,3.61,0.797,0.171,168,0.231,0.0001,0.0021,0.165,0.0438,11.1,165.5,311,40.4,167,35.3,6.42,32.7,5.12,29.4,5.72,16.9,2.2,16.5,2.15,0.0022,0.0983,31.15,-9999,-9999,-9999,-71.54,-9.53,0.037,0.008,
8/10/2010 11:30,EFJ3/VGS2,JEMEZ_S163,GRAB,Grab,Surface water,7.9,-9999,18.6,-9999,110,0.53,10.73,1.823,0.247,0.9366,1.404,0.065,0.08,0.125,1.7269,0.2708,5.3317,1.0762,8.7326,0.6067,-9999,-9999,0.0051,-9999,-9999,-9999,0.0537,111,16900,33,2.52,1.05,0.135,3.64,108,0.144,0.349,0.917,1.83,1.01,0.175,193,1.44,0.0135,0.0054,0.189,0.0632,11.4,168.5,318,43.7,181,40.6,6.54,38.4,5.88,36.6,6.94,21.8,2.88,19,2.82,0.0038,0.0981,101.05,-9999,-9999,-9999,-79.1,-11.28,0.004,0.013,
8/10/2010 11:30,EFJ4/VGS3,JEMEZ_S164,GRAB,Grab,Surface water,8,-9999,18.6,-9999,112.7,0.15,10.27,1.852,0.251,1.0549,1.5785,0.0734,0.038,0.125,1.6753,0.2415,5.3012,1.0824,9.3775,0.5787,-9999,-9999,0.0049,-9999,-9999,-9999,0.0291,93.7,18600,34.6,2.08,1.13,0.15,3.82,107,0.117,0.313,0.862,1.26,1.02,0.199,196,1.61,0.0084,0.0052,0.0887,0.059,11.2,169.5,317,44,175,38,6.78,40.8,6.73,36.6,7.33,22.2,2.76,18.3,2.79,0.0036,0.0944,112.05,-9999,-9999,-9999,-80.59,-11.52,0.009,0.022,
8/10/2010 12:30,EFJ5/VGS4,JEMEZ_S165,GRAB,Grab,Surface water,7.8,-9999,18,-9999,110.8,0.7,11.82,1.947,0.253,0.847,1.4979,0.0808,0.08,0.125,1.2539,0.3773,4.8357,1.1845,9.7148,0.4325,-9999,-9999,0.0049,-9999,-9999,-9999,0.0469,70.2,18400,50.9,1.44,0.961,0.136,2.3,86.8,0.0909,0.329,0.631,1.96,0.969,0.189,139,1.42,0.017,0.0041,0.21,0.0462,11.4,103.5,162,26.9,103.8,23.9,4.84,23.8,3.55,24.1,4.44,14.21,1.773,13.5,2.06,0.0019,0.053,64.95,-9999,-9999,-9999,-81.24,-11.62,-0.005,0.026,
8/10/2010 12:30,EFJ6/VGS5Jar,JEMEZ_S166,GRAB,Grab,Surface water,8.3,-9999,20.1,-9999,111.9,0.53,9.209,0.84,0.211,1.1573,1.3774,0.0551,0.0482,0.0703,2.3289,0.2099,5.5794,0.8052,8.74,0.788,-9999,-9999,0.0049,-9999,-9999,-9999,0.0177,121,19700,21.2,2.78,1.45,0.15,4.09,124,0.131,0.259,0.821,1.98,1.19,0.295,226,1.92,0.0091,0.0055,0.158,0.0775,8.15,224.5,457,59,231,50.3,8.35,51.9,7.79,42.9,8.71,23.7,3.45,20.1,3.06,0.0048,0.144,153.05,-9999,-9999,-9999,-79.61,-11.3,-0.001,0.005,
8/10/2010 12:30,EFJ7/VGS6,JEMEZ_S167,GRAB,Grab,Surface water,7.8,-9999,18.8,-9999,113.6,0.63,10.87,1.582,0.214,1.0393,1.2899,0.065,0.0172,0.125,1.2308,0.2959,5.1896,1.0861,9.8548,0.5896,-9999,-9999,0.0051,-9999,-9999,-9999,0.0247,110,18700,35.8,2.43,1.18,0.147,3.3,113,0.125,0.298,0.687,0.917,1.07,0.208,192,1.68,0.0092,0.0046,0.0158,0.0586,10,170.5,315,44.4,183,38.7,6.79,41.6,5.83,35.4,6.69,21.5,2.82,18.6,2.79,0.0034,0.096,108.05,-9999,-9999,-9999,-81.08,-11.47,0.006,0.02,
8/31/2010 9:15,FLUME_UR,JEMEZ_S168,GRAB,Grab,Surface water,7.2,-9999,10.4,-9999,69,0.62,5.932,1.926,0.169,0.191,1.2427,0.065,0.08,0.125,7.6561,0.6035,8.0515,0.6448,4.0097,1.0115,-9999,-9999,0.0036,-9999,-9999,-9999,0.0304,29.7,6500,23.2,0.728,0.36,0.0493,5.22,40.6,0.0875,0.27,0.805,1.82,0.392,0.0356,65.9,0.265,0.0259,0.0104,0.0727,0.0323,9.38,53.4,113,13,59.6,14.7,3.46,10.5,1.66,9.16,2.01,5.77,0.689,5.16,0.659,0.017,0.0185,7.6,-9999,-9999,-10.2135,-81.18,-12.01,0.006,0.023,
8/31/2010 11:00,FLUME_LR,JEMEZ_S169,GRAB,Grab,Surface water,7.1,-9999,11.3,-9999,70.8,0.77,6.215,1.573,0.114,0.0341,1.6205,0.065,0.08,0.125,4.7361,0.6416,7.2875,0.732,4.2377,1.0466,-9999,-9999,0.004,-9999,-9999,-9999,0.0091,30.5,6360,41.7,0.987,0.417,0.0398,1.19,38,0.0632,0.248,0.751,1.14,0.908,0.0399,68.4,0.527,0.0446,0.0072,0.105,0.0508,12.2,66.1,124,15.8,66.9,13.3,4.22,13.2,1.95,12,2.23,6.66,0.889,5.77,0.597,0.0131,0.0324,11.7,-9999,-9999,-9.7226,-80.99,-11.72,0.009,0.057,
8/31/2010 11:30,FLUME_RM,JEMEZ_S170,GRAB,Grab,Surface water,6.9,-9999,15,-9999,66.1,0.43,4.558,1.019,0.177,0.1445,0.8302,0.065,0.0013,0.125,2.9795,0.7247,4.4897,0.4069,4.3004,0.6088,-9999,-9999,0.0049,-9999,-9999,-9999,0.0138,32.3,8770,130,0.868,0.475,0.0704,0.322,17.8,0.0637,0.164,0.59,2.1,2.21,0.137,62,1,0.114,0.0032,0.0809,0.0985,3.17,59.3,136,13.1,55.3,10.3,2.03,11,1.71,9.16,1.73,5.18,0.722,5.04,0.565,0.0068,0.0114,7.32,-9999,-9999,-9999,-79.53,-11.99,0.005,0.209,
8/31/2010 10:00,FLUME_UJ,JEMEZ_S171,GRAB,Grab,Surface water,7.2,-9999,10.1,-9999,69.5,0.45,5.186,2.488,0.144,0.0355,0.769,0.065,0.08,0.125,3.0269,0.4561,5.7871,0.7788,3.184,1.194,-9999,-9999,0.0019,-9999,-9999,-9999,0.0109,60.4,8250,19.4,1.32,0.28,0.0382,1.01,50,0.0692,0.205,0.797,1.15,0.362,0.0664,185,0.351,0.0343,0.0001,0.0807,0.0316,7.83,112,232,28.7,119,29.5,4.58,29.2,4.33,26,5.78,17.2,2.56,16.9,2.76,0.0032,0.0312,25.4,-9999,-9999,-13.7203,-85.03,-12.63,0.007,0.02,
8/30/2010 14:30,FLUME_LJ,JEMEZ_S172,GRAB,Grab,Surface water,7.6,-9999,17.2,-9999,81,0.61,5.087,2.747,0.15,0.0682,1.1257,0.0667,0.08,0.125,4.4773,0.6726,5.2787,0.7711,3.5664,1.1888,-9999,-9999,0.0014,-9999,-9999,-9999,0.0121,108,6220,14.8,2.4,0.632,0.066,1.61,96,0.116,0.283,1.03,0.785,0.489,0.0589,172,0.49,0.0153,0.003,0.092,0.0321,10.2,145,279,37.1,151,33.1,6,30.9,5,26.8,5.53,17.9,2.25,14.2,1.92,0.0046,0.0592,42.2,-9999,-9999,-10.1634,-79.57,-11.48,0.008,0.01,
8/30/2010 14:00,FLUME_HG,JEMEZ_S173,GRAB,Grab,Surface water,6.9,-9999,14.8,-9999,63.3,0.49,5.007,3.374,0.166,0.0048,0.8596,0.0414,0.08,0.125,4.0029,0.5959,5.4995,0.9166,2.7713,1.2832,-9999,-9999,0.0019,-9999,-9999,-9999,0.0099,95.1,5940,18,1.8,0.247,0.0463,1.88,67.6,0.0598,0.267,1.03,1.15,0.277,0.0671,356,0.203,0.0105,0.0017,0.0308,0.0235,7.62,202,339,50.9,226,51.2,6.82,56,8.29,48.8,10.5,30.5,4.52,26.8,4.85,0.0027,0.0406,15.5,-9999,-9999,-12.5681,-82.99,-11.96,0.003,0.015,
8/30/2010 13:30,FLUME_LLJ,JEMEZ_S174,GRAB,Grab,Surface water,6.7,-9999,12.2,-9999,69.4,0.94,4.268,1.551,0.107,0.4914,0.2469,0.065,0.08,0.0441,0.0919,0.11,4.776,0.5175,2.5659,0.814,-9999,-9999,0.0017,-9999,-9999,-9999,0.0169,45.1,5180,15.5,1.02,0.227,0.0356,0.534,20.3,0.0572,0.145,0.637,1.29,0.262,0.0297,88.9,0.153,0.0108,0.0009,0.0335,0.043,5.79,60.5,152,13.6,64.7,15.5,2.73,15.5,2.21,13.3,2.82,7.39,0.896,7.03,0.986,0.0014,0.016,7.17,-9999,-9999,-13.53,-87.13,-12.67,0.005,0.017,
8/30/2010 9:30,VGJJ7,JEMEZ_S175,GRAB,Grab,Surface water,7,-9999,13,-9999,68.3,0.71,8.047,3.748,0.245,0.7887,2.1362,0.0338,0.017,0.125,1.6041,0.1834,5.2621,1.0744,8.4382,1.1426,-9999,-9999,0.0048,-9999,-9999,-9999,0.0279,90.2,10200,11.3,2.3,0.662,0.158,2.35,106,0.103,0.545,1.44,2.35,0.854,0.0734,222,1.38,0.0619,0.0038,0.0556,0.0642,14.4,192,341,47.3,196,45.5,7.81,40.6,6.08,38.2,7.56,22.9,2.95,19.3,2.73,0.0036,0.084,44.7,-9999,-9999,-9999,-75.62,-10.63,0.007,0.002,
8/30/2010 10:15,VGJJ9,JEMEZ_S176,GRAB,Grab,Surface water,7.4,-9999,13.9,-9999,80,0.81,7.623,3.369,0.211,0.9715,1.8584,0.0837,0.0139,0.125,1.5867,0.3887,4.9964,1.0462,8.6825,0.7979,-9999,-9999,0.0032,-9999,-9999,-9999,0.0137,71,10800,10.8,1.88,0.665,0.13,2.91,85.3,0.111,0.357,0.903,2.49,0.875,0.117,178,1.45,0.0559,0.0033,0.0417,0.0722,12.4,148,262,37.1,156,35.3,6.58,34.2,5.57,30.4,6.64,18,2.34,15.6,1.95,0.0029,0.0816,49.4,-9999,-9999,-9999,-76.27,-10.87,0.004,0.005,
8/30/2010 11:30,EFJ2/VGS1trib,JEMEZ_S177,GRAB,Grab,Surface water,6.8,-9999,14.2,-9999,74.1,0.56,4.327,5.281,0.348,0.1933,0.9229,0.0726,0.08,0.125,2.493,0.4888,4.0862,0.7417,3.2136,0.8938,-9999,-9999,0.0056,-9999,-9999,-9999,0.0066,107,769,13.9,2.44,0.268,0.06,2.93,148,0.162,0.411,1.1,1.57,0.762,0.0505,165,0.207,0.0373,0.0004,0.0422,0.0541,9.86,163,301,38.1,160,35,6.27,32.1,4.94,28.3,5.79,16.4,1.92,15,2.17,0.0014,0.0875,30.8,-9999,-9999,-9999,-63,-7.84,0.005,0,
8/30/2010 11:30,EFJ3/VGS2,JEMEZ_S178,GRAB,Grab,Surface water,7.6,-9999,16.3,-9999,93.8,0.79,7.579,3.354,0.202,-9999,-9999,-9999,-9999,-9999,-9999,-9999,5.0282,1.028,8.6929,0.702,-9999,-9999,0.0049,-9999,-9999,-9999,0.0054,99.5,10800,14,2.38,0.659,0.135,3.49,97.1,0.0998,0.348,0.924,1.79,0.84,0.101,175,1.36,0.0522,0.0031,0.101,0.0645,10.9,155,286,37.8,154,34.7,6.12,32,5.05,29.7,6,17,2.01,13.8,1.92,0.0021,0.0818,65,-9999,-9999,-9999,-76.23,-10.6,0.005,0.004,
8/30/2010 11:30,EFJ4/VGS3,JEMEZ_S179,GRAB,Grab,Surface water,7.6,-9999,16.6,-9999,94.6,0.88,8.081,2.94,0.171,0.9173,1.7675,0.0374,0.08,0.125,1.3702,0.3162,5.1737,1.0421,9.2791,0.6525,-9999,-9999,0.0061,-9999,-9999,-9999,0.0105,85,11900,12.4,1.96,0.709,0.122,3.18,86.2,0.118,0.32,1.09,0.962,0.844,0.0836,163,1.53,0.0329,0.0023,0.07,0.0649,10.8,143,264,35.8,143,31.5,6.05,32.6,4.88,28,5.41,16.9,2.13,12.3,1.74,0.0015,0.0731,74.6,-9999,-9999,-9999,-77.95,-10.9,0.009,0.009,
8/30/2010 12:30,EFJ5/VGS4,JEMEZ_S180,GRAB,Grab,Surface water,7.4,-9999,16,-9999,94.1,0.25,6.471,1.601,0.111,1.2923,1.6328,0.0478,0.0174,0.0476,2.4604,0.701,4.8198,1.1779,9.7153,0.5068,-9999,-9999,0.0036,-9999,-9999,-9999,0.002,34.1,11300,12.7,0.896,0.595,0.0954,1.43,59.3,0.0635,0.342,0.351,1.84,0.725,0.0831,124,1.35,0.0173,0.0015,0.0701,0.0408,12.3,88.9,144,22.8,98.1,19.9,4.91,20.1,3.41,18.7,3.93,12.2,1.57,10.7,1.37,0.0002,0.0359,42.7,-9999,-9999,-9999,-79.01,-10.92,0.005,0.01,
8/30/2010 12:30,EFJ6/VGS5Jar,JEMEZ_S181,GRAB,Grab,Surface water,8.1,-9999,17.7,-9999,101.5,0.81,8.379,3.961,0.223,0.9586,2.0422,0.0665,0.08,0.125,0.9567,0.6712,5.2298,0.7557,8.4745,0.8026,-9999,-9999,0.0044,-9999,-9999,-9999,0.0061,150,13300,10.9,3.15,0.921,0.146,2.63,131,0.0936,0.238,0.86,1.23,1.14,0.146,184,1.8,0.0231,0.0017,0.0531,0.0817,7.56,192,382,49.9,196,41.6,6.22,40.6,5.66,35.1,7.04,18.7,2.48,14.1,1.87,0.0024,0.096,108,-9999,-9999,-9999,-77.5,-11.06,0.005,0.006,
8/30/2010 12:30,EFJ7/VGS6,JEMEZ_S182,GRAB,Grab,Surface water,7.7,-9999,17,-9999,97.8,0.79,7.453,2.927,0.181,0.9896,1.6988,0.0402,0.015,0.0464,1.4255,0.3218,5.0092,0.9567,9.1263,0.6761,-9999,-9999,0.0065,-9999,-9999,-9999,0.0024,75.8,12100,11.9,1.79,0.752,0.122,2.49,93.8,0.0956,0.34,1.21,1.15,0.907,0.105,169,1.61,0.0278,0.0003,0.0777,0.0595,9.76,150,279,38.5,153,35.3,5.13,32.1,5.23,32.6,5.79,17,1.9,14.8,1.59,0.0019,0.0796,80.9,-9999,-9999,-9999,-78.24,-11.17,0.004,0.008,
10/19/2010 10:45,FLUME_UR,JEMEZ_S183,GRAB,Grab,Surface water,7.3,-9999,5.1,-9999,72,1.15,5.876,2.304,0.185,0.2047,1.8237,0.0443,0.08,0.125,8.9192,0.5971,9.0992,0.7117,4.2299,1.4917,-9999,-9999,0.0051,-9999,-9999,-9999,-9999,-9999,-9999,140.6429,-9999,-9999,-9999,-9999,-9999,-9999,-9999,-9999,-9999,-9999,-9999,-9999,-9999,-9999,-9999,-9999,-9999,-9999,-9999,-9999,-9999,-9999,-9999,-9999,-9999,-9999,-9999,-9999,-9999,-9999,-9999,-9999,-9999,-9999,6.9256,-9999,-9999,-10.4239,-80.3,-11.63,0.003,0.03,
10/19/2010 11:30,FLUME_LR,JEMEZ_S184,GRAB,Grab,Surface water,7.2,-9999,5.2,-9999,76.2,0.65,6.198,2.396,0.0001,0.2252,1.9815,0.065,0.08,0.125,4.7251,0.6405,8.0206,0.817,4.4642,1.5806,-9999,-9999,0.0067,-9999,-9999,-9999,-9999,-9999,-9999,164.4702,-9999,-9999,-9999,-9999,-9999,-9999,-9999,-9999,-9999,-9999,-9999,-9999,-9999,-9999,-9999,-9999,-9999,-9999,-9999,-9999,-9999,-9999,-9999,-9999,-9999,-9999,-9999,-9999,-9999,-9999,-9999,-9999,-9999,-9999,29.4338,-9999,-9999,-4.7129,-80.39,-11.61,0.002,0.053,
10/19/2010 10:10,FLUME_RM,JEMEZ_S185,GRAB,Grab,Surface water,6.7,-9999,8.6,-9999,70.6,0.49,4.493,1.636,0.36,0.0817,0.9871,0.065,0.08,0.125,2.95,0.6568,4.9241,0.4456,4.4136,0.9465,-9999,-9999,0.0023,-9999,-9999,-9999,-9999,-9999,-9999,314.802,-9999,-9999,-9999,-9999,-9999,-9999,-9999,-9999,-9999,-9999,-9999,-9999,-9999,-9999,-9999,-9999,-9999,-9999,-9999,-9999,-9999,-9999,-9999,-9999,-9999,-9999,-9999,-9999,-9999,-9999,-9999,-9999,-9999,-9999,8.6145,-9999,-9999,-9999,-79.02,-11.91,0.005,0.253,
10/18/2010 15:45,FLUME_UJ,JEMEZ_S186,GRAB,Grab,Surface water,7.3,-9999,7,-9999,75.1,0.48,5.044,2.496,0.176,0.0385,1.1112,0.065,0.08,0.4557,3.1457,0.4309,6.1841,0.8091,3.4691,1.6915,-9999,-9999,0.0012,-9999,-9999,-9999,-9999,-9999,-9999,141.1346,-9999,-9999,-9999,-9999,-9999,-9999,-9999,-9999,-9999,-9999,-9999,-9999,-9999,-9999,-9999,-9999,-9999,-9999,-9999,-9999,-9999,-9999,-9999,-9999,-9999,-9999,-9999,-9999,-9999,-9999,-9999,-9999,-9999,-9999,46.0034,-9999,-9999,-5.2539,-84.72,-12.18,0.001,0.026,
10/18/2010 15:00,FLUME_LJ,JEMEZ_S187,GRAB,Grab,Surface water,7.4,-9999,7,-9999,85.7,0.59,5.18,2.4,0.122,0.2914,1.3678,0.065,0.08,0.125,3.7416,0.5586,5.5611,0.7903,4.0532,1.6149,-9999,-9999,0,-9999,-9999,-9999,-9999,-9999,-9999,159.3479,-9999,-9999,-9999,-9999,-9999,-9999,-9999,-9999,-9999,-9999,-9999,-9999,-9999,-9999,-9999,-9999,-9999,-9999,-9999,-9999,-9999,-9999,-9999,-9999,-9999,-9999,-9999,-9999,-9999,-9999,-9999,-9999,-9999,-9999,27.3458,-9999,-9999,-5.9352,-81.85,-11.62,0.002,0.007,
10/18/2010 14:30,FLUME_HG,JEMEZ_S188,GRAB,Grab,Surface water,7,-9999,7.3,-9999,74.4,0.48,4.305,3.285,0.215,0.148,1.8434,0.065,0.08,0.125,4.2543,0.5346,5.6425,0.9383,2.7464,1.5709,-9999,-9999,0.0015,-9999,-9999,-9999,-9999,-9999,-9999,184.8774,-9999,-9999,-9999,-9999,-9999,-9999,-9999,-9999,-9999,-9999,-9999,-9999,-9999,-9999,-9999,-9999,-9999,-9999,-9999,-9999,-9999,-9999,-9999,-9999,-9999,-9999,-9999,-9999,-9999,-9999,-9999,-9999,-9999,-9999,10.366,-9999,-9999,-8.1696,-83.83,-12.06,0.003,0.022,
10/18/2010 14:00,FLUME_LLJ,JEMEZ_S189,GRAB,Grab,Surface water,6.7,-9999,6.7,-9999,76.6,0.44,4.001,1.877,0.0001,0.1105,1.2575,0.065,0.08,0.125,3.3216,0.2248,5.0786,0.5349,2.5555,1.1197,-9999,-9999,0.0012,-9999,-9999,-9999,-9999,-9999,-9999,164.5946,-9999,-9999,-9999,-9999,-9999,-9999,-9999,-9999,-9999,-9999,-9999,-9999,-9999,-9999,-9999,-9999,-9999,-9999,-9999,-9999,-9999,-9999,-9999,-9999,-9999,-9999,-9999,-9999,-9999,-9999,-9999,-9999,-9999,-9999,31.9877,-9999,-9999,-9.5122,-86.77,-12.53,0.078,0.031,
10/18/2010 11:00,VGJJ7,JEMEZ_S190,GRAB,Grab,Surface water,7.7,-9999,7.1,-9999,91.5,0.68,6.93,2.256,0.159,1.1496,1.7559,0.0516,0.08,0.125,1.9332,0.3753,4.9067,0.9429,9.3976,1.0364,-9999,-9999,0.003,-9999,-9999,-9999,-9999,-9999,-9999,158.0134,-9999,-9999,-9999,-9999,-9999,-9999,-9999,-9999,-9999,-9999,-9999,-9999,-9999,-9999,-9999,-9999,-9999,-9999,-9999,-9999,-9999,-9999,-9999,-9999,-9999,-9999,-9999,-9999,-9999,-9999,-9999,-9999,-9999,-9999,69.9625,-9999,-9999,-9999,-80.4,-11.32,0.003,0.008,
10/18/2010 11:30,VGJJ9,JEMEZ_S191,GRAB,Grab,Surface water,7.1,-9999,7.2,-9999,82,0.84,7.373,2.157,0.133,1.0416,1.8738,0.0681,0.08,0.125,1.943,0.3796,5.1497,1.0009,9.5884,0.9858,-9999,-9999,0.0068,-9999,-9999,-9999,-9999,-9999,-9999,129.282,-9999,-9999,-9999,-9999,-9999,-9999,-9999,-9999,-9999,-9999,-9999,-9999,-9999,-9999,-9999,-9999,-9999,-9999,-9999,-9999,-9999,-9999,-9999,-9999,-9999,-9999,-9999,-9999,-9999,-9999,-9999,-9999,-9999,-9999,55.8067,-9999,-9999,-9999,-80.13,-11.47,0.013,0.009,
10/18/2010 12:00,EFJ2/VGS1trib,JEMEZ_S192,GRAB,Grab,Surface water,7.1,-9999,5.2,-9999,80.5,0.49,4.657,5.07,0.301,0.2641,1.5282,0.0375,0.0208,0.0497,2.6456,0.488,4.2953,0.8236,4.5853,1.7181,-9999,-9999,0.0037,-9999,-9999,-9999,-9999,-9999,-9999,157.8538,-9999,-9999,-9999,-9999,-9999,-9999,-9999,-9999,-9999,-9999,-9999,-9999,-9999,-9999,-9999,-9999,-9999,-9999,-9999,-9999,-9999,-9999,-9999,-9999,-9999,-9999,-9999,-9999,-9999,-9999,-9999,-9999,-9999,-9999,14.6471,-9999,-9999,-9999,-62.96,-7.37,0.005,0.01,
10/18/2010 12:00,EFJ3/VGS2,JEMEZ_S193,GRAB,Grab,Surface water,7.5,-9999,8.8,-9999,88.4,0.73,7.019,2.247,0.135,1.0236,1.8947,0.0482,0.08,0.0621,2.3103,0.7145,5.104,0.9794,9.2318,1.0388,-9999,-9999,0.0044,-9999,-9999,-9999,-9999,-9999,-9999,163.4126,-9999,-9999,-9999,-9999,-9999,-9999,-9999,-9999,-9999,-9999,-9999,-9999,-9999,-9999,-9999,-9999,-9999,-9999,-9999,-9999,-9999,-9999,-9999,-9999,-9999,-9999,-9999,-9999,-9999,-9999,-9999,-9999,-9999,-9999,58.7861,-9999,-9999,-9999,-79.78,-11.16,0.004,0.009,
10/18/2010 12:00,EFJ4/VGS3,JEMEZ_S194,GRAB,Grab,Surface water,7.6,-9999,7.9,-9999,91.7,0.78,7.263,2.025,0.0001,1.145,1.8063,0.065,0.08,0.125,2.065,0.6584,5.0584,0.9817,9.7533,0.9668,-9999,-9999,0.0048,-9999,-9999,-9999,-9999,-9999,-9999,136.888,-9999,-9999,-9999,-9999,-9999,-9999,-9999,-9999,-9999,-9999,-9999,-9999,-9999,-9999,-9999,-9999,-9999,-9999,-9999,-9999,-9999,-9999,-9999,-9999,-9999,-9999,-9999,-9999,-9999,-9999,-9999,-9999,-9999,-9999,57.5357,-9999,-9999,-9999,-81.33,-11.48,0.003,0.008,
10/18/2010 12:45,EFJ5/VGS4,JEMEZ_S195,GRAB,Grab,Surface water,7.3,-9999,8.3,-9999,91.2,0.8,7.289,2.119,0.0001,0.0045,0.3176,0.065,0.08,0.125,0.243,0.1166,4.5535,1.0533,9.8572,0.9065,-9999,-9999,0.0033,-9999,-9999,-9999,-9999,-9999,-9999,114.1027,-9999,-9999,-9999,-9999,-9999,-9999,-9999,-9999,-9999,-9999,-9999,-9999,-9999,-9999,-9999,-9999,-9999,-9999,-9999,-9999,-9999,-9999,-9999,-9999,-9999,-9999,-9999,-9999,-9999,-9999,-9999,-9999,-9999,-9999,40.4642,-9999,-9999,-9999,-81.36,-11.48,0.01,0.009,
10/18/2010 12:45,EFJ6/VGS5Jar,JEMEZ_S196,GRAB,Grab,Surface water,7.8,-9999,11.4,-9999,99.5,0.99,6.388,1.744,0.0001,1.3169,1.7474,0.0483,0.08,0.1796,2.6302,0.6797,5.4783,0.7419,9.0591,1.0399,-9999,-9999,0.0068,-9999,-9999,-9999,-9999,-9999,-9999,129.7214,-9999,-9999,-9999,-9999,-9999,-9999,-9999,-9999,-9999,-9999,-9999,-9999,-9999,-9999,-9999,-9999,-9999,-9999,-9999,-9999,-9999,-9999,-9999,-9999,-9999,-9999,-9999,-9999,-9999,-9999,-9999,-9999,-9999,-9999,167.2442,-9999,-9999,-9999,-80.19,-11.52,0.003,0.011,
10/18/2010 12:45,EFJ7/VGS6,JEMEZ_S197,GRAB,Grab,Surface water,7.6,-9999,9.9,-9999,97.2,0.77,7.135,1.939,0.0001,1.3437,2.0832,0.0976,0.08,0.044,2.3442,0.7232,5.0324,0.9192,9.4584,0.9522,-9999,-9999,0.0053,-9999,-9999,-9999,-9999,-9999,-9999,97.8826,-9999,-9999,-9999,-9999,-9999,-9999,-9999,-9999,-9999,-9999,-9999,-9999,-9999,-9999,-9999,-9999,-9999,-9999,-9999,-9999,-9999,-9999,-9999,-9999,-9999,-9999,-9999,-9999,-9999,-9999,-9999,-9999,-9999,-9999,90.6478,-9999,-9999,-9999,-81.66,-11.56,0.248,0.008,
