DateTime,SiteCode,SampleCode,SamplingMethod,SampleType,pH,EC,DO,Temp,TIC,TOC,TN,F-,Cl-,NO2-,Br-,NO3-,SO4,PO4,Be9,B11,Na23,Mg24,Al27,Si28,P31,K39,Ca40,Ti49,V51,Cr52,Mn55,Fe56,Co59,Ni60,Cu63,Zn64,As75,Se78,Sr88,Y89,Mo98,Ag107,Cd111,Sn118,Sb121,Ba138,La139,Ce140,Pr141,Nd145,Sm147,Eu153,Gd157,Tb159,Dy164,Ho165,Er166,Tm169,Yb174,Lu175,Tl205,Pb208,U238,NH4-N,Ortho-P,FI,HIX,SUVA254,SUVA280,SamplingNote
MST,,,,,pH,uS/cm,%,degC,mg/L,mg/L,mg/L,umoles/L,umoles/L,umoles/L,umoles/L,umoles/L,umoles/L,umoles/L,ug/L,ug/L,ug/L,ug/L,ug/L,ug/L,ug/L,ug/L,ug/L,ug/L,ug/L,ug/L,ug/L,ug/L,ug/L,ug/L,ug/L,ug/L,ug/L,ug/L,ug/L,ng/L,ug/L,ug/L,ug/L,ug/L,ug/L,ug/L,ng/L,ng/L,ng/L,ng/L,ng/L,ng/L,ng/L,ng/L,ng/L,ng/L,ng/L,ng/L,ng/L,ng/L,ug/L,ug/L,ng/L,(mg/L),(mg/L),nm/nm,nm/nm,au,au,
(Detection limit),,,,,,,,,0.05,0.1,0.05,5,5,5,5,5,5,5,0.1,0.1,0.1,0.1,0.1,1,1,0.1,0.1,0.1,0.1,0.1,0.1,0.1,0.1,0.1,0.1,0.1,0.1,0.1,0.1,0.001,0.1,0.1,0.1,0.1,0.1,0.1,0.001,0.001,0.001,0.001,0.001,0.001,0.001,0.001,0.001,0.001,0.001,0.001,0.001,0.001,0.1,0.1,0.001,0.01,0.01,,,,,
(Lab Method),,,,,pH_EC1,pH_EC1,OxyTem,OxyTem,TOC-VCSH,TOC-VCSH,TOC-VCSH,DionexIC,DionexIC,DionexIC,DionexIC,DionexIC,DionexIC,DionexIC,ICP-MS,ICP-MS,ICP-MS,ICP-MS,ICP-MS,ICP-MS,ICP-MS,ICP-MS,ICP-MS,ICP-MS,ICP-MS,ICP-MS,ICP-MS,ICP-MS,ICP-MS,ICP-MS,ICP-MS,ICP-MS,ICP-MS,ICP-MS,ICP-MS,ICP-MS,ICP-MS,ICP-MS,ICP-MS,ICP-MS,ICP-MS,ICP-MS,ICP-MS,ICP-MS,ICP-MS,ICP-MS,ICP-MS,ICP-MS,ICP-MS,ICP-MS,ICP-MS,ICP-MS,ICP-MS,ICP-MS,ICP-MS,ICP-MS,ICP-MS,ICP-MS,ICP-MS,SmartChem200,SmartChem200,Fluoromax4,Fluoromax4,UV_Vis,UV_Vis,
6/25/2013 13:00,WWTP,AZ_S1,GRAB,SW,-9999,-9999,-9999,-9999,6.9,10.54,33.52,19.07,3501.7378,5,5,2394.28,276.33,146.6,0.14,1083.95,119989,6011,9.03,9032,7143,43444,46648,1.23,1.28,1.58,3.6,81,1.53,2.89,20.95,189.5,0.81,0.51,96.79,19.06,0,0,0.07,0.81,0.27,12.94,3.08,4.57,2.6,48.05,8.04,2.48,9.13,7.11,1.52,1.69,5.56,1.19,35.67,0,0.38,0.36,163.58,-9999,-9999,-9999,-9999,-9999,-9999,Sampled by Nate;   O/H; O/H backup; DIC; anions; nut; TOC; POM; cat; 13C
7/2/2013 14:05,MG_S_OUT,AZ_S2,GRAB,SW,6.18,-9999,38.5,19.8,12.59,15.55,0.6269,17.3,90.3,5,5,5,44.07,5,0.45,362.8,11207,2846,61.39,9779,49.2,3538,13666,1.84,3.19,0.44,7.65,200.42,0.57,2.02,21.09,23.07,0.52,0.41,64.17,329.94,8.71,0,0.36,0.64,0.21,15.99,130.21,574.83,49.12,0,55.06,20.1,66.94,16.73,62.38,11.98,35.45,5.84,330.45,55.89,0.14,0.14,1127.63,-9999,-9999,-9999,-9999,-9999,-9999,Sampled by Nate; O/H; O/H backup; DIC; anions; nut; TOC; POM; cat; 13C
7/9/2013 11:00,WWTP,AZ_S3,GRAB,SW,-9999,-9999,-9999,-9999,10.05,9.919,16.31,23.36,3016.9553,5,5,1144.34,325.84,195.8,0.19,1222.39,104156,5810,8.35,9780,5960,42356,48212,1.41,0.45,0.4,5.57,26.92,0.62,2.74,18.19,139.04,0.85,0.04,95.7,36.47,0.03,0.01,0.1,1.49,0.22,12.19,20.77,20.77,21.87,72.35,23.65,20.37,30.11,23.26,20.97,17.99,22.86,20.07,210.69,176.9,8.3,0.65,924.25,-9999,-9999,-9999,-9999,-9999,-9999,Sampled by Nate; O/H; O/H backup; DIC; anions; nut; TOC; POM; cat; 13C
7/9/2013 10:30,MG_S_OUT,AZ_S4,GRAB,SW,6.38,-9999,49.2,17,8.795,7.329,0.4308,15.7223,62.2995,5,5,5,19.8401,5,0.49,301.52,10018,2551,37.19,10080,92.01,2332,12222,1.65,0.95,0.27,7.1,63,0.21,1.36,12.16,22.51,0.34,0.04,53.57,235.39,8.64,0,0.1,1,0.12,11.75,95.78,348.26,38.29,0,57.09,17.89,54.48,21.31,51.06,16.89,33.37,11.16,303.53,105.53,2.04,0.17,1095.54,-9999,-9999,-9999,-9999,-9999,-9999,Sampled by Nate; O/H; O/H backup; DIC; anions; nut; TOC; POM; cat; 13C
7/12/2013 9:45,MG_G_OUT,AZ_S5,GRAB,SW,5.36,-9999,29.5,16.8,1.769,18.1,0.563,5,66.3506,5,5,5,40.8708,5,0.23,71.94,5474,772,377.2,7114,67.36,1108.1,3403.71,4.33,0.81,0.46,6.51,180.96,0.14,1.89,26.09,27.35,0.68,0.1,32.03,1119.42,0.72,0.02,0.17,0.1,0.36,7.01,584.05,1849.48,185.92,789.14,212.2,43.22,223.88,43.41,226.8,41.86,119.73,17.91,117,16.06,0.01,0.49,124597,-9999,-9999,-9999,-9999,-9999,-9999,Sampled by Nate; O/H; O/H backup; DIC; anions; nut; TOC; POM; cat; 13C
7/12/2013 10:45,MG_S_OUT,AZ_S6,GRAB,SW,6.55,-9999,65.2,16.2,3.627,10.71,0.4827,5,65.9575,5,5,5,39.2696,5,0.31,72.02,5131,1400,73.32,6005,104.3,2032.91,5825.08,1.84,1.06,0.24,4.16,110.48,0.18,1.09,10.21,1.56,0.52,0.03,32.28,347.66,4.03,0.01,0.07,0.01,0.07,8.82,162.38,563.83,52.1,213.88,63.06,12.15,59.97,10.58,59.47,11.46,38.35,5.98,31.88,6.08,0.01,0.02,93939,-9999,-9999,-9999,-9999,-9999,-9999,Sampled by Nate; O/H; O/H backup; DIC; anions; nut; TOC; POM; cat; 13C
7/12/2013 11:50,MG_WEIR,AZ_S7,GRAB,SW,6.78,-9999,63.7,15.6,4.314,10.89,0.3901,17.2481,44.9613,5,5,5,39.0908,5,0.07,74.27,6168,1664,76.9,7450,95.08,1970.59,6802.32,2.27,1.15,0.18,5.28,117.54,0.22,0.69,9.84,2.3,0.53,0.07,37.62,276.1,8.68,0.02,0.08,0,0.04,8.75,122.49,456.92,41.51,199.98,58.43,15.26,58.33,8.36,43.26,12.06,31.89,5.35,31.98,4.28,0.01,0.02,141938,-9999,-9999,-9999,-9999,-9999,-9999,Sampled by Nate; O/H; O/H backup; DIC; anions; nut; TOC; POM; cat; 13C
7/16/2013 9:25,GR_FLUME,AZ_S38,GRAB,SW,5.15,-9999,57.8,14.4,2.62,24.79,4.9,5,50.6754,5,5,34.3429,22.6591,5,0.41,79.19,2535,1238,797.42,5152,161.9,1563.68,3586.25,12.76,0.88,1.35,16.78,398.86,0.34,0.73,3.77,1.91,0.34,0.12,30.35,2100.32,6.67,0.06,0.07,0.3,0.17,7.94,1000.92,2632.94,369.82,1658.85,417.05,88.43,465.29,78.08,456.24,80.6,248.22,35.27,224.3,34.87,0.2,0.36,222.09,-9999,-9999,-9999,-9999,-9999,-9999,Sampled by Nate; O/H; O/H backup; DIC; anions; nut; TOC; POM; cat; 13C
7/16/2013 10:25,MG_G_OUT,AZ_S39,GRAB,SW,5.59,-9999,70,16.2,0.38,22.61,0.42,5,30.5368,5,5,5,17.7252,5,0.47,72.52,2239,650,747.55,4312,162.8,1177.22,2437.59,7.87,0.69,0.51,4.59,280.67,0.19,1.22,6.29,2.58,0.5,0.02,22.52,1031.79,3.94,0.09,0.08,0.27,0.13,6.29,582.37,1865.16,199.41,824.14,218.26,41.67,222.23,40.78,219.26,43.16,113.1,17.86,110.32,16.67,1.41,0.4,143.86,-9999,-9999,-9999,-9999,-9999,-9999,Sampled by Nate; O/H; O/H backup; DIC; anions; nut; TOC; POM; cat; 13C
7/16/2013 11:45,MG_S_SEEP,AZ_S40,GRAB,SW,4.87,-9999,46.8,14,3.49,16.94,0.56,12.2142,71.1352,5,5,5,177.0761,5,0.57,77.75,4299,3174,1032.14,8082,199.22,2577.46,4962.57,25.82,1.7,0.77,15.11,769.38,1.15,7.34,59.44,4.1,0.52,0.1,32.52,3512.18,3.78,0.08,0.11,0.23,0.06,16.31,1050.65,3812.37,455.28,2142.03,658.41,155.1,663.41,115.37,705.44,144.19,449.28,70.34,501.51,77.05,1.15,0.28,626.39,-9999,-9999,-9999,-9999,-9999,-9999,Sampled by Nate; O/H; O/H backup; DIC; anions; nut; TOC; POM; cat; 13C
7/16/2013 11:55,MG_S_OUT,AZ_S41,GRAB,SW,6.53,-9999,73.3,15.7,1.65,28.5,2.49,5.3612,40.1007,5,5,5,21.3674,5,0.39,77.08,2737,1136,611.06,5202,174.55,1537.7,4427.32,10.34,1.42,0.64,6.48,354.87,0.38,0.87,12.27,2.59,0.6,0.15,27.79,1064.92,2.96,0.09,0.07,0.21,0.08,8.35,469.58,1511.18,154.16,706.6,193.71,39.76,220.08,38.44,220.08,40.57,117.65,16.43,112.78,17.85,0.88,0.28,306.29,-9999,-9999,-9999,-9999,-9999,-9999,Sampled by Nate; O/H; O/H backup; DIC; anions; nut; TOC; POM; cat; 13C
7/16/2013 12:55,MG_WEIR,AZ_S42,GRAB,SW,6.27,-9999,74.1,16.6,1.78,25.73,1.36,6.1892,42.3102,5,5,5,28.1527,5,0.34,76.92,2964,1263,665.2,5641,177.22,1603.59,4606.69,13.04,1.53,0.61,5.84,417.83,0.39,0.95,16.92,3.77,0.61,0.17,28.56,1064.72,3.4,0.09,0.07,0.18,0.08,8.4,454.74,1532.4,163.19,741.02,191.05,42.39,212.94,35.42,207.97,42.29,123.39,17.91,112.64,16.32,0.73,0.27,337.33,-9999,-9999,-9999,-9999,-9999,-9999,Sampled by Nate; O/H; O/H backup; DIC; anions; nut; TOC; POM; cat; 13C
7/16/2013 14:00,OR_low,AZ_S43,GRAB,SW,7.18,-9999,73.5,18.1,14.89,13.77,1.03,14.5272,-9999,5,5,44.6688,67.3584,5,0.16,81.34,16296,4661,26.12,6200,182.51,3028.98,19649.05,1.51,3,0.26,1.41,35.79,1.02,0.89,2.83,3.24,0.55,0.02,210.62,223.28,1.84,0.05,0.07,0.16,0.11,25.92,145.53,207.34,44.76,164.17,35.19,10.37,44.66,6.28,40.07,6.78,27.61,4.78,31.2,5.48,0.73,0.01,106.16,-9999,-9999,-9999,-9999,-9999,-9999,Sampled by Nate; O/H; O/H backup; DIC; anions; nut; TOC; POM; cat; 13C
7/16/2013 14:25,OR_mid,AZ_S44,GRAB,SW,7.32,-9999,73.4,16.2,11.17,14.08,1.97,9.0329,773.43,5,5,137.3875,96.3927,5,0.28,92.81,21460,5139,78.09,6770,178.46,2956.58,17759.32,3.57,2.15,0.23,2.78,67.01,0.97,0.89,2.65,2.47,0.44,0.01,239.12,250.91,1.3,0.04,0.07,0.16,0.04,28.11,180.37,245.87,47.66,228.44,44.84,17.73,49.27,8.21,46.55,9.57,39.6,6.75,41.41,8.87,0.64,0.1,53.1,-9999,-9999,-9999,-9999,-9999,-9999,Sampled by Nate; O/H; O/H backup; DIC; anions; nut; TOC; POM; cat; 13C
7/16/2013 14:55,OR_up,AZ_S45,GRAB,SW,6.37,-9999,64.7,15.6,7.56,17.85,3.34,9.2079,875.59,5,5,239.54,105.7394,5,0.24,99.41,23187,4885,177.77,6776,169.31,2841.22,15607.26,6.06,1.92,0.37,1.7,120.76,0.86,1.08,3.34,6.02,0.46,0.04,234.98,280,1.16,0.06,0.07,0.12,0.05,25.68,182.3,350.5,57.11,242.43,59.63,14.7,66.47,8.94,53.78,12.89,43.91,7.15,51.37,10.78,0.53,0.14,44.42,-9999,-9999,-9999,-9999,-9999,-9999,Sampled by Nate; O/H; O/H backup; DIC; anions; nut; TOC; POM; cat; 13C
7/17/2013 9:50,B2D_CDO_01,AZ_S50,GRAB,SW,7.64,-9999,77.8,26.7,12.79,11.29,2.9613,13.05,82.41,5,5,12.19,123.24,5,0.09,98.26,7015,4734,40.14,4720,99.94,3170.94,25252.69,1.57,3.62,0.23,1.66,71.83,0.69,0.76,8.85,1.83,0.66,0.74,75.6,273.21,1.04,0,0.03,0.02,0.17,12.92,161.94,310.46,37.35,175.85,39.74,16.87,47.09,7.87,48.18,3.95,21.96,4.41,24.74,3.45,0,0.17,488,-9999,-9999,-9999,-9999,-9999,-9999,Sampled by Ethan;  Filtering notes: Used to be labeled as AZG22; O/H; O/H backup; DIC; anions; nut; TOC; POM; cat; 13C
7/19/2013 9:55,MG_G_OUT,AZ_S51,GRAB,SW,6.61,-9999,-9999,-9999,1.38,18.63,0.65,5,39.0546,5,5,5,24.652,5,0.33,76.02,3126,676,445.37,5742,150.73,926.83,2721.32,4.69,0.66,0.48,3.82,186.68,0.14,0.36,5.87,1.38,0.35,0.18,26.71,1024.3,1.34,0.05,0.07,0.12,0.06,5.28,513.15,1717.21,177.75,734.78,198.83,42.38,223.94,39.47,217.91,35.65,119.5,17.27,105.64,17.27,0.36,0.23,131.55,-9999,-9999,-9999,-9999,-9999,-9999,Sampled by RJM;  Filtering notes: pH taken in lab; O/H; O/H backup; DIC; anions; nut; TOC; POM; cat; 13C
7/19/2013 11:10,MG_S_OUT,AZ_S52,GRAB,SW,7.03,-9999,-9999,-9999,4.54,24.48,5.09,8.758,52.2369,5,5,5,33.5015,5,0.21,76.26,4837,1638,233.61,8432,157.16,1496.08,6302.31,6.48,1.33,0.4,4.08,190.54,0.36,0.96,13.04,2.06,0.4,0.14,37.83,623.3,3.44,0.04,0.07,0.14,0.01,8.48,238.06,796.16,82.88,412.6,101.64,21.34,115.57,19.85,114.58,23.11,73.89,12.15,71.32,11.46,0.35,0.11,274.61,-9999,-9999,-9999,-9999,-9999,-9999,Sampled by RJM;  Filtering notes: pH taken in lab; O/H; O/H backup; DIC; anions; nut; TOC; POM; cat; 13C
7/19/2013 11:30,MG_WEIR,AZ_S53,GRAB,SW,7.1,-9999,-9999,-9999,4.43,16.22,1.51,9.1649,53.2094,5,5,5,44.8194,5,0.3,73.3,4962,1748,395.06,8277,163.33,1532.25,6389.21,10.51,1.67,0.59,4,329.37,0.38,0.96,16.12,1.95,0.43,0.06,37.65,657.93,5.33,0.05,0.06,0.14,0,9.3,293.42,1241.76,103.15,431.31,125.18,24.43,126.18,24.43,142.2,24.23,79.61,12.02,86.32,12.52,0.32,0.22,339.48,-9999,-9999,-9999,-9999,-9999,-9999,Sampled by RJM;  Filtering notes: pH taken in lab; O/H; O/H backup; DIC; anions; nut; TOC; POM; cat; 13C
7/19/2013 12:15,WWTP,AZ_S54,GRAB,SW,-9999,-9999,-9999,-9999,13.01,10.63,0.92,14.65,2419.5,5,5,1716.22,236.9,141.45,0.1,146.28,70536,5827,6.62,9618,-9999,23890.79,40206.45,0.65,0.65,0.76,1.72,42.68,1.89,3.35,16.83,86.77,0.81,0.26,133.56,15.63,0.73,0.05,0.11,0.25,0.16,14.63,2.09,6.21,1,10.82,3.61,3.01,6.31,0.06,3.01,0.4,6.81,1.6,5.81,0.7,0.51,0.22,6.31,-9999,-9999,-9999,-9999,-9999,-9999,Sampled by RJM; O/H; O/H backup; DIC; anions; nut; TOC; POM; cat; 13C
7/19/2013 12:58,OR_low,AZ_S55,GRAB,SW,-9999,-9999,-9999,-9999,5.6,8.85,21.8,14.599,-9999,5,5,5,73.0562,5,0.21,76.79,17001,5146,28.41,6315,180.91,3378.76,18719.13,1.54,3.17,0.25,7.72,45.6,0.94,0.95,1.93,1,0.77,0.02,216.87,167.9,1.13,0.04,0.06,0.09,0.03,28.02,101.33,158.95,29.51,134.81,22.82,9.04,35.37,5.01,25.63,8.54,22.45,5.17,28.11,5.76,0.28,0.01,53.35,-9999,-9999,-9999,-9999,-9999,-9999,Sampled by RJM; O/H; O/H backup; DIC; anions; nut; TOC; POM; cat; 13C
7/19/2013 13:35,OR_mid,AZ_S56,GRAB,SW,-9999,-9999,-9999,-9999,12.06,9.06,2.03,12.4714,916.74,5,5,154.9169,108.0691,5,0.19,88.74,22660,5734,20.65,7714,161.89,3068.61,20137.75,1.13,2.09,0.46,3.57,22.63,0.99,1.12,2.61,1.13,0.5,0.15,263.34,186.61,0.78,0.04,0.07,0.34,0.01,33.35,94.69,109.19,27.1,114.84,30.37,10.22,33.35,5.24,27.4,7.64,39.51,5.76,42.88,9.23,0.26,0.17,31.66,-9999,-9999,-9999,-9999,-9999,-9999,Sampled by RJM; O/H; O/H backup; DIC; anions; nut; TOC; POM; cat; 13C
7/19/2013 14:03,OR_up,AZ_S57,GRAB,SW,-9999,-9999,-9999,-9999,9.33,10.59,7.8,6.5151,1161.46,5,5,576.23,133.4045,5,0.21,102.38,29529,6922,30.27,7504,161.02,3123.51,21594.67,1.16,1.53,0.22,0.57,29.67,1.07,1.16,2.66,2.18,0.51,0.16,330.18,239.37,0.72,0.02,0.07,0.09,0.01,31.08,102.59,95.85,29.37,127.43,45.16,11.26,35,7.38,50.89,11.97,44.96,7.74,63.56,14.48,0.27,0.07,24.24,-9999,-9999,-9999,-9999,-9999,-9999,Sampled by RJM; O/H; O/H backup; DIC; anions; nut; TOC; POM; cat; 13C
7/22/2013 9:45,B2D_CDO_01,AZ_S58,GRAB,SW,8.34,-9999,90,28.3,10.03,17.46,2.821,21.94,175.8,5,5,5,250.36,5,0.09,99.71,13194,10007,4.29,9993,70.26,3810.79,49316,0.03,3.54,0.25,0.29,19.37,1.23,1.15,7.77,2.76,1.11,0.56,133.91,62.26,3.66,0,0.05,0,0.15,23.42,13.71,18.28,6.34,22.93,1.28,8.09,11.17,0,12.23,0,1.8,1.5,3.54,1.15,0,0.05,995.35,-9999,-9999,-9999,-9999,-9999,-9999,Sampled by Laura;  Filtering notes: toc split taken from hdpe bottle; O/H; O/H backup; DIC; anions; nut; TOC; POM; cat; 13C
7/23/2013 12:00,MG_G_OUT,AZ_S59,GRAB,SW,5.4,-9999,58.8,17.5,0.97,6.65,0.3,-9999,36.4329,5,5,5,22.3871,5,0.37,80.63,3031,626,402.63,6544,75.37,896.53,2484.83,3.73,0.56,0.39,3.25,159.54,0.11,0.53,5.85,7.5,0.56,0.06,23.64,1004.29,0.63,0.02,0.07,0.04,0.02,4.91,498.11,1626.67,164.69,745.34,203.08,37.28,208.13,36.98,208.13,34.25,100.03,14.75,108.31,15.36,0.05,0.19,130.34,-9999,-9999,-9999,-9999,-9999,-9999,Sampled by Nate; O/H; O/H backup; DIC; anions; nut; TOC; POM; cat; 13C
7/23/2013 12:55,MG_S_SEEP,AZ_S60,GRAB,SW,4.87,-9999,37.6,14.6,5.33,13.35,0.46,7.2022,49.8038,5,5,5,174.9537,5,0.34,79.9,4936,3808,133.17,10406,96.34,2767.31,6319.67,1.51,0.56,0.31,27.13,61.78,1.22,6.6,35.84,4.82,0.22,0.22,38.81,1613.88,1,0.02,0.12,0.05,0.03,15.05,325.75,731.69,175.25,912.59,268.32,66.44,263.37,50.3,282.18,64.16,237.63,33.07,249.71,41.88,0.06,0.04,243.57,-9999,-9999,-9999,-9999,-9999,-9999,Sampled by Nate; O/H; O/H backup; DIC; anions; nut; TOC; POM; cat; 13C
7/23/2013 13:10,MG_S_OUT,AZ_S61,GRAB,SW,6.55,-9999,70.4,15.3,-9999,14.44,0.42,8.7666,45.7265,5,5,5,29.8886,5,0.29,83.98,4531,1729,293.44,8737,86.58,1367.92,6511.13,7.7,1.57,0.34,5.23,245.85,0.35,0.95,13.6,1.85,0.48,0.17,38.09,715.85,2.35,0.05,0.07,0.03,0.02,8.72,268.94,959.8,91.98,412.61,129.97,24.59,133.97,23.9,131.97,27.79,80.98,13.1,83.18,12,0.06,0.13,268.94,-9999,-9999,-9999,-9999,-9999,-9999,Sampled by Nate; O/H; O/H backup; DIC; anions; nut; TOC; POM; cat; 13C
7/23/2013 13:15,MG_WEIR,AZ_S62,GRAB,SW,6.79,-9999,68.5,15.5,-9999,17.88,2.27,8.3355,47.7985,5,5,5,42.9895,5,0.28,79.62,4617,1821,256.01,8865,79.52,1486.61,6694.68,6.67,1.39,0.44,4.46,219.9,0.34,1.08,16.18,2.06,0.5,0.05,38.18,649.16,3.76,0.04,0.07,0.06,0.01,8.51,253.55,883.96,88.69,421.95,106.55,23.18,107.54,21.9,117.4,23.09,68.07,11.05,74.19,11.64,0.06,0.12,294,-9999,-9999,-9999,-9999,-9999,-9999,Sampled by Nate; O/H; O/H backup; DIC; anions; nut; TOC; POM; cat; 13C
7/23/2013 14:35,OR_low,AZ_S63,GRAB,SW,6.84,-9999,67.8,20.8,4.56,9.04,0.34,13.28,500.96,5,5,5,59.4349,5,0.21,84.08,16770,5065,16.37,7155,106.29,3296.17,18510.7,1.19,3.05,0.16,13.74,41.89,0.91,1.11,2,3.61,0.64,0.29,207.81,167.57,0.65,0.03,0.06,0.04,0.03,24.75,91.39,134.45,26.89,123.44,25.82,10.52,27.77,4.63,30.2,4.77,25.92,3.51,28.74,5.75,0.09,0.03,41.41,-9999,-9999,-9999,-9999,-9999,-9999,Sampled by Nate; O/H; O/H backup; DIC; anions; nut; TOC; POM; cat; 13C
7/23/2013 15:00,OR_mid,AZ_S64,GRAB,SW,6.63,-9999,65.8,18.7,4.7,7.95,2.14,8.8902,988.92,5,5,163.7909,109.487,5,0.25,92.15,22844,5974,17.68,8221,82.28,3132.19,20881.25,1.19,2.21,0.11,13.63,37.14,1.01,1.09,1.93,2.25,0.45,0.12,266.97,204.45,0.32,0.02,0.06,0.03,0.01,32.69,88.89,110.62,27.66,117.24,23.8,12.15,34.27,5.63,32.5,8.4,36.64,7.61,50.97,11.16,0.1,0.1,29.04,-9999,-9999,-9999,-9999,-9999,-9999,Sampled by Nate; O/H; O/H backup; DIC; anions; nut; TOC; POM; cat; 13C
7/23/2013 15:25,OR_up,AZ_S65,GRAB,SW,6.04,-9999,41.4,15.8,15.37,8.86,7.03,6.6744,1238.02,5,5,535.34,129.6848,5,0.25,104.33,29435,6817,19.1,7756,77.76,3093.4,21386.49,1.06,1.54,0.14,0.29,23.13,1,1.08,2.44,2.87,0.63,0,320.19,243.12,0.25,0.02,0.08,0.03,0,28.45,83.96,49.71,27.56,128.65,35.63,13.09,37.21,6.44,42.42,10.33,42.03,9.06,70.08,13.68,0.09,0.06,18.9,-9999,-9999,-9999,-9999,-9999,-9999,Sampled by Nate; O/H; O/H backup; DIC; anions; nut; TOC; POM; cat; 13C
7/26/2013 10:10,B2D_CDO_01,AZ_S83,GRAB,SW,7.68,-9999,79.1,27.1,13.83,9.61,1.498,15.66,77.65,5,5,5,72.31,5,0.16,95.12,7366,4914,15.68,4901,85.19,2514.43,25726.48,0.51,3.74,0.19,1.88,65.04,0.66,0.64,7.37,1.75,1.07,0.58,74.39,172.33,1.25,0,0.07,0,0.1,12.5,69.42,125.11,21.91,112.94,12.02,11.48,33.3,3.97,26.68,1.66,13.81,3.04,13.05,1.51,0,0.18,366.28,-9999,-9999,-9999,-9999,-9999,-9999,Sampled by Laura; O/H; O/H backup; DIC; anions; nut; TOC; POM; cat; 13C
7/26/2013 10:35,MG_G_OUT,AZ_S84,GRAB,SW,5.46,-9999,65.7,17.9,1.04,19.16,1.3521,-9999,-9999,-9999,-9999,-9999,-9999,-9999,0.29,94.64,3345,642,357.93,628,46.17,1105.82,3172.28,1.6,0.95,0.48,1.88,169.45,0.09,0.4,10.11,3.57,0.6,0.57,16.52,1502.23,0.03,0,0.07,0,0.11,4.56,694.03,2280.88,231.34,975.45,255.28,50.07,305.45,51.38,283.32,49.47,138.2,20.53,139.21,19.43,0,0.22,143.41,-9999,-9999,-9999,-9999,-9999,-9999,Sampled by Nate; O/H; O/H backup; DIC; anions; nut; TOC; POM; cat; 13C
7/26/2013 11:35,MG_S_SEEP,AZ_S85,GRAB,SW,4.8,-9999,37.7,14.6,8.3,12.54,2.5619,11.29,67.61,5,5,5,241.83,5,0.28,93.12,5242,4028,99.36,4014,66.7,3301.41,7390.47,0.44,0.84,0.33,21.18,56.01,1.69,5.64,34.14,5.61,0.35,0.63,28.8,2691.7,0.26,0,0.07,0,0.07,12.05,574.96,1115.77,269.17,1365.64,405.64,102.42,448.29,74.62,452.15,97.08,300.84,49.38,374.07,61.26,0,0.03,209,-9999,-9999,-9999,-9999,-9999,-9999,Sampled by Nate; O/H; O/H backup; DIC; anions; nut; TOC; POM; cat; 13C
7/26/2013 11:55,MG_S_OUT,AZ_S86,GRAB,SW,6.76,-9999,71.2,16.1,3.21,18.08,1.2758,6.18,41.18,5,5,5,24.66,5,0.17,91.1,4087,1416,202.18,1402,55.44,1402.08,6761.43,2.37,1.71,0.42,2.1,164.76,0.21,0.64,13.71,2.37,0.6,0.49,23.71,1126.48,0.87,0,0.02,0,0.17,5.96,361.45,1045.67,141.06,607.32,179.16,37.61,177.3,33.21,200.71,36.15,120.48,18.42,117.55,17.53,0,0.08,244.1,-9999,-9999,-9999,-9999,-9999,-9999,Sampled by Nate; O/H; O/H backup; DIC; anions; nut; TOC; POM; cat; 13C
7/26/2013 12:00,MG_WEIR,AZ_S87,GRAB,SW,6.59,-9999,67.7,16,3.46,15.36,2.0219,8.32,40.97,5,5,5,28.75,5,0.36,91.35,4127,1502,200.6,1487,55.63,1513.9,8543.89,2.61,2,0.41,2.36,186.32,0.22,0.72,16.1,2.34,0.54,0.29,23.94,1106.63,1.6,0,0.02,0,0.1,6.04,365.19,1134.29,130.78,609.65,157.85,33.8,167,30.18,184,31.99,97.18,16.8,108.65,14.89,0,0.12,267.8,-9999,-9999,-9999,-9999,-9999,-9999,Sampled by Nate; O/H; O/H backup; DIC; anions; nut; TOC; POM; cat; 13C
7/26/2013 12:15,WWTP,AZ_S88,GRAB,SW,-9999,-9999,-9999,-9999,7.72,8.49,27.2217,11.06,2321.37,5,5,1796.57,256.97,136.5,0.04,157.99,114771,6703,9.82,6687,6270,31450.29,51145,0.17,1.06,0.73,1.13,104.28,1.11,1.6,21.5,168.39,1.02,0.46,85.62,25.23,0,0,0.07,0.12,0.17,9.35,4.2,13.16,4.74,22.78,2.06,2.74,6.38,1.26,11.87,0,0.92,1.31,3.52,0,0,0.29,37.41,-9999,-9999,-9999,-9999,-9999,-9999,Sampled by Nate; O/H; O/H backup; DIC; anions; nut; TOC; POM; cat; 13C
7/26/2013 13:30,OR_low,AZ_S89,GRAB,SW,6.97,-9999,72.3,18.4,9.83,10.77,4.2195,17.51,229.42,5,5,12.01,27.52,13.19,0.03,92,8675,2910,12.36,2896,148.78,2436.76,17392.54,0.29,4.76,0.21,2.24,19.52,0.44,0.77,6.89,3.2,0.52,0.49,97.59,269.72,0.31,0,0.03,0,0.13,10.97,154.96,238.82,35.99,188.31,27.35,8.42,42.96,4.82,30.8,3.13,15.06,5.65,28.54,3.97,0,0.03,52.47,-9999,-9999,-9999,-9999,-9999,-9999,Sampled by Nate; O/H; O/H backup; DIC; anions; nut; TOC; POM; cat; 13C
7/26/2013 14:05,OR_mid,AZ_S90,GRAB,SW,6.43,-9999,62.9,16.2,12.43,6.69,3.8719,9.02,1056.79,5,5,128.16,108.41,5,0.15,100.32,23013,6188,11.12,6175,95.79,3571.14,24398.33,0.4,3.13,0.2,8.07,46.37,0.74,0.88,6.42,1.75,0.58,0.38,197.38,257.93,0,0,0.01,0,0.1,25.99,105.34,129.45,28.06,129.95,33.18,13.58,33.57,6.67,36.82,9.06,41.74,8.55,81.91,14.27,0,0.11,30.71,-9999,-9999,-9999,-9999,-9999,-9999,Sampled by Nate; O/H; O/H backup; DIC; anions; nut; TOC; POM; cat; 13C
7/26/2013 14:30,OR_up,AZ_S91,GRAB,SW,6.45,-9999,41.6,14.5,11.01,6.97,7.9413,6.24,1035.91,5,5,415.04,131.92,5,0.19,113.12,33647,8168,15.55,8154,89.29,4092.41,29156.34,0,2.24,0.19,0.55,22.15,0.79,1.01,7.08,4.55,0.85,0.19,244.64,290.42,0,0,0.05,0,0.1,23.13,78.07,48.83,27.27,106.91,26.17,12.99,35.83,6.26,51.09,7.88,40.36,12.81,84.07,14.47,0,0.13,22.94,-9999,-9999,-9999,-9999,-9999,-9999,Sampled by Nate; O/H; O/H backup; DIC; anions; nut; TOC; POM; cat; 13C
7/29/2013 9:50,B2D_GIN,AZ_S92,GRAB,SW,5.65,-9999,31,28.9,12.83,7.12,4.1931,9.44,90.12,5,5,141.42,61.22,5,0.07,99.24,7986,4246,4.72,4233,212.45,4328.83,16351.05,0.05,5.59,0.22,1.61,6.58,0.44,1.36,9.08,6.05,0.79,0.61,76.47,84.34,0.32,0,0.04,0,0.22,26.52,62.51,100.74,17.24,66.26,19.15,7.86,17.43,0.91,12.88,0,7.5,2.13,8.06,1.27,0,0.01,59.98,-9999,-9999,-9999,-9999,-9999,-9999,Sampled by Laura; O/H; O/H backup; DIC; anions; nut; TOC; POM; cat; 13C
7/29/2013 10:50,B2D_CDO_01,AZ_S93,GRAB,SW,6.61,-9999,87.4,29.1,7.78,6.32,1.4628,18.28,122.07,5,5,5,116.77,5,0.14,93.23,10671,7876,4.4,7862,122.29,2996.17,39252.97,0.35,3.04,0.16,14.04,33.71,1.01,0.77,7.13,2.12,1.11,0.54,111.22,45.18,2.59,0,0.05,0,0.13,17.8,18.19,33.91,5.41,23.53,0,5.92,13.54,0.44,6.56,0,0.63,2.16,3,0,0,0.1,599.3,-9999,-9999,-9999,-9999,-9999,-9999,Sampled by Laura; O/H; O/H backup; DIC; anions; nut; TOC; POM; cat; 13C
7/30/2013 11:05,MG_G_OUT,AZ_S94,GRAB,SW,5.58,-9999,52.9,18.1,1.59,15.79,3.5627,7,51.59,5,5,5,26.97,5,0.08,87.02,3621,667,302.04,653,90.1,1302.09,3294.32,2.5,0.93,0.44,3.26,155.98,0.12,1.07,10.12,11.11,0.51,0.49,17.27,1280,0.21,0,0.16,0,0.13,3.83,525.89,1843.1,179.6,758.08,236.06,46.83,232.19,40.88,228.12,42.17,125.02,19.15,125.02,19.55,0,0.2,122.24,-9999,-9999,-9999,-9999,-9999,-9999,Sampled by Nate; O/H; O/H backup; DIC; anions; nut; TOC; POM; cat; 13C
7/30/2013 12:15,MG_S_SEEP,AZ_S95,GRAB,SW,4.89,-9999,40.2,18.3,6.75,12.97,1.3025,13.72,66.99,5,5,5,223.82,5,0.43,88.93,5194,3873,328.52,3859,105.04,3192.82,6910.58,5.1,1.64,0.46,10.5,268.3,1.45,5.6,43.72,4.06,0.37,0.66,26.91,3811.37,0.27,0,0.09,0,0.07,12.65,928.33,3518.76,429.15,2090.75,651.13,156.96,670.24,118.04,714.16,142.15,437.16,67.02,492.18,72.13,0,0.14,428.35,-9999,-9999,-9999,-9999,-9999,-9999,Sampled by Nate; O/H; O/H backup; DIC; anions; nut; TOC; POM; cat; 13C
7/30/2013 12:30,MG_S_OUT,AZ_S96,GRAB,SW,6.36,-9999,67.6,18,4.48,1.11,2.4543,8.5,48.19,5,5,5,30.51,5,0.15,90.23,5035,1781,157.06,1768,97.17,1596.76,8090.66,2.24,2.06,0.5,3.51,191.57,0.24,0.91,14.77,5.05,0.54,0.72,29.65,773.41,1.67,0,0.08,0,0.08,6.81,257.8,964.28,98.16,379.76,93.01,21.22,112.04,23.3,139.71,23.3,74.17,13.28,93.3,13.88,0,0.12,214.37,-9999,-9999,-9999,-9999,-9999,-9999,Sampled by Nate; O/H; O/H backup; DIC; anions; nut; TOC; POM; cat; 13C
7/30/2013 12:40,MG_WEIR,AZ_S97,GRAB,SW,6.82,-9999,63.1,16.8,4.91,12.22,2.4887,9.57,50.02,5,5,5,38.58,5,0.19,85.94,5125,1922,141.34,1908,96.81,1659.66,8327.16,2.6,1.81,0.36,3.06,176.38,0.23,0.77,15.47,1.98,0.57,0.32,29.07,698.88,2.93,0,0.05,0,0.09,6.56,240.79,850.11,82.51,397.4,90.44,23.69,113.54,20.07,123.23,21.04,68.03,14.19,73.51,11.98,0,0.08,239.03,-9999,-9999,-9999,-9999,-9999,-9999,Sampled by Nate; O/H; O/H backup; DIC; anions; nut; TOC; POM; cat; 13C
7/30/2013 13:45,OR_low,AZ_S98,GRAB,SW,6.7,-9999,64.2,23.3,14.52,10.22,4.4702,12.53,512.73,5,5,5,39.41,5,0.29,93.96,16585,5155,18.89,5141,111.86,4045.39,22020.3,0.6,4.64,0.21,15.94,79,0.73,0.96,6.88,5.12,0.68,0.39,153.97,258.75,0.17,0,0.11,0,0.14,19.38,124.95,215.96,35.81,127.9,26.09,13.95,39.45,3.92,38.96,5.49,28.43,6.4,38.27,5.5,0,0.04,47.42,-9999,-9999,-9999,-9999,-9999,-9999,Sampled by Nate; O/H; O/H backup; DIC; anions; nut; TOC; POM; cat; 13C
7/30/2013 14:20,OR_mid,AZ_S99,GRAB,SW,6.69,-9999,59.1,17.9,12.95,6.35,2.6705,9,1100.97,5,5,88.72,107.71,5,0.15,101.21,23281,6350,21.16,6336,99.72,3749.44,25350.21,0.49,3.38,0.28,20.56,69.33,0.9,0.82,6.39,2.32,0.8,0.38,205.1,303.93,0,0,0.03,0,0.11,27.81,130.11,182.26,34.96,152.96,26.44,13.9,33.17,6.22,40.13,9.34,56.51,11.8,89.29,17.68,0,0.13,31.98,-9999,-9999,-9999,-9999,-9999,-9999,Sampled by Nate; O/H; O/H backup; DIC; anions; nut; TOC; POM; cat; 13C
7/30/2013 14:45,OR_up,AZ_S100,GRAB,SW,6.36,-9999,42.7,15.9,10.77,6.25,8.9881,6.18,1317.02,5,5,495.85,132.71,5,0.11,110.37,30301,7450,11.45,7436,95.94,3633.21,26761.05,0.49,2.29,0.16,0.26,20.4,0.81,0.84,6.86,1.96,0.64,0.49,246.33,292.61,0,0,0.05,0,0.08,23.59,83.9,60.91,25.68,125.4,39.81,14.11,42.3,4.37,56.63,9.85,55.44,12.39,94.25,18.11,0,0.07,21.5,-9999,-9999,-9999,-9999,-9999,-9999,Sampled by Nate; O/H; O/H backup; DIC; anions; nut; TOC; POM; cat; 13C
8/2/2013 14:25,MG_G_OUT,AZ_S101,GRAB,SW,4.48,-9999,-9999,-9999,1.487,34.366,7.0954,5,49.81,5,5,5,25.7,5,0.07,95.25,3502,651,412.03,637,164.08,1242,3872,3.55,0.3,0.49,3.16,184.44,0.15,0.18,4.77,0.92,0.76,0,20.16,985.72,0.37,0,0.04,0,0.12,4.33,468.67,1582.39,158.24,0,175.37,32.96,195.53,32.86,181.42,37.19,101.8,14.49,98.67,15.22,0,0.18,118.53,-9999,-9999,-9999,-9999,-9999,-9999,Sampled by Nate; FieldNotes: No field pH; DO; T only lab pH O/H; O/H backup; DIC; anions; nut; TOC; POM; cat; 13C
8/2/2013 14:45,MG_WEIR,AZ_S102,GRAB,SW,6.62,-9999,64.1,14.9,5.774,20.4618,4.7803,11.82,55.97,5,5,5,37.28,5,0,97.52,5443,2013,133.06,1998,183.53,1894,8125,3.98,0.84,0.34,2.28,141.33,0.28,0.87,11.31,2.45,0.74,0,39.37,501.74,4.74,0,0.05,0,0.08,8.14,163.54,531.01,60.27,0,66.93,15.55,87.53,11.8,77.83,15.65,49.97,10.55,63.6,9.56,0,0.04,233.81,-9999,-9999,-9999,-9999,-9999,-9999,Sampled by Nate; O/H; O/H backup; DIC; anions; nut; TOC; POM; cat; 13C
8/2/2013 12:15,OR_low,AZ_S103,GRAB,SW,6.63,-9999,61.6,17.8,10.74,17.308,4.4908,10.9,376.11,5,5,5,27.75,5,0,97.19,11898,3767,20.74,3752,207.21,3146,16785,0.29,3.43,0.22,1.13,47.49,0.51,0.7,1.99,2.41,0.66,0.24,148.6,228.45,0.26,0,0.07,0,0.23,18.64,163.33,205.41,43.19,130.26,30.36,8.18,37.07,3.99,31.96,6.21,26.05,3.76,37.27,5.77,0,0,44.79,-9999,-9999,-9999,-9999,-9999,-9999,Sampled by Nate; O/H; O/H backup; DIC; anions; nut; TOC; POM; cat; 13C
8/2/2013 12:40,OR_mid,AZ_S104,GRAB,SW,7.37,-9999,75.2,14.9,7.925,43.4249,13.0329,16.35,144.56,5,5,31.49,22.13,5,0,93.98,4573,2274,20.64,2259,248.28,2126,15999,1.1,2.78,3.31,4.11,22.64,0.47,1.03,1.36,0.12,0.64,0.06,110.51,94.68,0.39,0,0.04,0,0.13,12.4,62.12,85.26,13.23,56.21,19.04,6.08,17.33,2.7,10.68,2.4,8.94,2.7,17.73,3.23,0,0,43.88,-9999,-9999,-9999,-9999,-9999,-9999,Sampled by Nate; O/H; O/H backup; DIC; anions; nut; TOC; POM; cat; 13C
8/2/2013 13:10,OR_up,AZ_S105,GRAB,SW,6.49,-9999,49.1,14.4,11.44,28.6849,11.2963,7.01,1213.21,5,5,372.21,115.11,5,0.16,120.32,29521,7042,25.08,7027,164.98,3920,23948,1.19,1.7,93.6,4.63,295.69,1.19,26.71,2.6,2.93,0.92,0,292.94,257.97,0.35,0.01,0.06,0,0.09,28.35,102.98,96.56,33.14,191.69,44.86,10.3,34.06,6.18,43.13,11.22,52.72,6.47,78.72,15.5,0,0.06,24.88,-9999,-9999,-9999,-9999,-9999,-9999,Sampled by Nate; O/H; O/H backup; DIC; anions; nut; TOC; POM; cat; 13C
8/2/2013 13:45,WWTP,AZ_S106,GRAB,SW,-9999,-9999,-9999,-9999,5.821,17.828,39.5809,8.08,-9999,5,5,-9999,-9999,12.89,0,170.79,107332,6096,7.76,6081,6250,31572,43450,0.88,0.39,0.88,1.46,55.3,1.23,2.62,21.75,105.73,1.48,0.19,98.1,25.52,0,0,0.07,0.17,0.2,11.02,0.26,2.2,2.92,34.77,19.52,1.33,5.24,1.43,3.17,0,3.39,0.91,9.2,0.88,0,0.26,26.02,-9999,-9999,-9999,-9999,-9999,-9999,Sampled by Nate; O/H; O/H backup; DIC; anions; nut; TOC; cat; 13C
8/9/2013 12:40,MG_G_OUT,AZ_S143,GRAB,SW,5.53,-9999,37.4,18,2.377,12.36,0.4108,5,53.63,5,5,5,23.4,5,0.08,161.66,4014.18,613.82,286.43,7317.11,100.96,1022,3320,6,0.05,0.37,4.08,114.06,0.19,1.14,6.05,15.87,0.52,0,22.91,1049.31,0.53,0.01,0.12,0.01,0.28,4.85,498.87,1586.86,164.64,0,199.35,31.14,219.19,40.37,225.14,38.58,102.15,15.97,111.08,16.07,0.31,0.19,113.66,-9999,-9999,-9999,-9999,-9999,-9999,Sampled by Nate; O/H; O/H backup; DIC; anions; nut; TOC; POM; cat; 13C
8/9/2013 14:00,MG_S_OUT,AZ_S144,GRAB,SW,6.72,-9999,68,18.1,5.471,8.269,0.2953,10.15,54.55,5,5,5,25.15,5,0.29,155.09,5882.26,1834.57,100.9,9619.34,98.35,1760,8240,3.03,0.71,0.27,3.99,117.79,0.35,3.62,11.97,18.26,0.53,0,40.15,397.53,3.51,0.01,0.09,0.03,0.25,8.74,148.21,480.96,51.24,0,80,10.99,71.36,10.8,76.66,14.13,47.21,6.49,52.81,8.59,0.27,0.1,145.86,-9999,-9999,-9999,-9999,-9999,-9999,Sampled by Nate; O/H; O/H backup; DIC; anions; nut; TOC; POM; cat; 13C
8/9/2013 14:10,MG_WEIR,AZ_S145,GRAB,SW,6.38,-9999,56,15.6,5.697,8.304,0.2799,14.28,56.99,5,5,5,33.85,5,0,154.16,5670.74,1965.34,69.72,9486.83,95.15,1448,9240,1.98,0.36,0.22,2.14,83.66,0.32,1.04,9.13,3.56,0.74,0.13,38.59,388.83,5.99,0.01,0.07,0,0.13,7.78,130.59,325.01,43.89,36.33,45.36,13.94,65.79,13.45,71.97,13.94,51.35,7.2,55.48,6.99,0.2,0.03,201.88,-9999,-9999,-9999,-9999,-9999,-9999,Sampled by Nate; O/H; O/H backup; DIC; anions; nut; TOC; POM; cat; 13C
8/9/2013 15:20,OR_low,AZ_S146,GRAB,SW,6.69,-9999,62.2,22.9,13.2,7.875,0.517,13.39,-9999,5,5,5,29.28,5,0.23,167.03,16592.27,4989.1,14.16,6897.59,116.04,3520,21400,0.56,2.14,0.14,9.38,88.79,0.75,0.82,1.11,3.5,0.74,0,196.63,153.36,0.32,0.01,0.04,0,0.14,22.66,77.46,115.26,21.39,82.83,29.11,4.99,23.15,4.85,19.15,3.71,18.27,5.06,39.76,7.66,0.25,0,44.25,-9999,-9999,-9999,-9999,-9999,-9999,Sampled by Nate; O/H; O/H backup; DIC; anions; nut; TOC; POM; cat; 13C
8/9/2013 15:45,OR_mid,AZ_S147,GRAB,SW,6.41,-9999,57.4,20.3,13.5,5.798,0.6116,10.28,1196.79,5,5,37.18,104.71,5,0.03,173.88,23536.67,6548.17,11.14,7300.19,93.59,3280,25000,0.32,1.55,0.12,27.84,63.59,1.03,0.99,1.4,1.67,0.97,0.18,281.63,251.06,0.11,0.01,0.03,0,0.17,35.66,95.15,131.88,29.7,123.09,44.15,12.99,38.29,4.56,39.56,8.89,53.24,9.6,91.63,16.22,0.22,0.1,34.97,-9999,-9999,-9999,-9999,-9999,-9999,Sampled by Nate; O/H; O/H backup; DIC; anions; nut; TOC; POM; cat; 13C
8/9/2013 16:20,OR_up,AZ_S148,GRAB,SW,6.11,-9999,40.5,15.8,10.93,6.196,5.431,6.88,1294.07,5,5,369.8,128.88,5,0,189.09,29657,7077.6,12.67,6983.42,81.97,3280,24200,0.9,0.94,0.12,1.21,22.57,0.92,1.69,3.65,7.19,0.86,0,310.17,224.73,0.01,0.02,0.06,0,0.14,28.22,58.51,49.9,23.27,166.32,31.48,6.39,28.02,4.04,38.12,8.22,36.23,9.29,82.47,12.87,0.19,0.02,20.49,-9999,-9999,-9999,-9999,-9999,-9999,Sampled by Nate; O/H; O/H backup; DIC; anions; nut; TOC; POM; cat; 13C
8/9/2013 14:30,WWTP,AZ_S149,GRAB,SW,-9999,-9999,-9999,-9999,15.66,9.469,34.81,5,2574.06,5,5,2427.5,283.57,11.66,0,264.27,106000,5847.88,7.01,10497.46,7660,31400,42800,1.44,0.18,0.7,1.91,49.64,1.35,2.55,19.99,127.74,1.25,0.09,82.79,21.65,0,0.01,0.12,0.16,0.24,9.35,1.45,2.46,2.9,34.23,0,0.54,5529.11,0,2.94,0,5.15,1.23,66.02,2.35,0.37,0.27,35.59,-9999,-9999,-9999,-9999,-9999,-9999,Sampled by Nate; O/H; O/H backup; DIC; anions; nut; TOC; cat; 13C
8/13/2013 10:55,MG_G_OUT,AZ_S150,GRAB,SW,5.25,-9999,13.8,17.8,3.789,11.07,0.636,5,65.14,5,5,5,21.94,5,0.12,158.7,4227.11,668.29,252.32,8142.21,90.33,808,2880,1.82,0,0.38,9.38,105.8,0.2,1.36,4.86,10.48,0.48,0.06,25.05,937.23,0.33,0.02,0.07,0,0.19,5,423.2,1417.32,144.73,0,175.67,32.04,211.6,31.64,183.65,32.74,93.52,12.93,103.8,15.17,0,0.17,96.32,-9999,-9999,-9999,-9999,-9999,-9999,Sampled by Nate; O/H; O/H backup; DIC; anions; nut; TOC; POM; cat; 13C
8/13/2013 12:15,MG_S_OUT,AZ_S151,GRAB,SW,6.71,-9999,67.7,16.8,6.159,7.315,0.3775,12.5,59.98,5,5,5,24.89,5,0.31,156.91,6186.27,1961.6,66.2,9602.43,97.77,1568,8540,1.95,0.66,0.21,3.08,88.95,0.33,4.08,10.59,13.44,0.58,0,41.48,349.13,4.03,0.01,0.08,0,0.14,8.62,114.74,363.84,48.25,0,64.82,11.77,54.33,10.69,51.29,10.4,36.19,5.52,38.64,7.16,0,0.03,117.29,-9999,-9999,-9999,-9999,-9999,-9999,Sampled by Nate; O/H; O/H backup; DIC; anions; nut; TOC; POM; cat; 13C
8/13/2013 12:40,MG_WEIR,AZ_S152,GRAB,SW,6.56,-9999,47.1,14.5,6.502,7.462,0.311,12.4,57.22,5,5,5,35.77,5,0,156.95,5946.83,2018.79,54.4,9634.26,85.79,1328,8708,1.37,0.43,0.18,1.08,51.47,0.32,0.72,8.09,3.65,0.4,0,40.46,333.4,6.73,0.01,0.05,0,0.11,7.92,108.21,208.62,37.04,90.95,51.76,16.09,60.25,8.99,54.69,12.67,32.46,6.53,44.26,5.97,0,0,203.35,-9999,-9999,-9999,-9999,-9999,-9999,Sampled by Nate; O/H; O/H backup; DIC; anions; nut; TOC; POM; cat; 13C
8/13/2013 13:45,OR_low,AZ_S153,GRAB,SW,6.38,-9999,83,23,13.7,8.544,0.4078,12.24,-9999,5,5,5,15.64,5,0,161.16,17029.23,4897.89,23.83,6535.17,130.68,3220,20568,0.54,1.59,0.22,48.64,190.46,1.13,2.77,1.23,6.06,1.04,0.18,187.82,216.83,0.19,0.01,0.1,0,0.18,21.1,112.32,235.39,40.34,84.88,33.6,10.55,33.21,4.76,34.48,5.57,29.2,4.37,53.33,7.04,0.01,0.02,41.22,-9999,-9999,-9999,-9999,-9999,-9999,Sampled by Nate; O/H; O/H backup; DIC; anions; nut; TOC; POM; cat; 13C
8/13/2013 14:20,OR_mid,AZ_S154,GRAB,SW,6.27,-9999,64.3,19.3,15.81,5.564,0.3999,10.06,1153.78,5,5,13.87,102.81,5,0,172.61,24333.28,7068.43,11.99,7250.93,92.06,3520,26168,0.82,1.45,0.12,32.77,58.51,1.05,0.98,1.38,3.56,0.73,0,297.73,267.21,0,0.01,0.05,0,0.16,36.96,94.11,146.28,26.53,118.97,40.86,15.21,33.16,6.68,39.79,11.99,47.2,9.5,91.18,15.9,0.02,0.09,38.33,-9999,-9999,-9999,-9999,-9999,-9999,Sampled by Nate; O/H; O/H backup; DIC; anions; nut; TOC; POM; cat; 13C
8/13/2013 14:45,OR_up,AZ_S155,GRAB,SW,6.1,-9999,62.4,18.1,11.65,5.766,5.399,7.08,1353.11,5,5,368.16,133.7,5,0.1,207,30819.39,7587.25,15.5,7309.47,105.8,3560,25168,1.36,1.28,0.31,2.67,21.2,0.85,1.72,12.3,15.8,1.08,0,310.3,214,0,0.01,0.1,0,0.17,31.5,57,42.7,21.5,158,31.6,10.4,38.7,4.57,33.9,6.1,43,9.02,71.7,15.3,0,0.1,22.1,-9999,-9999,-9999,-9999,-9999,-9999,Sampled by Nate; O/H; O/H backup; DIC; anions; nut; TOC; POM; cat; 13C
8/16/2013 10:35,MG_G_OUT,AZ_S156,GRAB,SW,5.05,-9999,13.1,19.9,5.652,9.889,0.4151,5,63.01,5,5,5,20.21,5,0,8.74,4587.43,782.13,257.78,8238.73,110.79,1384,3080,1.77,0.06,0.51,16.3,105.99,0.21,3.35,5.7,14.1,0.75,0,29.2,900.92,0.44,0.01,0.14,0,0.14,5.56,409.96,1329.88,140.99,0,178.98,25.3,176.98,28.4,179.98,32.1,93.69,16.2,102.99,16.1,0,0.18,94.29,-9999,-9999,-9999,-9999,-9999,-9999,Sampled by Nate; O/H; O/H backup; DIC; anions; nut; TOC; POM; cat; 13C
8/16/2013 11:50,MG_S_OUT,AZ_S157,GRAB,SW,6.53,-9999,65.5,17.9,7.323,6.878,0.2912,12.79,57.39,5,5,5,23.72,5,0.1,6.83,6394.05,1995.65,38.15,9291.73,109.66,1710,8022,0.47,0.13,0.13,2.33,37.96,0.16,4.42,7.94,6.19,0.85,0,33.94,323.67,3.72,0.01,0.09,0,0.11,6.89,107.89,308.96,41.19,0,52.08,11.87,56.59,10.79,51.89,11.67,36.19,4.91,43.25,6.18,0,0.01,84.55,-9999,-9999,-9999,-9999,-9999,-9999,Sampled by Nate; O/H; O/H backup; DIC; anions; nut; TOC; POM; cat; 13C
8/16/2013 12:00,MG_WEIR,AZ_S158,GRAB,SW,6.06,-9999,38.1,16.8,7.771,6.996,0.2881,13.55,62.73,5,5,5,37.3,5,0,7.51,6191.88,2074.6,46.34,9327.71,97.42,1726,8239,0.44,0.52,0.24,1.77,41.41,0.26,3.58,8.28,3.34,0.45,0,43.88,320.46,7.4,0,0.07,0,0.11,8.88,104.52,160.72,34.51,128.19,55.81,12.52,52.95,6.66,53.25,9.37,35,5.38,39.84,5.24,0,0,185.97,-9999,-9999,-9999,-9999,-9999,-9999,Sampled by Nate; O/H; O/H backup; DIC; anions; nut; TOC; POM; cat; 13C
8/16/2013 13:10,OR_low,AZ_S159,GRAB,SW,6.64,-9999,87.3,27.9,15.83,8.327,0.4695,15.46,-9999,5,5,5,10.69,5,0,13.64,17064.35,4940.54,21.27,6387.86,138.24,3362,19639,0.03,1.54,0.33,35.91,175.56,0.91,1.88,0.81,1.18,1.19,0.06,197.93,205.66,0.23,0,0.04,0,0.1,20.97,105.34,197.63,29.19,64,25.68,9.93,29.49,4.29,37.32,4.72,24.98,5.74,48.45,6.86,0,0,37.52,-9999,-9999,-9999,-9999,-9999,-9999,Sampled by Nate; O/H; O/H backup; DIC; anions; nut; TOC; POM; cat; 13C
8/16/2013 13:40,OR_mid,AZ_S160,GRAB,SW,6.4,-9999,62.1,21.3,18.39,5.358,0.3121,11.06,1176.67,5,5,7.39,100.49,5,0,22.97,24005.8,7382.38,9.7,7917.45,105.74,3762,26914,0.37,1.46,0.22,9.9,47.13,0.91,1.5,1.14,0.58,0.88,0.15,318.13,240.6,0,0,0.03,0,0.12,39.41,78.32,80.5,24.46,139.61,39.7,7.52,20.99,4.72,39.11,10.1,48.12,8.5,90.3,16.14,0,0.02,39.11,-9999,-9999,-9999,-9999,-9999,-9999,Sampled by Nate; O/H; O/H backup; DIC; anions; nut; TOC; POM; cat; 13C
8/16/2013 13:55,OR_up,AZ_S161,GRAB,SW,6.14,-9999,55.6,19.4,13.03,5.31,5.801,8.21,1528.35,5,5,408.29,138.3,5,0,33.5,30025.44,7689.1,14.07,8320.21,100.89,3435,25724,0.69,1.23,0.44,0.74,25.17,0.87,1.58,2.02,2.1,1.05,0.07,336.25,235.86,0,0.01,0.07,0,0.1,29.73,72.94,44.5,22.79,191.27,27.35,7.9,33.1,4.53,31.32,10.9,48.76,8.77,82.06,17.54,0,0.05,21.7,-9999,-9999,-9999,-9999,-9999,-9999,Sampled by Nate; O/H; O/H backup; DIC; anions; nut; TOC; POM; cat; 13C
8/16/2013 12:15,WWTP,AZ_S162,GRAB,SW,-9999,-9999,-9999,-9999,13.99,8.942,35.8,5,2911.21,5,57.47,2576.88,276.46,11.55,0,109.73,109800,5796.38,8.37,10292.11,7340,32961,41564,1.24,0.19,1.85,1.29,58.62,1.2,4.59,22.64,115.67,1.69,0.01,78,17.16,0,0.01,0.08,0.23,0.27,9.54,0,1.18,2.84,32.43,0,0,1146.76,0.13,0.05,0,5.5,0.8,21.45,1.3,0,0.19,53.19,-9999,-9999,-9999,-9999,-9999,-9999,Sampled by Nate; O/H; O/H backup; DIC; anions; nut; TOC; cat; 13C
8/20/2013 10:30,MG_G_OUT,AZ_S163,GRAB,SW,5.03,-9999,13.1,19.2,4.29,9.668,0.4655,10.24,69.59,5,5,5,18.23,5,0,7.95,5076.98,816.31,201.8,9803.82,69.4,1636,3297,1.4,0.04,0.36,13.1,78.7,0.22,7.2,5.7,25,0.84,0.24,29.3,833,0,0,0.11,0.04,0.16,5.74,369,1230,123,0,158,28.3,162,27.2,161,25.6,89.2,13.22,88.8,15.1,0,0.13,78,-9999,-9999,-9999,-9999,-9999,-9999,Sampled by Nate; O/H; O/H backup; DIC; anions; nut; TOC; POM; cat; 13C
8/20/2013 11:45,MG_S_OUT,AZ_S164,GRAB,SW,6.54,-9999,61.7,17.9,7.53,6.422,0.3147,12.67,60.73,5,5,5,22.76,5,0.12,6.08,7115.9,2163.2,38.4,10931.38,72.2,1986,8783,0.75,0.73,0.28,2.54,65.9,0.3,6.4,10.8,11.2,0.69,0.05,43,284,4.7,0,0.06,0.01,0.19,8.81,97.8,266,29,0,54.1,9.5,41.5,9.02,54.2,8.2,31.6,5.54,35.7,5.67,0,0,86.1,-9999,-9999,-9999,-9999,-9999,-9999,Sampled by Nate; O/H; O/H backup; DIC; anions; nut; TOC; POM; cat; 13C
8/20/2013 12:00,MG_WEIR,AZ_S165,GRAB,SW,6.03,-9999,37.7,17.5,7.799,6.51,0.305,12.93,60.44,5,5,5,37.28,5,0.11,6.85,6436.63,2231.53,40.2,10248.66,63.9,1970,9267,0.63,0.49,0.29,1.3,30.3,0.29,1.41,7.4,4.45,0.65,0,44,275,7.1,0,0.05,0,0.11,8.83,84.6,154,31.3,127,42.4,4.73,44.5,7.05,50.2,8.6,33.5,4.2,38.6,5.4,0,0,179.6,-9999,-9999,-9999,-9999,-9999,-9999,Sampled by Nate; O/H; O/H backup; DIC; anions; nut; TOC; POM; cat; 13C
8/20/2013 14:05,OR_low,AZ_S166,GRAB,SW,6.18,-9999,59.5,19.7,10.51,9.83,0.5678,11.21,-9999,5,5,7.91,20.04,5,0.08,12,12234.99,3526.11,23.4,5249.53,115.8,2893,14152,0.74,1.87,0.19,43,97.4,0.71,0.77,1.51,2.86,0.94,0.11,139.3,190,0.07,0,0.04,0,0.15,16.8,115,237,33,11.1,28.2,11.4,39.9,6.16,29.1,6.2,17.9,5.63,36,7.3,0,0,28.1,-9999,-9999,-9999,-9999,-9999,-9999,Sampled by Nate; O/H; O/H backup; DIC; anions; nut; TOC; POM; cat; 13C
8/20/2013 14:35,OR_mid,AZ_S167,GRAB,SW,6.56,-9999,54,16.6,18.45,8.526,0.6977,9.95,1160.09,5,5,24.71,104.55,5,0,21.9,23793.03,7694.47,13.2,7748.1,80.7,4107,26937,0.41,1.75,0.13,71.8,96.8,1.23,1.04,1.32,1.47,1.13,0.11,322.3,219,0,0,0.05,0,0.16,44.4,84.8,151,27.8,104,31.1,13.9,27,5.56,39.9,5.8,41.6,10.01,83.3,17.3,0,0.07,39.7,-9999,-9999,-9999,-9999,-9999,-9999,Sampled by Nate; O/H; O/H backup; DIC; anions; nut; TOC; POM; cat; 13C
8/20/2013 14:55,OR_up,AZ_S168,GRAB,SW,6.36,-9999,40.2,15.3,12.99,7.955,5.79,8.53,1481.15,5,5,409.7,139.97,5,0.1,34.4,29999.65,8041.68,15.9,7594.7,75.6,3977,26883,0.54,1.23,0.15,3.65,20.3,0.88,1.29,2.3,3.15,1.27,0.12,342.3,226,0,0.01,0.06,0,0.12,31,80.9,67.5,26.6,181,33.8,9.3,28.8,3.78,38.2,7.2,49.2,9.56,82.2,15,0,0.05,21.1,-9999,-9999,-9999,-9999,-9999,-9999,Sampled by Nate; O/H; O/H backup; DIC; anions; nut; TOC; POM; cat; 13C
8/23/2013 10:15,MG_G_OUT,AZ_S187,GRAB,SW,5.63,-9999,54.6,16.5,2.28,14.95,0.36,5,40.65,5,5,5,20.98,5,0.12,6.44,3646.77,587.02,381.05,6585.91,96.4,933,2533,2.86,0.28,0.46,3.37,188.65,0.15,0.96,6.22,9.78,0.77,0.29,21.53,1282.03,0.28,0,0.06,0,0.21,4.51,624.22,2005.03,196.55,0,239.02,44.45,246.92,43.76,241,44.84,137.29,20.15,120.5,18.27,0,0.22,133.93,-9999,-9999,-9999,-9999,-9999,-9999,Sampled by Nate; O/H; DIC; anions; nut; TOC; POM; cat; 13C
8/23/2013 11:25,MG_S_OUT,AZ_S188,GRAB,SW,6.83,-9999,70.1,15.5,6.32,9.92,0.42,11.58,53.3,5,5,5,24.45,5,0,7.04,5290.04,1727.86,142.99,8487.81,110.72,1314,7227,3.29,0.89,0.33,2.96,167.39,0.28,0.76,10.29,1.75,0.65,0.26,39.43,590.91,2.75,0.01,0.03,0,0.11,7.94,200.67,590.91,68.77,0,95.39,17.24,108.9,17.85,114.96,16.03,63.12,9.46,65.04,9,0,0.05,180.1,-9999,-9999,-9999,-9999,-9999,-9999,Sampled by Nate; O/H; DIC; anions; nut; TOC; POM; cat; 13C
8/23/2013 11:35,MG_WEIR,AZ_S189,GRAB,SW,6.85,-9999,66.5,14.9,6.66,9.72,0.55,10.33,49.04,5,5,5,26.89,5,0,5.8,6495.79,2338.84,103.82,10780.72,94.12,1518,6906,2.29,0.81,0.31,2.06,135.02,0.28,1.51,10.6,3.76,0.67,0.1,39.81,484.08,4.9,0,0.03,0,0.13,8.01,165.03,448.08,58.01,0,85.01,12.7,66.71,15.7,95.32,15.5,45.01,9.65,54.31,7.03,0,0.03,210.64,-9999,-9999,-9999,-9999,-9999,-9999,Sampled by Nate; O/H; DIC; anions; nut; TOC; POM; cat; 13C
8/23/2013 12:00,WWTP,AZ_S190,GRAB,SW,-9999,-9999,-9999,-9999,20.35,8.55,33.21,8.76,-9999,5,5,-9999,-9999,12.72,0.16,121.25,12280,5723.08,6.8,9377.52,76,32923,39916,0.58,0.15,0.84,0.96,60.83,1.15,2.63,21.24,124.26,1.54,0.18,82.87,19.24,0,0,0.08,0.2,0.26,10.33,0,0,2.16,44.99,10.52,2.26,224.47,1.12,4.08,0,3.9,1.26,10.42,0.6,0,0.2,25.95,-9999,-9999,-9999,-9999,-9999,-9999,Sampled by Nate; O/H; DIC; anions; nut; TOC; POM; cat; 13C
8/23/2013 13:20,OR_low,AZ_S191,GRAB,SW,-9999,-9999,-9999,-9999,16.23,8.33,0.42,12.31,-9999,5,5,5,11.87,5,0.03,12.45,16435.74,4751.14,22.81,5991.27,130.31,3342,18360,0.84,1.27,0.3,30.09,167.38,0.83,2.51,1.29,5.32,1.07,0,194.57,213.2,0.02,0.01,0.02,0,0.11,20.22,119.55,218.19,35.47,119.55,41.94,7.94,23.51,6.92,31.28,5.68,23.91,5.26,49.12,8.53,0,0,41.25,-9999,-9999,-9999,-9999,-9999,-9999,Sampled by Nate; O/H; DIC; anions; nut; TOC; POM; cat; 13C
8/23/2013 13:45,OR_mid,AZ_S192,GRAB,SW,6.57,-9999,40.4,16.9,20.68,5.05,0.38,10.74,-9999,5,5,5.84,108.05,5,0,20.5,23729.52,7791.54,7.81,7069.5,111.27,3712,27495,0.16,1.37,0.27,25.08,86.29,0.95,0.92,1.14,0.43,0.95,0.01,344.66,160.24,0,0,0.03,0,0.14,46.28,51.06,57.33,18.41,103.51,21.5,9.85,26.37,3.08,24.58,5.77,39.21,7.64,75.24,16.62,0,0.03,39.01,-9999,-9999,-9999,-9999,-9999,-9999,Sampled by Nate; O/H; DIC; anions; nut; TOC; POM; cat; 13C
8/23/2013 14:10,OR_up,AZ_S193,GRAB,SW,6.14,-9999,37.8,15.8,18.51,5.16,5.61,6.07,-9999,5,5,-9999,137.62,5,0.06,35.73,31405.91,8566.73,10.65,7703.95,104.3,3486,28488,0.09,1.18,0.22,0.9,19.21,0.9,1.33,2.4,2.75,0.92,0,380.49,218.96,0,0,0.06,0,0.11,33.04,52.55,34.73,19.11,173.18,33.84,9.65,14.73,5.43,38.62,8.76,44.19,8.72,85.79,15.92,0,0.03,20.6,-9999,-9999,-9999,-9999,-9999,-9999,Sampled by Nate; O/H; DIC; anions; nut; TOC; POM; cat; 13C
8/27/2013 10:05,MG_G_OUT,AZ_S194,GRAB,SW,5.56,-9999,65.3,17,1.96,14.74,0.34,5,39.52,5,5,5,20.63,5,0.12,7.57,3360.93,598.55,375.49,7026.28,99.62,10784,2715,2.23,0.24,0.59,2.77,172.86,0.16,0.42,5.5,1.63,0.65,0.03,22.88,1266.96,0.18,0.02,0.03,0,0.12,4.57,604.5,1908.43,208.83,0,250.79,50.36,261.78,43.96,252.79,41.47,133.89,19.48,131.89,17.39,0,0.19,147.48,-9999,-9999,-9999,-9999,-9999,-9999,Sampled by Nate; O/H; O/H backup; DIC; anions; nut; TOC; POM; cat; 13C
8/27/2013 11:20,MG_S_OUT,AZ_S195,GRAB,SW,6.76,-9999,70.9,16.1,5.61,11.58,0.3,11.75,51.85,5,5,5,24.04,5,0,7.16,4852.1,1655.15,217.07,8772.52,109.44,1218,7132,4.87,0.93,0.48,4.11,217.28,0.29,0.81,11.77,2.18,0.69,0.02,39.53,774.55,2.29,0,0.04,0,0.11,8.07,269.58,806.74,99.58,0,120.71,21.83,140.83,24.24,122.72,23.24,89.43,11.05,78.46,10.44,0,0.07,240.01,-9999,-9999,-9999,-9999,-9999,-9999,Sampled by Nate; O/H; O/H backup; DIC; anions; nut; TOC; POM; cat; 13C
8/27/2013 11:10,MG_S_SEEP,AZ_S196,GRAB,SW,4.65,-9999,35.4,15.1,6.9,11.06,0.46,14.69,72.64,5,5,5,262.04,5,0.2,9.57,5125.35,3743.45,560.57,11819.76,123.21,2794,6312,14.12,1.01,0.8,31.3,419.59,1.75,7.8,46.11,4.07,0.46,0.35,37.61,3216.5,0.58,0.03,0.09,0,0.08,16.29,880.64,2734.72,383.06,514.36,559.78,136.64,592.36,93.49,582.49,123.41,387.99,60.42,462.04,65.65,0,0.09,418.2,-9999,-9999,-9999,-9999,-9999,-9999,Sampled by Nate; O/H; O/H backup; DIC; anions; nut; TOC; POM; cat; 13C
8/27/2013 11:30,MG_WEIR,AZ_S197,GRAB,SW,6.81,-9999,68.7,15.8,6.02,11.06,0.28,13.21,46.38,5,5,5,31.98,5,0,7.49,4936.53,1813.93,190.74,8957.82,115.98,1305,7517,4.35,0.79,0.38,4.05,209.13,0.3,0.8,17.88,3.77,0.64,0,40.61,664.77,3.9,0,0.05,0,0.11,8.52,255.6,744.59,85.77,0,117.19,24.75,128.31,20.1,126.29,23.94,71.43,11.19,79.91,13.13,0,0.29,278.44,-9999,-9999,-9999,-9999,-9999,-9999,Sampled by Nate; O/H; O/H backup; DIC; anions; nut; TOC; POM; cat; 13C
8/27/2013 13:00,OR_low,AZ_S198,GRAB,SW,6.79,-9999,65.6,23.5,18.46,6.96,0.31,15.22,-9999,5,5,5,37.7,5,0,12.92,15765.86,5063.55,23.05,6189.68,136.91,3591,20173,0.36,2.94,0.28,21.46,90.91,0.78,2.55,1.73,7.8,0.71,0.05,206.96,164.93,0.03,0.01,0.08,0,0.19,24.94,100.35,177.85,31.4,31.69,23.25,6.41,39.64,4.25,23.65,5.17,18.58,4.18,34.18,5.28,0,0,45.6,-9999,-9999,-9999,-9999,-9999,-9999,Sampled by Nate; O/H; O/H backup; DIC; anions; nut; TOC; POM; cat; 13C
8/27/2013 13:40,OR_mid,AZ_S199,GRAB,SW,6.42,-9999,57.5,20.2,19.51,5.57,0.41,8.86,-9999,5,5,6.66,83.55,5,0.06,21.98,22341.7,6354.74,24.27,7225.19,118.67,3459,24316,6.21,2.21,0.46,27.77,42.55,0.92,1.2,1.45,0.69,0.89,0,283.99,186.79,0,0,0.04,0,0.14,37.16,81.31,117.87,25.07,89.8,21.48,7.2,30.57,4.28,27.97,5.99,31.57,7.05,52.94,9.28,0,0.04,39.16,-9999,-9999,-9999,-9999,-9999,-9999,Sampled by Nate; O/H; O/H backup; DIC; anions; nut; TOC; POM; cat; 13C
8/27/2013 14:00,OR_up,AZ_S200,GRAB,SW,6.1,-9999,33.7,16.5,15.69,5.93,5.03,8.69,-9999,5,5,-9999,136.41,5,0,34.8,28337.48,7235.61,14.28,7642.86,101.62,3228,24712,1.94,1.19,0.24,1.51,23.1,0.82,1,1.85,1.27,0.96,0.16,326.46,200.26,0,0,0.05,0,0.11,30.14,65.43,46.2,20.03,197.28,30.73,10.01,33.11,5.51,44.12,9.81,35.19,8.68,66.62,15.96,0,0.02,21.22,-9999,-9999,-9999,-9999,-9999,-9999,Sampled by Nate; O/H; O/H backup; DIC; anions; nut; TOC; POM; cat; 13C
8/30/2013 10:05,MG_G_OUT,AZ_S201,GRAB,SW,5.67,-9999,66.3,16.7,1.44,15.88,0.31,5,34.28,5,5,5,17.69,5,0.16,6.75,3207.38,591.26,435.07,6349.97,36.72,678,2430,3.59,0.21,0.39,2.42,192.47,0.17,0.28,5.53,0.57,0.89,0.06,21.91,1281.14,0.02,0.01,0.05,0,0.11,4.71,655.37,2052.98,228,0,279.32,41.85,277.35,45.8,260.57,40.86,131.27,19.74,122.39,17.86,0,0.21,147.66,-9999,-9999,-9999,-9999,-9999,-9999,Sampled by Nate; O/H; O/H backup; DIC; anions; nut; TOC; POM; cat; 13C
8/30/2013 11:00,MG_S_OUT,AZ_S202,GRAB,SW,6.77,-9999,73.1,15.7,6.18,11.27,0.44,10.69,65.62,5,5,5,239.28,5,0.21,9.71,5036.91,3695.89,126.48,11140.17,45.92,2712,6039,0.5,0.11,0.29,11.28,47.31,1.32,7.03,42.56,3.45,0.42,0.14,36.32,3115.5,0.24,0.01,0.09,0,0.07,13.96,700.69,1316.27,331.54,2365.32,497.81,121.14,527.5,90.75,563.13,112.82,377.07,57.01,401.81,63.74,0,0,292.55,-9999,-9999,-9999,-9999,-9999,-9999,Sampled by Nate; O/H; O/H backup; DIC; anions; nut; TOC; POM; cat; 13C
8/30/2013 11:10,MG_S_SEEP,AZ_S203,GRAB,SW,4.94,-9999,40.6,15.6,4.63,14.46,0.35,7.09,40.38,5,5,5,22.26,5,0.03,7.86,4350.43,1985.98,308.19,7740.73,50.17,1418,6573,5.28,0.99,0.42,4.18,238.97,0.32,0.76,12,6.31,0.59,0,35.6,935.07,1.43,0.01,0.05,0,0.11,7.96,360.94,1021.34,122.96,0,159.65,35.8,181.46,32.62,171.55,33.81,111.06,15.67,114.03,13.78,0,0.1,284.19,-9999,-9999,-9999,-9999,-9999,-9999,Sampled by Nate; O/H; O/H backup; DIC; anions; nut; TOC; POM; cat; 13C
8/30/2013 11:20,MG_WEIR,AZ_S204,GRAB,SW,6.69,-9999,72.3,15.5,4.89,13.99,0.34,7.29,42.8,5,5,5,26.72,5,0,7.75,4448.39,1649.31,286.42,8060.23,40.21,1227,6879,4.87,0.98,0.34,3.24,241.84,0.31,0.76,14.43,4.37,0.92,0.18,36.42,887.73,2.61,0.01,0.04,0,0.11,8.07,340.36,980.28,122.41,0,153.26,33.24,166.2,28.16,150.28,29.26,105.49,14.49,105.49,16.32,0,0.1,316.08,-9999,-9999,-9999,-9999,-9999,-9999,Sampled by Nate; O/H; O/H backup; DIC; anions; nut; TOC; POM; cat; 13C
8/30/2013 12:15,OR_low,AZ_S205,GRAB,SW,6.92,-9999,72.4,18.9,17.98,7.3,0.27,9.2,438.2253,5,5,5,30.46,5,0.1,12.42,16139.61,5025.3,18.73,6034.27,63.3,3350,20531,0.59,2.61,0.23,2.13,54.62,0.58,1.05,1.67,3.15,0.87,0,203.4,164.65,0.03,0,0.04,0,0.14,24.16,86.37,113.38,20.01,94.65,40.62,9.96,33.13,4.02,28.89,2.96,20.41,4.5,36.28,6.83,0,0,55.31,-9999,-9999,-9999,-9999,-9999,-9999,Sampled by Nate; O/H; O/H backup; DIC; anions; nut; TOC; POM; cat; 13C
8/30/2013 13:00,OR_mid,AZ_S206,GRAB,SW,6.75,-9999,62.3,16.8,17.15,5.5,0.62,6.83,885.1502,5,5,30.04,91.54,5,0,20.82,22803.46,6282.22,12.59,6772.83,48.87,3257,23533,0.5,1.88,0.13,11.6,36.08,0.79,0.67,1.44,0.44,0.76,0,267.93,173.47,0,0,0.02,0,0.12,33.6,81.28,90.4,24.19,145.71,40.94,7.71,29.74,4.83,27.06,6.24,21.91,5.94,55.71,12.98,0,0.01,39.95,-9999,-9999,-9999,-9999,-9999,-9999,Sampled by Nate; O/H; O/H backup; DIC; anions; nut; TOC; POM; cat; 13C
8/30/2013 13:25,OR_up,AZ_S207,GRAB,SW,6.31,-9999,28.9,15.3,12.88,6.79,3.33,5.3,1217.69,5,5,250.3362,118.23,5,0,32.57,26534.91,6343.81,21.55,7527.72,32.47,3158,21617,0.79,1.31,0.12,0.77,21.55,0.73,1.38,2.69,3.81,0.85,0.1,283.9,179.38,0,0,0.05,0,0.11,25.45,53.31,52.31,18.74,154.33,33.97,8.18,21.35,4.78,37.48,6.21,34.17,6.45,68.75,15.13,0,0,20.14,-9999,-9999,-9999,-9999,-9999,-9999,Sampled by Nate; O/H; O/H backup; DIC; anions; nut; TOC; POM; cat; 13C
8/30/2013 11:35,WWTP,AZ_S208,GRAB,SW,-9999,-9999,-9999,-9999,9.25,8.66,38.18,11.94,3233.9978,5,5,2895.8438,311.0001,219.58,0.03,101.05,98200,5694.55,9.81,9143.82,7420,31468,40472,0.87,0.16,0.79,1.3,77.47,1.15,2.66,20.21,135.72,1.68,0.12,102.34,20.9,0,0,0.08,0.09,0.26,14.6,0,0.21,1.55,4.32,12.19,2.24,53.5,0.61,0.57,0,1.91,0.62,9.03,1.31,0,0.13,17.14,-9999,-9999,-9999,-9999,-9999,-9999,Sampled by Nate; O/H; O/H backup; DIC; anions; nut; TOC; POM; cat; 13C
9/3/2013 9:50,MG_G_OUT,AZ_S209,GRAB,SW,5.56,-9999,54.8,16.6,1.99,13.05,0.39,5,45.88,5,5,5,20.83,5,0,542.11,3867.53,620.79,260.53,9331.65,61.63,785,2658,2.02,0.44,0.4,2.98,111.23,0.09,1.85,5.45,11.7,0.79,0.31,23.05,1162.37,0,0,0.04,0.05,0.02,4.85,503.03,1603.27,166.34,0,191.59,30.36,196.4,36.27,204.42,38.48,104.81,18.77,111.83,14.65,0,0.21,110.22,-9999,-9999,-9999,-9999,-9999,-9999,Sampled by Nate; O/H; O/H backup; DIC; anions; nut; TOC; POM; cat
9/3/2013 10:30,MG_S_OUT,AZ_S210,GRAB,SW,4.84,-9999,33.5,15.8,5.11,13.88,1.08,10.26,119,5,5,5,207.75,5,0.26,472.42,4976.43,3355.08,134.55,13574.81,66.28,2528,5839,1.73,0.51,0.36,16.15,50.83,1.16,5.87,38.77,6.46,0.64,0.37,31.4,2890.35,0,0.01,0.09,0.05,0,14.13,593.02,1186.04,298,1886.2,446.71,99.17,499.33,81.23,493.35,108.64,355.81,54.62,412.62,61.99,0,0.01,269.1,-9999,-9999,-9999,-9999,-9999,-9999,Sampled by Nate; O/H; O/H backup; DIC; anions; nut; TOC; POM; cat; 13C
9/3/2013 11:40,MG_S_SEEP,AZ_S211,GRAB,SW,6.69,-9999,69.1,15,5.9,10.46,0.29,5,5,5,5,5,5,5,0.11,449.54,5129.97,1847.19,105.42,10548.25,66.14,1175,8152,2.57,0.95,0.24,4.19,121.33,0.26,1.7,11.44,8.98,0.82,0.23,40.88,687.23,1.41,0,0.04,0.04,0,8.68,223.77,679.28,74.69,0,109.6,15.62,104.43,19.46,138.24,25.06,70.91,9.52,80.96,10.27,0,0.09,202.89,-9999,-9999,-9999,-9999,-9999,-9999,Sampled by Nate; O/H; O/H backup; DIC; anions; nut; TOC; POM; cat; 13C
9/3/2013 11:55,MG_WEIR,AZ_S212,GRAB,SW,6.75,-9999,67.1,14.7,6.04,10.41,0.28,8.73,47.62,5,5,5,40.67,5,0,447.11,5132.67,2088.47,96.34,11061.79,65.06,1184,8889,2.07,0.89,0.23,4.7,122.3,0.28,0.21,12.83,2.15,0.5,0.34,41.9,652.61,2.71,0,0.01,0.04,0,8.9,210.52,666.65,73.38,0,95.14,19.74,107.67,20.31,112.88,23.66,69.77,10.39,71.78,10.26,0,0.19,238.59,-9999,-9999,-9999,-9999,-9999,-9999,Sampled by Nate; O/H; O/H backup; DIC; anions; nut; TOC; POM; cat; 13C
9/3/2013 12:50,OR_low,AZ_S213,GRAB,SW,6.91,-9999,69.5,20.5,16.49,7.59,0.25,11,435.41,5,5,5,26.56,5,0,437.61,15333.72,4921.24,21.63,8901.18,99.24,3372,20271,1.05,2.5,0.27,18.83,78.71,0.63,0.91,2.15,4.31,0.92,0.11,190.46,211.29,0,0,0.01,0.05,0.08,24.03,113.16,191.27,33.35,49.77,34.15,8.14,32.65,5.54,33.25,6.03,21.63,2.8,29.04,6.04,0,0.04,46.56,-9999,-9999,-9999,-9999,-9999,-9999,Sampled by Nate; O/H; O/H backup; DIC; anions; nut; TOC; POM; cat; 13C
9/3/2013 13:45,OR_mid,AZ_S214,GRAB,SW,6.61,-9999,57.8,16.4,15.86,5.52,0.38,8.57,937.88,5,5,13.32,91.23,5,0,443.31,23349.8,6405.09,16.66,9732.44,71.8,3241,24356,1.56,1.96,0.13,22.32,54.13,0.8,0.47,1.55,1.97,1.05,0.17,261.75,236.3,0,0,0.01,0.03,0.03,34.74,100.07,141.38,27.06,99.47,34.44,8.59,35.24,4.58,39.18,10.03,38.37,6.91,60.99,10.52,0,0.11,38.07,-9999,-9999,-9999,-9999,-9999,-9999,Sampled by Nate; O/H; O/H backup; DIC; anions; nut; TOC; POM; cat; 13C
9/3/2013 14:10,OR_up,AZ_S215,GRAB,SW,6.27,-9999,37.4,15.3,11.95,6.06,2.77,6.52,1212.31,5,5,203.73,118.7,5,0.03,445.47,27066.52,6397.9,17.88,9855.74,67.62,2746,21182,1.45,1.29,0.16,0.25,16.88,0.62,0.5,3.19,4.19,0.96,0.18,269.88,216.74,0,0,0.01,0.06,0.01,25.57,73.01,58.03,23.97,156.31,37.55,5.85,27.94,5.02,40.45,8.71,36.56,6.83,66.02,12.81,0,0.08,27.17,-9999,-9999,-9999,-9999,-9999,-9999,Sampled by Nate; O/H; O/H backup; DIC; anions; nut; TOC; POM; cat; 13C
8/23/2013 18:07,MG_WEIR,AZ_S251,GRAB_Auto,SW,-9999,-9999,-9999,-9999,-9999,-9999,-9999,5,124.89,5,5,5,563.6,5,-9999,-9999,-9999,-9999,-9999,-9999,-9999,-9999,-9999,-9999,-9999,-9999,-9999,-9999,-9999,-9999,-9999,-9999,-9999,-9999,-9999,-9999,-9999,-9999,-9999,-9999,-9999,-9999,-9999,-9999,-9999,-9999,-9999,-9999,-9999,-9999,-9999,-9999,-9999,-9999,-9999,-9999,-9999,-9999,-9999,-9999,-9999,-9999,-9999,-9999,-9999,Sampled by Nate; FieldNotes: Mineral Oil ISCO 
9/6/2013 9:55,MG_G_OUT,AZ_S254,GRAB,SW,-9999,-9999,-9999,-9999,2.63,11.69,0.44,5,50.04,5,5,5,21.98,5,0.08,411.6,4017.33,637.23,250.76,10142.28,49.75,675,2592,2.72,0.4,0.37,2.17,104.9,0.08,1.09,4.79,14.39,0.76,0.06,23.18,1058.97,0,0.01,0.03,0.02,0.01,4.11,461.55,1478.56,157.85,0,215.99,31.17,199.81,32.47,194.81,35.57,104.8,14.49,105,12.64,0,0.27,99.4,-9999,-9999,-9999,-9999,-9999,-9999,Sampled by Nate; O/H; O/H backup; DIC; anions; nut; TOC; POM; cat; 13C
9/6/2013 11:25,MG_S_SEEP,AZ_S255,GRAB,SW,-9999,-9999,-9999,-9999,6.65,10.94,0.44,15.06,85.39,5,5,5,198.27,5,0.13,413.01,5054.56,3413.31,125,14142.86,69,2458,5669,2.78,0.44,0.3,11.8,47.8,0.95,6.24,41.1,14.7,0.53,0.14,31.6,3020.08,0.07,0.02,0.07,0,0,13.4,629.02,1290.03,312.01,1842.55,466.21,106.3,527.01,88.4,485.01,112,362.01,54.1,405.01,65.4,0,0.01,281.01,-9999,-9999,-9999,-9999,-9999,-9999,Sampled by Nate; O/H; O/H backup; DIC; anions; nut; TOC; POM; cat; 13C
9/6/2013 11:40,MG_S_OUT,AZ_S256,GRAB,SW,-9999,-9999,-9999,-9999,6.35,8.91,0.3,7.51,49.28,5,5,5,27.62,5,0,415.01,5495.48,1926.46,94.16,11568.89,59.59,1042,7929,3.41,0.86,0.22,1.3,106.52,0.23,0.37,10.02,9.61,0.75,0.02,41.1,527.55,2.39,0.02,0.01,0,0,8.16,161.78,472.29,59.89,0,75.36,14.27,70.14,15.92,87.22,18.39,57.18,6.6,58.78,8.22,0,0.07,163.79,-9999,-9999,-9999,-9999,-9999,-9999,Sampled by Nate; O/H; O/H backup; DIC; anions; nut; TOC; POM; cat; 13C
9/6/2013 11:50,MG_WEIR,AZ_S257,GRAB,SW,-9999,-9999,-9999,-9999,6.59,9.17,0.29,9.53,50.29,5,5,5,39.76,5,0,404.69,5441.74,2141.08,79.25,11645.32,61.3,1179,8252,2.79,0.88,5.65,1.73,115.06,0.23,0.19,9.87,20.33,0.62,0.21,41.76,501.89,3.94,0.01,0.02,0,0,8.28,171.59,401.71,51.88,42.75,67.05,10.89,66.46,14.15,94.23,16.37,47.91,7.22,54.16,6.34,0,0.04,207.3,-9999,-9999,-9999,-9999,-9999,-9999,Sampled by Nate; O/H; O/H backup; DIC; anions; nut; TOC; POM; cat; 13C
9/6/2013 12:55,OR_low,AZ_S258,GRAB,SW,-9999,-9999,-9999,-9999,15.66,7.32,0.26,10.98,-9999,5,5,5,24.84,5,0,407.27,15828.57,5000.39,18.78,8783.66,79.87,3178,19626,1.75,1.9,0.13,1.37,64.06,0.47,0.37,1.46,10.74,0.9,0,189.99,164.09,0,0,0,0,0.01,21.25,73.35,89.76,19.97,121.09,30.55,3.55,23.12,5.47,23.53,7.33,22.24,3.56,32.62,3.67,0,0.02,42.41,-9999,-9999,-9999,-9999,-9999,-9999,Sampled by Nate; O/H; O/H backup; DIC; anions; nut; TOC; POM; cat; 13C
9/6/2013 13:10,OR_mid,AZ_S259,GRAB,SW,-9999,-9999,-9999,-9999,16.07,5.39,0.26,9.02,981.55,5,5,5,91.22,5,0,421.92,23266.92,6566.44,11.56,9495.69,59.41,3102,23267,1.6,1.74,0.14,12.79,48.54,0.68,0.26,1.37,15.61,0.73,0.16,268.06,266.85,0,0,0,0,0.02,34.94,85.19,115.3,27.69,157.59,29.71,9.53,27.6,6.35,38.67,10.19,44.41,7.77,75.12,14.36,0,0.08,37.86,-9999,-9999,-9999,-9999,-9999,-9999,Sampled by Nate; O/H; O/H backup; DIC; anions; nut; TOC; POM; cat; 13C
9/6/2013 13:25,OR_up,AZ_S260,GRAB,SW,-9999,-9999,-9999,-9999,12.3,5.39,0.26,6.89,-9999,5,5,207.12,120.81,5,0.02,421.31,27841.94,6662.6,13.61,9900.44,52.17,2882,22001,1.25,1.42,0.13,0.06,15.16,0.61,0.6,2,10.2,0.93,0.24,274.84,168.33,0,0,0.01,0,0,25.5,60.24,52.37,20.18,114.68,17.62,6.14,26.43,3.99,34.26,8.95,38.19,6.3,61.23,10.25,0,0.05,18.21,-9999,-9999,-9999,-9999,-9999,-9999,Sampled by Nate; O/H; O/H backup; DIC; anions; nut; TOC; POM; cat; 13C
9/6/2013 12:05,WWTP,AZ_S261,GRAB,SW,-9999,-9999,-9999,-9999,15.18,9.36,27.32,13.45,-9999,5,5,-9999,-9999,162.92,0,461,95400,5647.94,10.89,9733.39,8040,32874,38815,1.86,0.4,1.01,0.8,54.46,1,1.67,18.92,132.42,1.28,0.09,106.74,22.46,0,0.01,0.03,0.2,0.12,15.19,5.81,4.28,0.76,19.61,5.25,2.63,7.87,0.7,3.58,0.52,3.31,0.6,5.28,0.04,0,0.17,15.63,-9999,-9999,-9999,-9999,-9999,-9999,Sampled by Nate; O/H; O/H backup; DIC; anions; nut; TOC; POM; cat; 13C
9/10/2013 11:00,MG_G_OUT,AZ_S262,GRAB,SW,6.9,-9999,66.2,16.6,1.46,18.13,0.35,5,34.2,5,5,5,15.98,16.47,0,413.26,3508.37,627.38,435.82,9400.37,58.14,464,3550,4.18,0.54,0.37,2.11,181.5,0.14,0,5.66,1.64,0.78,0.16,21.84,1456.14,0,0.01,0.01,0,0.01,4.46,686.03,2153.44,218.42,0,237.08,38.86,292.25,50.25,291.23,47.68,136.38,18.04,136.38,14.62,0,0.24,128.18,-9999,-9999,-9999,-9999,-9999,-9999,Sampled by Nate; FieldNotes: field pH broken O/H; O/H backup; DIC; anions; nut; TOC; POM; cat; 13C
9/10/2013 11:30,MG_S_SEEP,AZ_S263,GRAB,SW,6.44,-9999,42.7,16.3,6.44,11.63,0.45,11.12,66.69,5,5,5,218.83,5,0.3,405.04,4925.15,3687.96,283.13,13741.18,68.41,2640,6225,5.68,0.74,0.37,8.99,158.19,1.2,6.61,47.05,5,0.72,0.24,34.06,3758.24,0,0.01,0.07,0.05,0,14.64,944.1,2901.81,434.26,747.11,599.71,142.07,671.04,108.92,681.12,142.07,432.25,63.58,498.75,75.06,0,0.09,481.62,-9999,-9999,-9999,-9999,-9999,-9999,Sampled by Nate; FieldNotes: field pH broken O/H; O/H backup; DIC; anions; nut; TOC; POM; cat; 13C
9/10/2013 12:15,MG_S_OUT,AZ_S264,GRAB,SW,6.85,-9999,72.1,14.7,4.28,16.16,0.36,5.93,43.28,5,5,5,20.84,5,0.08,394.31,4292.49,1509.3,222.74,10612.54,51.87,898,6567,3.95,0.89,0.56,4.45,171.57,0.26,0.42,11.94,1.94,0.51,0.1,33.11,1083.59,0.8,0.01,0.03,0,0.02,8.38,364.21,909.01,132.44,126.92,177.79,38.43,191.64,37.22,188.63,38.63,97.12,17.03,114.38,16.74,0,0.49,254.84,-9999,-9999,-9999,-9999,-9999,-9999,Sampled by Nate; FieldNotes: field pH broken O/H; O/H backup; DIC; anions; nut; TOC; POM; cat; 13C
9/10/2013 12:25,MG_WEIR,AZ_S265,GRAB,SW,7.09,-9999,71.5,14.1,4.53,15.37,0.38,6.48,35.23,5,5,5,20.15,5,0,393.51,4430.56,1658.52,198.22,10909.75,62.8,1021,6940,3.65,1.02,0.37,3.84,166.82,0.26,0.61,14.23,3.34,0.6,0.25,34.74,998.97,1.65,0,0.01,0,0.02,8.53,328.74,850.8,114.81,231.1,153.28,24.53,159.95,29.93,169.77,34.93,101.27,13.72,106.47,12.5,0,0.13,269.86,-9999,-9999,-9999,-9999,-9999,-9999,Sampled by Nate; FieldNotes: field pH broken O/H; O/H backup; DIC; anions; nut; TOC; POM; cat; 13C
9/10/2013 13:30,OR_low,AZ_S266,GRAB,SW,7.68,-9999,72.5,18.3,16.37,7.64,0.23,10.84,1126.86,5,5,5,26.22,5,0,393.43,15524.45,4910.52,19.57,9194.95,89.76,3140,21000,2.13,2.84,0.16,11.17,49.92,0.6,0.82,1.97,4.75,0.92,0.06,190,197.71,0,0,0.04,0,0.06,22.34,119.61,176.95,30.05,51.01,23.72,3.74,29.95,4.4,30.25,6.96,28.47,4.45,36.28,5.17,0,0.04,59.31,-9999,-9999,-9999,-9999,-9999,-9999,Sampled by Nate; FieldNotes: field pH broken O/H; O/H backup; DIC; anions; nut; TOC; POM; cat; 13C
9/10/2013 14:00,OR_mid,AZ_S267,GRAB,SW,7.78,-9999,61.6,15.9,16.46,5.65,0.49,9.41,1357.59,9.24,5,23.01,84.85,5,0,410.23,22788.1,6146.84,14.64,10195.2,66.7,2933,22590,1.48,1.96,0.14,12.84,37.51,0.72,0.11,1.24,0.67,0.86,0.05,246.94,213.64,0,0,0,0,0,30.59,93.48,128.38,23.27,82.55,26.28,6.07,19.97,4.46,37.41,9.03,30.29,5.52,57.67,10.98,0,0.1,39.62,-9999,-9999,-9999,-9999,-9999,-9999,Sampled by Nate; FieldNotes: field pH broken O/H; O/H backup; DIC; anions; nut; TOC; POM; cat; 13C
9/10/2013 14:25,OR_up,AZ_S268,GRAB,SW,7.76,-9999,40.1,15.3,12.82,6.87,3.54,6.91,-9999,5,5,-9999,109.42,5,0.05,421.79,26312.6,6400.03,24,10332.76,54.93,2672,21455,2.04,1.46,0.17,0.15,21.89,0.62,0.38,1.83,1.53,0.99,0,268.34,216.92,0,0.01,0.01,0,0,25.11,80.34,67.49,25.91,206.37,47.3,8.93,28.66,4.96,39.87,9.51,38.97,6.16,66.48,12.07,0,0.07,22.09,-9999,-9999,-9999,-9999,-9999,-9999,Sampled by Nate; FieldNotes: field pH broken O/H; O/H backup; DIC; anions; nut; TOC; POM; cat; 13C
9/13/2013 9:45,MG_G_OUT,AZ_S269,GRAB,SW,6.17,-9999,55.7,15.1,2.66,13.49,0.33,5,43.21,5,5,5,20.77,5,0.13,398.4,3792.26,608.76,302.06,10847.86,53.59,445,2455,3.23,0.42,0.69,2.33,123.43,0.1,0,4.4,3.89,0.75,0.2,22.08,1174.12,0,0.01,0.02,0,0,4.25,524.84,1716.03,173.61,0,240.04,36.33,205.72,38.74,216.76,41.14,118.42,16.77,115.2,14.22,0,0.17,107.38,-9999,-9999,-9999,-9999,-9999,-9999,Sampled by Nate; FieldNotes: field pH broken O/H; O/H backup; DIC; anions; nut; TOC; POM; cat; 13C
9/13/2013 11:05,MG_S_SEEP,AZ_S270,GRAB,SW,5.87,-9999,34.4,13.8,8.42,10.98,0.39,9.93,62.59,5,5,5,213.48,5,0.21,396.64,4985.78,3466.3,134.2,14729.8,66.31,2434,5599,2.04,0.41,0.38,6.95,50.2,1.15,6.23,40.16,5.51,0.63,0.32,31.51,3270.57,0,0,0.06,0,0,12.82,686.92,1361.91,352.9,2139.79,534.03,125.26,552.72,93.05,575.58,119.29,390.68,58.85,395.65,63.42,0,0.02,268.41,-9999,-9999,-9999,-9999,-9999,-9999,Sampled by Nate; FieldNotes: field pH broken O/H; O/H backup; DIC; anions; nut; TOC; POM; cat; 13C
9/13/2013 11:15,MG_S_OUT,AZ_S271,GRAB,SW,7.15,-9999,69.7,13.5,5.96,10.57,0.25,7.5,46.13,5,5,5,26.89,5,0,390.13,5094.26,1821.64,148.9,12319.38,53.61,963,7711,3.53,1.04,0.25,3.46,151.88,0.26,0.57,10.62,1.19,0.68,0.21,39.01,679,1.35,0.01,0.01,0,0,8.31,226.33,708.78,85.87,0,123.29,19.17,104.83,17.87,127.06,22.53,86.17,8.97,78.72,10.34,0,0.1,205.49,-9999,-9999,-9999,-9999,-9999,-9999,Sampled by Nate; FieldNotes: field pH broken O/H; O/H backup; DIC; anions; nut; TOC; POM; cat; 13C
9/13/2013 11:35,MG_WEIR,AZ_S272,GRAB,SW,7.17,-9999,66.7,13.4,6.11,10.61,0.27,8.66,47,5,5,5,37.43,5,0.08,388.42,5068.26,2019.48,165.33,12533.68,55.08,1065,8199,4.81,0.92,0.27,4.27,172.3,0.26,0.11,12.05,1.2,0.67,0,39.64,642.38,2.63,0.02,0,0,0,8.35,222.1,705.13,79.18,0,114.73,16.4,106.37,17.93,112.34,21.71,59.66,10.94,70.01,8.24,0,0.1,232.05,-9999,-9999,-9999,-9999,-9999,-9999,Sampled by Nate; FieldNotes: field pH broken O/H; O/H backup; DIC; anions; nut; TOC; POM; cat; 13C
9/13/2013 13:20,OR_low,AZ_S273,GRAB,SW,7.52,-9999,57.2,19.3,16.03,7.2,0.23,5,11.79,5,5,5,5,5,0,533.17,14955.27,4804.65,21.33,9571.77,109.62,3200,19005,1.16,2.25,0.22,18.54,77.83,0.61,0.56,1.69,3.68,0.68,0.07,184.57,197.32,0,0.01,0.02,0.02,0.05,23.32,114.61,181.38,29.5,72.05,35.48,8.67,26.17,4.82,34.88,7.85,25.11,3.79,39.36,6.37,0,0.05,43.35,-9999,-9999,-9999,-9999,-9999,-9999,Sampled by Nate; FieldNotes: field pH broken O/H; O/H backup; DIC; anions; nut; TOC; POM; cat; 13C
9/13/2013 14:00,OR_mid,AZ_S274,GRAB,SW,7.51,-9999,57.7,16.8,15.73,5.45,0.41,8.62,-9999,5,5,17.38,89.89,5,0,534.47,22870.91,6214.58,14.33,10439.78,96.94,3036,23068,1.17,1.94,0.17,10.85,41.11,0.69,0.19,1.41,0.45,0.78,0.03,249.02,209.01,0,0,0.01,0,0,31.45,86.49,110.77,26.67,104.01,33.24,8.85,33.64,3.98,37.02,7.38,30.65,8.47,60.81,11.53,0,0.08,31.45,-9999,-9999,-9999,-9999,-9999,-9999,Sampled by Nate; FieldNotes: field pH broken O/H; O/H backup; DIC; anions; nut; TOC; POM; cat; 13C
9/13/2013 14:30,OR_up,AZ_S275,GRAB,SW,7.15,-9999,37.3,16.2,11.76,6.7,2.65,6.92,-9999,5,5,193.5,112.94,5,0,547.25,25101,5886.97,28.85,10167.86,84.57,2608,20198,1.47,1.39,0.28,0.13,20.6,0.59,0.33,1.91,0.82,1.09,0.18,252.93,227.85,0,0,0.01,0,0,24.18,93.63,82.78,30.55,232.33,40.6,6.59,38.11,6.48,41.39,10.72,39.5,8.21,72.34,12.41,0,0.06,26.57,-9999,-9999,-9999,-9999,-9999,-9999,Sampled by Nate; FieldNotes: field pH broken O/H; O/H backup; DIC; anions; nut; TOC; POM; cat; 13C
9/13/2013 12:00,WWTP,AZ_S276,GRAB,SW,-9999,-9999,-9999,-9999,9.89,8.67,35.78,14.71,-9999,5,5,-9999,-9999,185.99,0.04,463.63,97200,5666.35,7.32,10636.87,8180,30704,39676,1.83,0.43,0.68,0.64,48.66,1.03,2.27,16.85,127.62,1.54,0.09,109.88,14.36,0,0,0.04,0.12,0.15,15.98,5.26,4.89,1.76,34.8,6.1,0.18,0,0.5,6.48,1.36,3.04,0,3.09,0.22,0,0.13,10.47,-9999,-9999,-9999,-9999,-9999,-9999,Sampled by Nate; O/H; O/H backup; DIC; anions; nut; TOC; POM; cat; 13C
9/18/2013 11:35,MG_G_OUT,AZ_S277,GRAB,SW,5.7,-9999,38.5,16.8,2.757,10.39,0.3585,5,54.65,5,5,5,22.68,5,0.13,5.1,4133.73,652.06,224.88,9128.81,40.79,902,2717,0.96,0.06,0.36,3.82,106.15,0.13,0.77,4.36,14.84,0.7,0.06,23.69,906.2,0.01,0.01,0.05,0,0.13,4.67,400.03,1297.39,139.57,0,165.12,29.49,176.92,28.5,171.02,31.45,95.93,11.07,96.62,12.6,0,0.12,92.68,-9999,-9999,-9999,-9999,-9999,-9999,Sampled by Nate; O/H; O/H backup; DIC; anions; nut; TOC; POM; cat; 13C
9/18/2013 12:40,MG_S_SEEP,AZ_S278,GRAB,SW,4.99,-9999,36.5,16.7,5.087,9.611,0.3094,9.94,71.15,5,5,5,229.72,5,0.23,8.56,5088.91,3531.67,117.5,12486.83,47.18,2815,5845,0.84,0.07,0.3,9.1,46.09,1.16,6.73,38.67,6.9,0.3,0.05,34.32,2787.18,0.31,0,0.07,0,0.08,13.48,635.97,1216.55,328.37,2007.8,455.96,106.23,475.74,84.17,528.16,107.81,366.94,53.21,390.68,58.45,0,0.03,260.72,-9999,-9999,-9999,-9999,-9999,-9999,Sampled by Nate; O/H; O/H backup; DIC; anions; nut; TOC; POM; cat; 13C
9/18/2013 13:00,MG_S_OUT,AZ_S279,GRAB,SW,7.19,-9999,69.1,15.1,7.213,7.455,0.2265,7.46,52.43,5,5,5,28.93,5,0,4.1,5886.52,2026.37,80.68,10224.16,45.66,1473,8266,1.55,0.73,0.21,3.69,97.89,0.32,1.57,9.35,7.64,0.55,0.2,42.88,376.04,2.39,0.01,0.04,0,0.1,8.47,120.37,362.11,44.17,0,74.51,14.03,57.9,11.53,62.38,14.82,43.08,6.84,50.44,7.26,0,0,141.86,-9999,-9999,-9999,-9999,-9999,-9999,Sampled by Nate; O/H; O/H backup; DIC; anions; nut; TOC; POM; cat; 13C
9/18/2013 13:10,MG_WEIR,AZ_S280,GRAB,SW,7.05,-9999,59.7,15.3,6.99,8.034,0.2405,10.36,54.03,5,5,5,40.28,5,0,4.96,5431.6,2181.61,73.58,10104.73,41.85,1413,8482,2.1,0.52,0.22,4.02,96.5,0.32,0.82,8.81,3.31,0.49,0,42.75,366.4,4.38,0,0.04,0,0.09,8.01,128.14,327.36,40.84,14.82,73.08,13.31,47.85,8.84,60.57,10.81,48.15,6.36,44.65,7.4,0,0.01,195.81,-9999,-9999,-9999,-9999,-9999,-9999,Sampled by Nate; O/H; O/H backup; DIC; anions; nut; TOC; POM; cat; 13C
9/18/2013 14:30,OR_low,AZ_S281,GRAB,SW,7.26,-9999,64,23.2,16.96,7.066,0.2694,10.68,485.1647,5,5,5,20.09,5,0,10.97,14839.27,4612.42,15.76,7248.66,60.41,3426,18489,0,1.93,0.3,16.16,95.57,0.67,0.91,1.35,5.94,0.77,0,182.42,130.23,0,0.01,0.04,0,0.12,20.27,78.82,118.48,18.9,71.18,29.08,6.32,27.71,2.25,17.23,2.64,18.31,4.9,34.96,5.99,0,0,46.22,-9999,-9999,-9999,-9999,-9999,-9999,Sampled by Nate; O/H; O/H backup; DIC; anions; nut; TOC; POM; cat; 13C
9/18/2013 14:50,OR_mid,AZ_S282,GRAB,SW,6.77,-9999,50,16.1,16.41,5.248,0.1984,9.25,1003.7361,5,5,5,90.42,5,0,18.16,22119.51,6194.42,14.24,8030.7,47.92,3374,22853,0.05,1.85,0.26,27.88,80.71,0.93,0.93,1.78,2.27,1.08,0.06,266.38,245.47,0,0,0.04,0,0.15,32.79,103.1,160.04,31.22,113.9,39.86,12.27,32.79,6.33,40.06,9.82,43.1,7.54,84.15,15.51,0,0.06,44.28,-9999,-9999,-9999,-9999,-9999,-9999,Sampled by Nate; O/H; O/H backup; DIC; anions; nut; TOC; POM; cat; 13C
9/18/2013 15:15,OR_up,AZ_S283,GRAB,SW,6.72,-9999,38.1,14.3,13.89,5.529,2.2105,6.58,1133.9382,5,5,163.26,114.7,5,0.07,27.69,24966.47,6113.08,14.09,8169.67,37.02,3022,20849,0.27,1.34,0.18,0.5,17.96,0.7,0.94,2.74,3.63,0.99,0,261.32,183.61,0,0.01,0.05,0,0.12,23.62,71.76,43.47,22.93,181.63,41.59,8.29,34.94,3.46,40.69,6.55,39.9,7.89,60.24,13.4,0,0.04,29.18,-9999,-9999,-9999,-9999,-9999,-9999,Sampled by Nate; O/H; O/H backup; DIC; anions; nut; TOC; POM; cat; 13C
9/18/2013 13:30,WWTP,AZ_S284,GRAB,SW,-9999,-9999,-9999,-9999,15.34,7.771,27.5,11.2,2216.2782,5,5,2022.527,219.47,168.69,0.03,61.64,84000,5012.65,5.11,8834.29,6800,25811,35490,0.86,0.12,0.68,6.45,50.86,1.03,2,16.03,235.48,1.46,0,95.28,14.27,0,0.01,0.07,0.03,0.19,14.08,0.25,0,0.94,28.89,0,2.99,7.98,0,1.33,0,0,0.89,7.42,1.04,0,0.14,86.08,-9999,-9999,-9999,-9999,-9999,-9999,Sampled by Nate; O/H; O/H backup; DIC; anions; nut; TOC;  cat; 13C
9/25/2013 10:15,MG_G_OUT,AZ_S329,GRAB,SW,5.89,-9999,30.5,13.4,4.176,10.23,0.3554,5,58.16,5,5,5,23.32,17.07,0.18,0,4444.08,590.71,195.5,8608.55,127.4,1000,2548,1.8,0.24,0.24,1.86,85.92,0.15,0.32,3.37,3.67,0.58,0.12,22.26,545.39,0,0.02,0,0.02,0.06,3.92,242.62,769.96,82.21,0,85.62,11,101.36,18.64,95.14,15.84,44.81,8.18,60.25,7.3,0.01,0.01,52.93,-9999,-9999,-9999,-9999,-9999,-9999,Sampled by Nate; O/H; O/H backup; DIC; anions; nut; TOC; POM; cat; 13C
9/25/2013 11:25,MG_S_OUT,AZ_S330,GRAB,SW,7.11,-9999,67.4,11.5,7.399,6.714,0.2694,9.22,57.33,5,5,5,24.8,3.38,0,1.62,5888.44,1918.57,67.78,9977.35,227.57,1546,7264,1.89,0.52,0.13,1.8,71.17,0.4,1.04,6.99,1.61,0.37,0.04,40.17,333.91,2.24,0.01,0.01,0.05,0.03,7.5,109.04,297.03,36.78,29.9,46.55,7.36,53.13,9.62,68.58,12.41,32.59,3.79,38.77,5.83,0.08,0,86.62,-9999,-9999,-9999,-9999,-9999,-9999,Sampled by Nate; O/H; O/H backup; DIC; anions; nut; TOC; POM; cat; 13C
9/25/2013 11:35,MG_WEIR,AZ_S331,GRAB,SW,6.94,-9999,59.6,11.4,7.902,6.752,0.2255,9.82,57.74,5,5,5,36.58,5,0,1.15,5788.38,2010.16,45.11,9370.16,83.34,1462,7182,1.62,0.37,0.18,1.86,52.76,0.38,0.22,6.86,1.18,0.33,0,40.18,304.1,4.23,0.02,0.01,0.04,0.03,7.4,93.24,203.4,31.72,37.96,48.64,7.81,40.28,9.32,53.17,13.28,29.91,4.83,39.27,4.72,0.02,0,134.93,-9999,-9999,-9999,-9999,-9999,-9999,Sampled by Nate; O/H; O/H backup; DIC; anions; nut; TOC; POM; cat; 13C
9/25/2013 12:40,OR_low,AZ_S332,GRAB,SW,7.35,-9999,74.1,23.2,16.11,7.215,0.4302,13.84,502.5253,5,5,5,17.3,5,0,6.17,15071.75,4511.58,16.32,6421.15,19.97,3189,16256,1.15,1.04,0.1,20.27,85.14,1.01,0.94,1.75,5.69,0.7,0.28,179.18,157.23,0,0,0.01,0.05,0.05,19.78,83.95,143.38,22.84,55.57,20.57,2.23,17.93,5.27,33.32,5.12,23.63,2.37,32.14,3.84,0.09,0,43.21,-9999,-9999,-9999,-9999,-9999,-9999,Sampled by Nate; O/H; O/H backup; DIC; anions; nut; TOC; POM; cat; 13C
9/25/2013 13:15,OR_mid,AZ_S333,GRAB,SW,6.73,-9999,49.6,14.2,20.02,4.671,0.1868,9.49,936.3094,5,5,1.56,87.32,5,0,15.59,22639.46,6776.08,11.18,7338.32,225.87,3265,22155,1.8,1.09,0.13,50.23,64.83,1.47,0.22,1.01,1.07,0.79,0.23,284.13,217.42,0,0,0,0.03,0.07,35.34,91.24,149.91,28.79,39.12,29.19,6.57,33.56,4.22,37.63,9.58,36.34,6.79,63.54,11.84,0.09,0.01,33.36,-9999,-9999,-9999,-9999,-9999,-9999,Sampled by Nate; O/H; O/H backup; DIC; anions; nut; TOC; POM; cat; 13C
9/25/2013 13:45,OR_up,AZ_S334,GRAB,SW,6.53,-9999,37.6,15.9,14.21,5.045,3.397,8.98,1310.1162,5,5,253.8703,123.76,5,0,24.85,26958.23,6972.6,10.52,7441.63,230.2,3098,20587,3.7,0.94,0.2,0.46,17.46,1.14,0.86,2.82,4.03,0.81,0.04,291.61,149.7,0,0,0.01,0.02,0.02,25.35,53.09,44.01,13.09,113.27,20.66,5.66,19.88,3.99,28.68,8.05,32.43,5.99,59.68,13.6,0.1,0,27.84,-9999,-9999,-9999,-9999,-9999,-9999,Sampled by Nate; O/H; O/H backup; DIC; anions; nut; TOC; POM; cat; 13C
9/25/2013 12:00,WWTP,AZ_S335,GRAB,SW,-9999,-9999,-9999,-9999,16.41,9.833,38.94,9.95,2553.14,5,5,2897.12,257.81,244.45,0,70.76,102400,5104.84,7.26,8262.12,6626.49,27121,31623,1.35,0.28,0.83,1.51,62.23,1.7,1.91,20.98,177.65,1.24,0.26,93.54,27.83,0,0.02,0.04,0.19,0.17,14.52,10.34,12.59,3,12.34,22.38,0,3.81,1.71,7.43,0.9,9.46,0.9,12.54,0.84,0.51,0.08,12.45,-9999,-9999,-9999,-9999,-9999,-9999,Sampled by Nate; O/H; O/H backup; DIC; anions; nut; TOC;  cat; 13C
10/9/2013 12:30,MG_S_OUT,AZ_S336,GRAB,SW,6.49,-9999,64.4,9,8.04,5.4,0.32,8.38,64.67,5,5,5,27.45,17.97,0,0.27,6605.31,1981.4,30.39,9509.93,285.38,1557,7232,1.33,0.4,0.11,1.32,45.09,0.39,1.52,6.75,11.27,0.47,0.01,39.72,143.01,2.62,0,0.02,0.04,0.04,7.12,42.7,110.93,16.25,31.78,30.69,2.62,23.81,4.02,28.57,6.9,14.32,2.38,18.89,2.34,0,0.01,47.47,-9999,-9999,-9999,-9999,-9999,-9999,Sampled by Nate; O/H; O/H backup; DIC; anions; nut; TOC; POM; cat; 13C
10/9/2013 12:40,MG_WEIR,AZ_S337,GRAB,SW,6.32,-9999,51.7,8.6,7.84,5.2,0.39,10.88,63.78,5,5,5,43.69,5,0,0,6028.07,2017.24,30.36,8818.29,211.58,1513,7253,1.34,0.32,0.13,0.56,28.87,0.37,0.55,5.58,3.43,0.43,0,39.71,178.17,4.82,0,0.02,0.03,0,6.9,52.85,92.37,19.51,111.98,47.78,2.44,14.59,5.21,28,9.15,20.11,2.79,17.34,3.6,0,0,105.51,-9999,-9999,-9999,-9999,-9999,-9999,Sampled by Nate; O/H; O/H backup; DIC; anions; nut; TOC; POM; cat; 13C
10/17/2013 11:10,MG_S_OUT,AZ_S338,GRAB,SW,6.71,-9999,64.4,5.2,7.49,4.08,0.21,8.12,58.27,5,5,5,27.85,5,0.03,13.8,5615,1793,18.65,7671,21.73,1222,6966,0.85,0.42,0.13,0.58,28.47,0.21,1.08,4.97,5.84,0.85,0.21,32.14,185.53,2.77,0.05,0.08,0.09,0.07,5.42,45.34,118.06,20.14,14.19,17.8,9.03,30.56,3.89,32.54,7.31,16.57,4.66,24.8,3.7,0.01,0.09,54.37,-9999,-9999,-9999,-9999,-9999,-9999,Sampled by Nate; O/H; O/H backup; DIC; anions; nut; TOC; POM; cat; 13C
10/17/2013 11:30,MG_WEIR,AZ_S339,GRAB,SW,6.42,-9999,56.1,6.1,7.44,4.26,0.13,8.7,58.42,5,5,5,45.94,5,0.04,12.31,5249,1869,21.24,7201,26.52,1128,7088,1.15,0.41,0.14,0.96,24.43,0.21,0.4,3.99,1.77,1.15,0.04,31.41,189.45,4.55,0.05,0.08,0.04,0.08,5.12,58.63,95.62,18.95,72.09,26.52,7.49,34.6,4.36,36.89,7.57,18.55,4.08,26.92,3.24,0.01,0.08,100.71,-9999,-9999,-9999,-9999,-9999,-9999,Sampled by Nate; O/H; O/H backup; DIC; anions; nut; TOC; POM; cat; 13C
10/23/2013 13:00,MG_S_OUT,AZ_S336,GRAB,SW,6.23,-9999,66.2,8,7.63,3.66,0.24,11.99,65.48,5,5,5,29.78,5,0.03,12.63,5945,1768,18.63,7670,33.04,1508,7145,1.36,0.49,0.9,1.83,32.65,0.25,1.02,6.17,33.52,1.36,0.06,31.98,169.03,2.86,0.05,0.15,0.08,0.15,5.53,51.28,126.77,19.11,51.38,37.46,8.07,24.97,4.98,28.81,5.84,16.61,2.63,26.12,1.73,0.01,0.14,51.38,-9999,-9999,-9999,-9999,-9999,-9999,Sampled by Nate; O/H; O/H backup; DIC; anions; nut; TOC; POM; cat; 13C
10/23/2013 13:15,MG_WEIR,AZ_S337,GRAB,SW,6.39,-9999,57.7,7,8.03,3.8,0.15,9.52,59.35,5,5,5,47.07,5,0.07,11.44,5202,1829,17.72,6982,32.9,1086,7318,0.6,0.4,0.14,0.35,21.32,0.2,0.4,3.65,1.26,0.6,0.03,31.28,186.16,4.75,0.05,0.05,0.05,0.06,5.05,58.12,80.09,19.48,89.08,33.44,6.74,18.62,5.22,40.15,7.59,21.97,3.77,19.7,2.99,0.01,0.06,101.74,-9999,-9999,-9999,-9999,-9999,-9999,Sampled by Nate; O/H; O/H backup; DIC; anions; nut; TOC; POM; cat; 13C
10/30/2013 13:10,MG_S_OUT,AZ_S338,GRAB,SW,6.68,-9999,62.5,6.8,8.009,3.666,0.3335,7.77,76.18,5,5,5,29.78,5,0.04,10.54,6141,1838,18.06,7725,41.99,1589,7474,0.92,0.45,0.26,5.11,24.86,0.23,0.72,5.09,6.11,0.92,0.08,33.22,161.97,2.95,0.05,0.1,0.16,0.05,6.1,49.42,108.32,16.82,37.76,33.84,7.16,27.34,3.27,27.54,6.34,14.76,2.9,23.32,2.06,0.01,0.09,42.71,-9999,-9999,-9999,-9999,-9999,-9999,Sampled by Nate; O/H; O/H backup; DIC; anions; nut; TOC; POM; cat; 13C
10/30/2013 13:25,MG_WEIR,AZ_S339,GRAB,SW,6.1,-9999,49,6.6,7.967,3.695,0.1533,5,4.45,5,5,5,2.14,5,0.23,10.04,5444,1899,17.08,7252,27.37,1159,7511,0.92,0.44,0.15,0.49,16.09,0.19,0.39,3.58,1.24,0.92,0.06,32,170.58,4.74,0.06,0.1,0.03,0.05,5.5,49.63,64.38,18.5,75.85,24.67,8.77,28.04,4.93,36.43,8.08,17.35,2.77,25.64,3.59,0.01,0.09,91.56,-9999,-9999,-9999,-9999,-9999,-9999,Sampled by Nate; O/H; O/H backup; DIC; anions; nut; TOC; POM; cat; 13C
11/6/2013 11:35,MG_S_OUT,AZ_S381,GRAB,SW,6.67,-9999,61.6,4,7.9,3.24,0.18,8.79,75.61,5,5,5,32.08,5,0.09,9.11,6073,1893,16.46,7968,27.33,1280,7622,0.7,0.4,0.15,0.73,27.55,0.21,0.48,5.01,8.18,0.7,0.2,34.06,142,2.93,0.05,0.1,0.05,0.11,5.75,41.85,93.32,15.59,44.1,26.91,7.56,29.68,3.87,25.73,5.49,16.88,2.2,16.44,1.99,0.01,0.07,47.94,-9999,-9999,-9999,-9999,-9999,-9999,Sampled by Nate; O/H; O/H backup; DIC; anions; nut; TOC; POM; cat; 13C
11/6/2013 11:50,MG_WEIR,AZ_S382,GRAB,SW,6.53,-9999,54.1,4.4,7.54,3.6,0.12,7.53,69.43,5,5,5,49.33,5,0.13,8.83,5622,1941,17.88,7378,29.81,1184,7621,1.19,0.34,0.12,0.72,22.18,0.22,0.44,3.35,1.09,1.19,0.04,31.57,156.36,4.78,0.05,0.11,0.04,0.06,5.42,48.77,76.91,19.25,69.29,33.03,6.78,30.59,4.56,28.15,5.51,16.91,2.94,17,3.31,0.01,0.06,83.95,-9999,-9999,-9999,-9999,-9999,-9999,Sampled by Nate; O/H; O/H backup; DIC; anions; nut; TOC; POM; cat; 13C
11/13/2013 14:05,MG_S_OUT,AZ_S407,GRAB,SW,6.61,-9999,59.4,6.2,8.652,3.122,0.1959,7.52,72.7,5,5,5,30.92,5,0.07,8.1,6095,1829,16.18,7994,20.07,1309,7596,1,0.44,0.16,0.55,25.57,0.19,0.41,3.57,3.53,1,0.17,32.81,123.53,3.07,0.05,0.05,0.05,0.06,5.27,33,82.99,12.45,35.03,18.43,4.22,21.33,3.56,18.95,4.12,14.43,2.38,15.05,1.33,0.01,0.13,34.64,-9999,-9999,-9999,-9999,-9999,-9999,Sampled by Nate; O/H; O/H backup; DIC; anions; nut; TOC; POM; cat; 13C
11/13/2013 14:20,MG_WEIR,AZ_S408,GRAB,SW,5.4,-9999,49.7,7,8.346,3.272,0.1109,9.54,69.41,5,5,5,50.07,5,0.17,7.65,5658,1896,16.97,7392,24.16,1214,7556,1.22,0.4,0.11,0.48,16.95,0.2,0.42,3.35,2.33,1.22,0.28,31.76,137.37,5,0.05,0.06,0.04,0.05,5.43,44.72,60.7,17.83,77.16,30.59,8.28,17.24,3.53,27.38,6.34,19.19,3.06,14.22,1.62,0.01,0.06,78.62,-9999,-9999,-9999,-9999,-9999,-9999,Sampled by Nate; O/H; O/H backup; DIC; anions; nut; TOC; POM; cat; 13C
11/20/2013 13:40,MG_WEIR,AZ_S409,GRAB,SW,6.2,-9999,47.5,5.1,8.427,3.8,0.2356,10.52,67.79,5,5,5,49.56,5,0.01,7.24,5713,1886,16.04,7359,24.19,1144,7377,0.67,0.36,0.12,0.44,16.19,0.2,0.39,3.22,1.6,0.67,0.18,31.12,135.61,5.22,0.05,0.11,0.04,0.07,5.24,46.34,58.24,14.54,72.68,20.1,8,25.85,3.45,23.36,5.58,18.34,2.01,12.88,1.48,0.01,0.07,78.73,-9999,-9999,-9999,-9999,-9999,-9999,Sampled by Nate; O/H; O/H backup; DIC; anions; nut; TOC; POM; cat; 13C
11/27/2013 11:35,MG_G_OUT,AZ_S410,GRAB,SW,5.75,-9999,66,4.7,1.18,12.79,0.27,5,38.37,5,5,5,28.11,5,0.3,5.71,3252.33,558.9337,338.11,6232.0132,31.82,603.14,2118.88,3.93,0.61,0.26,1.99,144.99,0.14,0.32,4.28,6.98,0.59,3.88,18.24,1145.92,0.19,0.04,0,0.02,0.04,3.8,567.76,1780.03,188.4,745.21,188.91,39,224.26,37.91,237.49,43.7,114.89,15.64,112.1,17.79,0.12,0.22,114.58,-9999,-9999,-9999,-9999,-9999,-9999,Sampled by Nate; O/H; O/H backup; DIC; anions; nut; TOC; POM; cat; 13C
11/27/2013 13:00,MG_S_OUT,AZ_S411,GRAB,SW,6.39,-9999,68.7,2.9,4.57,9.15,0.25,7.45,53.5,5,5,5,27.11,5,0.14,6.58,4487.82,1425.4273,102.42,7947.5976,35.77,976.65,5693.8,2.95,0.79,0.14,1.01,94.5,0.13,0.54,7.05,2.73,0.43,4.25,30.68,588.87,1.51,0.03,0.01,0.02,0.02,5.31,182.36,413.04,69.88,274.89,77.96,18.68,98.73,17.45,111.84,23.2,69.39,10.01,63.06,11.2,0.12,0.07,176.51,-9999,-9999,-9999,-9999,-9999,-9999,Sampled by Nate; O/H; O/H backup; DIC; anions; nut; TOC; POM; cat; 13C
11/27/2013 13:10,MG_WEIR,AZ_S412,GRAB,SW,6.6,-9999,67.6,2.6,4.74,8.74,0.23,8.46,57.05,5,5,5,33.75,5,0.18,7.27,4793.26,1581.7761,157.16,7888.9085,44.85,1064.5,6071.46,4.69,0.85,0.18,1.68,121.55,0.16,0.54,8.78,1.47,0.44,0.98,30.55,613.25,2.64,0.04,0,0.03,0.02,5.64,223.76,548.34,75.67,293.86,86.54,21.25,102.22,18.61,109.55,23,68.83,10.93,70.12,11.52,0.1,0.09,210.62,-9999,-9999,-9999,-9999,-9999,-9999,Sampled by Nate; O/H; O/H backup; DIC; anions; nut; TOC; POM; cat; 13C
12/3/2013 11:10,MG_G_OUT,AZ_S413,GRAB,SW,5.56,-9999,59.7,4.9,1.83,10.54,0.38,5,42.95,5,5,5,32.62,5,0.08,6.06,3888.79,577.3664,240.97,7003.7918,25.91,1001.96,2321.37,2.66,0.49,0.21,2.13,101.02,0.13,1.38,5.93,10.35,0.63,3.93,19.53,993.44,0.24,0.03,0.03,0.04,0.06,3.86,453.05,1451.08,161.81,627.19,160.5,35.86,180.06,29.07,191.29,37.31,108.57,15.06,93.89,15.41,0.1,0.17,94.62,-9999,-9999,-9999,-9999,-9999,-9999,Sampled by Nate; O/H; O/H backup; DIC; anions; nut; TOC; POM; cat; 13C
12/3/2013 12:35,MG_S_OUT,AZ_S414,GRAB,SW,6.63,-9999,66.8,3.1,5.61,6.69,0.2,8.12,55.59,5,5,5,31.17,5,0.21,6.22,5285.36,1707.7303,77.78,8588.7021,39.29,1091.11,6746.84,2.95,0.74,0.1,1.13,67.41,0.12,0.93,6.92,2.34,0.58,4.36,35.07,441.91,1.97,0.04,0.02,0.03,0.02,6.2,131.94,322.4,46.94,195.11,42.77,13.33,70.55,12.47,80.5,15.19,54.7,6.84,45.2,5.96,0.11,0.05,144.82,-9999,-9999,-9999,-9999,-9999,-9999,Sampled by Nate; O/H; O/H backup; DIC; anions; nut; TOC; POM; cat; 13C
12/3/2013 12:45,MG_WEIR,AZ_S415,GRAB,SW,6.46,-9999,64.7,2.7,5.58,6.42,0.16,12.48,87.82,5,5,5,44.01,5,0.19,6.43,5263.85,1798.1468,164.57,8960.5976,32.72,1076.88,6509.49,4.83,0.86,0.33,2.14,132.29,0.16,0.8,7.58,2,0.22,1.43,34.1,460.97,3.29,0.03,0,0.01,0.03,6.28,175.96,537.31,63.35,237.56,57.3,15.6,80.25,13.3,99.52,18.11,43.58,6.45,62.57,6.81,0.09,0.1,189.87,-9999,-9999,-9999,-9999,-9999,-9999,Sampled by Nate; O/H; O/H backup; DIC; anions; nut; TOC; POM; cat; 13C
12/11/2013 11:25,OR_low,AZ_S416,GRAB,SW,6.85,-9999,67.8,9.7,10.48,5.76,0.22,9.52,569.65,5,5,5,74.87,5,0.23,13,18749.92,5481.9679,11.66,6395.6292,37.73,2381.48,18511.57,1.3,1.47,0.06,0.54,8.33,0.17,0.88,1.39,1.4,0.77,5.76,222.56,177.01,0.02,0.01,0.04,0.01,0.03,24.34,79.91,79.05,24.15,72.47,4.22,4.3,25.96,4.1,27.34,6.48,35.96,5.34,53.76,11.67,0.12,0.09,25.32,-9999,-9999,-9999,-9999,-9999,-9999,Sampled by Nate; O/H; O/H backup; DIC; anions; nut; TOC; POM; cat; 13C
12/11/2013 12:45,OR_mid,AZ_S417,GRAB,SW,6.8,-9999,64,4.9,9.75,5.16,1.49,8.37,1145.19,5,5,101.81,114.02,5,0.14,8.3,11780.74,4160.2619,18.6,5560.3501,41.47,2420.15,15080.95,1.45,2.04,0.09,0.78,10.68,0.13,0.81,1.76,3.97,0.52,3.87,157.82,174.07,0.21,0.01,0.13,0.01,0.06,18.07,108.6,136.6,29.66,101.35,24.14,4.16,27.61,2.89,27.15,5.14,29.07,3.11,28.73,6.44,0.09,0.04,35.6,-9999,-9999,-9999,-9999,-9999,-9999,Sampled by Nate; O/H; O/H backup; DIC; anions; nut; TOC; POM; cat; 13C
12/11/2013 13:30,OR_up,AZ_S418,GRAB,SW,5.82,-9999,60.3,5.9,6.78,5.37,6.04,5.8,1331.61,5,5,430.79,134.33,5,0.14,18.48,23168.86,6429.3585,13.59,7047.1947,37.65,2230,19539.07,1.69,0.96,0.14,0.2,12.09,0.21,1.03,1.57,1.38,0.66,3.69,259.81,165.83,0.02,0.01,0.01,0.01,0.04,20.05,63.15,42.44,23.08,54.33,14.07,6.42,29.88,4.36,27.57,10.18,31.78,7.26,82.2,15.46,0.11,0.06,20.11,-9999,-9999,-9999,-9999,-9999,-9999,Sampled by Nate; O/H; O/H backup; DIC; anions; nut; TOC; POM; cat; 13C
12/12/2013 11:25,MG_G_OUT,AZ_S419,GRAB,SW,5.19,-9999,63.5,3.1,1.38,10.07,0.25,5,45.22,5,5,5,40.36,5,0.21,4.75,3608.42,522.3231,336.72,7256.7031,29.48,530.62,2049.42,4.5,0.58,0.35,2.27,151.79,0.12,0.32,3.58,1.29,0.61,7.23,17.85,951.97,0.23,0.03,0,0,0.06,3.57,472.18,1567.5,159.69,614.07,179.95,34.21,178.6,30.2,203.19,34.95,97.63,14.3,93.97,14.41,0.05,0.24,94.06,-9999,-9999,-9999,-9999,-9999,-9999,Sampled by Nate; O/H; O/H backup; DIC; anions; nut; TOC; POM; cat; 13C
12/12/2013 12:25,MG_S_OUT,AZ_S420,GRAB,SW,6.28,-9999,66.9,1.1,5.86,5.77,0.2,9.05,58.8,5,5,5,34.42,5,0.27,5.33,5304.49,1649.0053,111.98,8687.0677,35.48,1103.18,6553.74,3.34,0.88,0.12,1.98,89.41,0.11,1.5,6.25,8.41,0.82,3.45,33.74,365.24,2.05,0.04,0.01,0.03,0.01,6.01,128.47,369.19,42.66,158.94,41.95,10.46,58.53,11.06,54.01,12.17,40.31,4.54,41.92,6.8,0.06,0.13,125.16,-9999,-9999,-9999,-9999,-9999,-9999,Sampled by Nate; O/H; O/H backup; DIC; anions; nut; TOC; POM; cat; 13C
12/12/2013 12:40,MG_WEIR,AZ_S421,GRAB,SW,6.13,-9999,65.2,1,5.99,5.59,0.22,9.45,60.23,5,5,5,44.76,5,0.14,5.69,5311.33,1749.0433,106.65,8521.479,34.84,1079.78,6537.02,3.28,0.69,0.19,2.22,86.38,0.12,0.74,7.35,6.8,0.43,2.47,32.52,318.58,3.79,0.04,0,0.01,0.04,5.62,123.42,345.16,42.64,147.5,32.09,9.91,50.5,9.01,55.93,11.16,35.99,5.87,42.4,5.29,0.05,0.11,151.62,-9999,-9999,-9999,-9999,-9999,-9999,Sampled by Nate; O/H; O/H backup; DIC; anions; nut; TOC; POM; cat; 13C
12/18/2013 9:45,OR_low,AZ_S446,GRAB,SW,6.37,-9999,60.9,7.9,10.36,5.77,0.2,9.2,643.09,5,5,5,79.44,5,0.33,7.6,11965.21,4270.5416,16.61,5424.742,48.48,2500.77,15312.39,1.57,2.08,0.17,1.64,11.26,0.14,1.02,1.95,8.1,0.57,3.89,162.93,147.7,0.26,0.02,0.02,0.02,0.09,19.14,99.68,138.25,26.04,93.9,6.58,4.23,27.14,4.36,32.39,6.21,25.46,3.42,31.09,6.79,0.08,0.04,23.03,-9999,-9999,-9999,-9999,-9999,-9999,Sampled by Nate; O/H; O/H backup; DIC; anions; nut; TOC; POM; cat; 13C
12/18/2013 10:10,OR_mid,AZ_S447,GRAB,SW,6.43,-9999,61.2,6.6,10.08,5.01,1.51,7.8,1170.74,5,5,110.63,117.49,5,0.17,11.82,17934.86,5386.0684,11.27,5928.4156,28.72,2375.11,18365,1.21,1.5,0.1,1.12,9.4,0.16,0.9,1.22,1.34,0.53,3.31,217.78,185.61,0.01,0.02,0,0.01,0.05,24.59,70.03,94.59,22.79,76.18,15.49,5.62,30.11,4.13,33.53,7.77,36.55,5.74,61.81,13.28,0.09,0.09,23.06,-9999,-9999,-9999,-9999,-9999,-9999,Sampled by Nate; O/H; O/H backup; DIC; anions; nut; TOC; POM; cat; 13C
12/18/2013 10:30,OR_up,AZ_S448,GRAB,SW,6.56,-9999,58.8,6,7.25,5.11,6.04,5,48.71,5,5,15.11,5,5,0.06,18.62,22668.42,6381.4473,11.61,6419.5455,32.39,2226.84,19658.67,1.34,1.08,0.07,0.12,11.4,0.19,1.05,1.52,1.72,0.96,2.59,266.43,196.79,0.05,0.01,0.01,0.01,0.01,20.27,50.35,28.57,20.26,58.93,10.34,2.05,19.08,3.74,29.51,11.57,35.19,6.93,70.63,15.28,0.08,0.08,17.87,-9999,-9999,-9999,-9999,-9999,-9999,Sampled by Nate; O/H; O/H backup; DIC; anions; nut; TOC; POM; cat; 13C
12/18/2013 12:15,MG_G_OUT,AZ_S449,GRAB,SW,4.77,-9999,56.1,4.3,2.25,10.3,0.43,5,50.53,5,5,5,41.57,5,0.27,4.86,3956,551.502,265.11,7463.7898,32.47,715.2,2167.03,2.96,0.61,0.25,1.88,117.24,0.12,0.48,3.94,6.16,0.52,4.85,19,870.69,0.21,0.03,0.02,0.01,0.07,3.71,421.58,1383.03,139.36,538.15,143.15,26.14,148.81,24.13,168.74,28.39,85.97,12.33,87.02,12.64,0.04,0.21,78.32,-9999,-9999,-9999,-9999,-9999,-9999,Sampled by Nate; O/H; O/H backup; DIC; anions; nut; TOC; POM; cat; 13C
12/18/2013 12:40,MG_S_OUT,AZ_S450,GRAB,SW,7.11,-9999,67.3,2.1,6.09,5.78,0.21,8.34,61.48,5,5,5,36.41,5,0.2,5.9,5624.8,1775.2021,126.61,9414.5548,43.35,1116.98,9015.63,3.87,0.79,0.21,1.67,100.41,0.14,1.08,6.45,3.1,0.33,3.94,34.78,338.98,2.34,0.03,0,0.01,0.03,6.49,129.42,374.94,42.87,176.67,33.89,10,48.92,7.27,59.52,15.13,37.49,7.15,44.14,7.26,0.04,0.11,121.29,-9999,-9999,-9999,-9999,-9999,-9999,Sampled by Nate; O/H; O/H backup; DIC; anions; nut; TOC; POM; cat; 13C
12/18/2013 13:15,MG_WEIR,AZ_S451,GRAB,SW,7.07,-9999,62.1,2,6.33,5.85,0.22,10.06,60.85,5,5,5,48.48,5,0.11,5.82,5500.84,1802.4899,109.15,9215.4325,34.75,1061.6,6556.35,3.56,0.75,0.27,1.77,88.39,0.12,0.57,5.91,7.26,0.41,1.3,33.19,363.47,4,0.03,0,0.02,0.02,5.91,107.98,318.61,39.03,155.97,42.29,10.35,45.86,10.32,52.79,11.27,34.53,5.57,34.71,6.65,0.03,0.16,141.07,-9999,-9999,-9999,-9999,-9999,-9999,Sampled by Nate; O/H; O/H backup; DIC; anions; nut; TOC; POM; cat; 13C
