DateTime,SiteCode,SampleCode,SamplingMethod,SampleType,pH,EC,TIC,TOC,TN,F-,Cl-,NO2-,NO3-,SO4,PO4,Na23,Mg24,Al27,Si28,K39,Ca40,Cr52,Mn55,Fe56,Co59,Ni60,Cu63,Zn64,Y89,Cd111,La139,Ce140,Pr141,Nd145,Sm147,Eu153,Gd157,Tb159,Dy164,Ho165,Er166,Tm169,Yb174,Lu175,Pb208,SamplingNote
MST,,,,,pH,uS/cm,mg/L,mg/L,mg/L,umoles/L,umoles/L,umoles/L,umoles/L,umoles/L,umoles/L,ug/L,ug/L,ug/L,ug/L,ug/L,ug/L,ug/L,ug/L,ug/L,ug/L,ug/L,ug/L,ug/L,ng/L,ug/L,ng/L,ng/L,ng/L,ng/L,ng/L,ng/L,ng/L,ng/L,ng/L,ng/L,ng/L,ng/L,ng/L,ng/L,ug/L,
(Detection limit),,,,,,,0.5,3.5,0.7,1.26,1.02,0.66,1.42,1.14,3.03,0,0,0,0.1,0.7,0.4,0.001,0.001,0.008,0.001,0.136,0.002,0.022,0.07,0.025,0.05,0.08,0.04,0.25,0.26,0.09,0.36,0.04,0.17,0.06,0.1,0.04,0.08,0.03,0.041,
(Lab Method),,,,,PH_EC1,PH_EC1,TOC-VCSH,TOC-VCSH,TOC-VCSH,DionexIC,DionexIC,DionexIC,DionexIC,DionexIC,DionexIC,ICP-MS,ICP-MS,ICP-MS,ICP-MS,ICP-MS,ICP-MS,ICP-MS,ICP-MS,ICP-MS,ICP-MS,ICP-MS,ICP-MS,ICP-MS,ICP-MS,ICP-MS,ICP-MS,ICP-MS,ICP-MS,ICP-MS,ICP-MS,ICP-MS,ICP-MS,ICP-MS,ICP-MS,ICP-MS,ICP-MS,ICP-MS,ICP-MS,ICP-MS,ICP-MS,
2/2/2009,MG_G_OUT,MG-15,GRAB,SW,6.7,-9999,2.32,5.85,1.15,-9999,14.29,0.69,0.1,3.81,0.04,4040.5,710.9,1303.3,156567.7,1062.7,1868.7,0.532,3.669,361.924,0.281,1.293,12.733,16.943,829.117,0.042,507.295,1704.352,153.392,625.597,164.42,33.485,179.458,32.182,184.471,35.09,95.845,15.439,90.732,14.236,1.203,
2/9/2009,MG_G_OUT,MG-26,GRAB,SW,6.6,-9999,2.4,4.67,0.96,-9999,15.99,0.53,0.5,3.83,-9999,4057,690.5,991.4,152136.2,631.1,1724.2,0.629,3.291,318.043,0.332,0.655,5.012,3.352,677.351,0.019,405.605,1318.469,120.776,504.239,128.828,27.778,145.937,27.778,143.925,28.785,81.423,12.581,79.41,11.574,0.533,
2/16/2009,MG_G_OUT,MG-37,GRAB,SW,6.7,-9999,-9999,10.11,0.69,-9999,49.69,-9999,-9999,14.09,0.12,3378.6,640.5,1862.8,138583.6,618.2,1487,0.821,5.86,464.177,0.256,0.626,7.874,3.071,1308.96,0.021,834.714,2587.713,240.647,1016.961,264.813,54.07,272.868,50.647,272.868,51.251,145.999,21.245,140.965,21.145,0.967,
2/23/2009,MG_G_OUT,MG-52,GRAB,SW,6.6,-9999,0.82,13.35,0.86,-9999,46.47,-9999,-9999,11.61,-9999,2927.7,544.9,1715.1,130684.7,651.8,1408.2,0.687,5.731,521.602,0.243,0.634,6.77,3.592,1200.592,0.022,800.058,2270.027,234.065,966.527,244.154,50.041,264.332,48.73,256.261,44.997,134.184,18.766,122.077,18.362,0.787,
3/2/2009,MG_G_OUT,MG-67,GRAB,SW,6.6,-9999,1.38,7.85,0.26,-9999,57.39,-9999,-9999,16.15,-9999,2634.5,963,1537.6,324017.1,693.4,2331.7,0.51,2.633,479.381,0.175,0.485,4.241,1.99,883.388,0.003,510.536,1587.887,156.779,644.2,187.933,36.079,173.864,32.863,185.924,33.667,95.072,13.969,85.726,14.673,0.442,
3/9/2009,MG_G_OUT,MG-81,GRAB,SW,6.7,-9999,1.43,7.78,0.54,-9999,72.52,-9999,-9999,17.83,-9999,15173.4,2029.9,1327.3,312694.2,721,30531.3,0.719,2.906,423.333,0.166,0.683,4.585,4.173,777.283,0.02,446.46,1427.868,139.77,582.208,154.853,29.865,159.881,28.256,160.887,29.663,88.689,12.569,78.935,12.167,0.422,
3/16/2009,MG_G_OUT,MG-95,GRAB,SW,6.6,-9999,1.66,12.26,0.86,-9999,50.83,-9999,1.9,17.28,-9999,2283.3,1002.7,3980.8,12994.8,748.4,3643.3,1.493,7.753,1333.58,0.416,1.125,4.757,3.782,1512.718,0.011,993.219,3065.244,309.51,1234.059,309.51,67.973,329.414,61.006,320.457,57.125,157.243,22.79,151.272,21.497,0.896,
3/23/2009,MG_G_OUT,MG-110,GRAB,SW,6.8,-9999,2.96,6.82,0.91,-9999,78.02,-9999,9.74,19.08,-9999,3080.2,671.6,1281.5,7988.2,997.1,1959.2,0.398,4.535,381.432,0.15,0.819,5.436,22.926,628.712,0.023,390.442,1161.315,115.13,446.506,125.142,24.027,127.144,22.626,127.144,23.527,62.971,10.212,66.175,10.111,0.42,
3/30/2009,MG_G_OUT,MG-124,GRAB,SW,6.7,-9999,2.65,5.76,0.4,-9999,39.07,-9999,-9999,9.49,-9999,4767.9,605.3,1016,11672.3,1167.2,2875.6,0.427,2.404,335.606,0.187,0.601,3.807,3.506,584.054,0.05,362.655,1152.08,106.192,433.783,125.226,21.339,115.208,22.541,130.235,22.641,65.418,9.788,72.13,9.497,0.301,
4/6/2009,MG_G_OUT,MG-138,GRAB,SW,6.8,-9999,3.03,6.31,0.6,-9999,1013.94,-9999,-9999,247.62,-9999,5249.5,600,993.9,11390.4,1893.8,4060.9,0.457,3.799,346.882,0.179,1.839,5.598,10.396,584.801,0.14,369.874,1129.615,107.963,440.85,106.964,21.193,129.956,23.092,136.953,23.392,63.678,8.957,70.276,9.747,0.4,
4/13/2009,MG_G_OUT,MG-153,GRAB,SW,6.54,-9999,1.89,9.66,0.56,12.12,96.56,-9999,8.79,130.54,15.73,4018.4,685.1,978.5,11432.3,741.4,2169.9,0.45,4.241,417.913,0.06,0,5.142,16.696,1044.782,0,588.695,2029.288,180.225,906.148,190.673,41.389,214.984,29.334,221.012,29.937,95.437,14.948,116.533,16.435,0.643,
4/20/2009,MG_G_OUT,MG-166,GRAB,SW,6.52,55,3.18,7.88,0.93,-9999,97.98,-9999,4.53,17.11,6.74,5350.7,650,321,12742.5,986.9,1981.7,0.25,1.665,139.117,0,0,2.881,45.322,433.999,0,208.082,780.802,73.126,269.515,84.025,21.601,60.839,22.394,111.968,9.136,38.247,0.273,49.147,9.215,0.258,
4/27/2009,MG_G_OUT,MG-183,GRAB,SW,6.29,61,3.51,7.29,1.21,-9999,1120.07,-9999,26.47,220.97,-9999,6193.9,716.9,191.9,12509.7,1803.3,18385.8,0.27,0.63,75.748,0,3.127,11.169,40.677,483.327,0.079,207.14,751.391,78.388,308.68,133.22,21.12,103.367,15.515,87.527,9.646,46.911,6.722,51.988,8.59,0.264,
5/4/2009,MG_G_OUT,MG-198,GRAB,SW,6.25,64,3.07,9.97,1.81,7.38,119.32,3.84,84.31,52.73,8.7,6676.6,711.2,261.5,13729.6,2080.2,15330.9,0.462,2.259,116.692,0,6.498,9.965,195.147,546.807,0.147,271.423,905.402,94.106,404.162,91.729,32.095,116.89,21.793,139.476,14.106,48.341,3.011,73.898,18.445,0.436,
5/11/2009,MG_G_OUT,MG-214,GRAB,SW,6.35,58,3.96,6.51,0.86,7.54,81.85,-9999,73.54,45.27,178.3,5991.5,729.8,228,13454.9,1256.3,5778.4,0.357,1.107,102.208,0.069,6.365,3.255,48.637,503.783,0,232.196,771.223,80.232,346.221,82.513,7.07,140.976,15.694,110.086,13.787,38.354,0,68.83,13.393,0.083,
5/18/2009,MG_G_OUT,MG-226,GRAB,SW,5.94,61,3.65,5.72,0.91,-9999,72.26,-9999,-9999,13.86,-9999,5895.9,762.9,243,13923,1015.8,32201,0.196,2.834,117.519,0.032,0.299,2.948,30.296,605.52,0,296.785,966.044,96.604,422.271,117.519,18.126,187.034,21.91,102.978,16.891,83.657,7.21,67.723,3.406,0.08,
5/26/2009,MG_G_OUT,MG-241,GRAB,SW,6.22,55,3.9,5.46,0.42,-9999,86.75,-9999,-9999,13.37,-9999,5765.5,705.8,351.9,11113.5,1320.1,36297.9,0.296,2.342,181.116,0.032,2.306,4.433,19.225,763.429,0,393.643,1256.478,131.612,582.513,210.738,23.062,172.964,27.833,149.505,26.442,65.607,6.183,94.236,13.897,0.139,
6/1/2009,MG_G_OUT,MG-253,GRAB,SW,6.25,61,3.04,7.3,0.41,-9999,86.15,-9999,-9999,13.16,-9999,6238.6,732.9,234.2,11952.4,1205.3,35813.4,0.216,1.191,104.381,0.041,1.797,5.088,21.341,563.295,0,240.259,775.288,95.296,403.796,120.735,0.919,137.291,10.539,92.065,11.589,74.5,10.458,91.864,7.995,0.182,
6/8/2009,MG_G_OUT,MG-263,GRAB,SW,6.13,71,5.24,5.59,0.53,-9999,73.51,-9999,-9999,14.02,0.08,6708.9,937.2,99.5,11375,1876.5,52033.8,0.719,0.262,54.272,0,0.941,4.526,6.208,410.542,0,184.844,478.632,66.488,262.347,70.894,8.651,108.543,14.9,79.505,18.024,39.252,4.666,91.12,6.869,0.781,
6/15/2009,MG_G_OUT,MG-271,GRAB,SW,5.96,67,5.94,6.57,1.12,-9999,67.87,-9999,-9999,14.6,-9999,6597.4,932.5,98.5,12392.6,1425.8,2738.6,0.189,0.521,29.678,0.056,0.602,2.928,68.38,360.95,0.08,141.773,401.055,53.14,228.602,42.311,8.984,36.095,3.589,54.343,13.656,12.473,9.746,56.95,11.25,0.12,
6/22/2009,MG_G_OUT,MG-277,GRAB,SW,6.18,85,6.98,5.63,0.57,-9999,102.58,-9999,-9999,14.49,-9999,7449.6,1020.8,239.6,11879,1491.9,4067.4,0.221,3.894,162.682,0.057,12.684,3.221,27.12,527.509,0.101,235.567,841.599,79.529,334.224,102.683,23.355,84.361,15.725,83.959,16.57,55.57,8.235,52.348,11.557,0.282,
6/29/2009,MG_G_OUT,MG-283,GRAB,SW,6.31,75,6.38,5.74,0.46,18.3,79.21,-9999,11.23,30.2,-9999,7545,969.8,267.6,15472.2,1058.3,8090.9,0.239,1.825,333.991,0.029,0.604,3.038,24.788,659.934,0.06,311.859,720.294,105.026,386.303,107.038,15.774,108.446,25.351,108.044,22.534,60.159,9.778,66.999,2.616,0.221,
7/4/2009,MG_G_OUT,MG-293,GRAB,SW,6.29,54,2.1,18.3,1.76,-9999,78.44,-9999,67.23,37.4,-9999,5322.2,762.3,740.3,9443.9,1598.7,5594.2,0.494,4.418,428.179,0.088,8.143,14.086,52.762,1286.537,0.38,780.326,2481.036,254.106,1056.441,334.139,56.023,268.112,49.421,282.118,45.819,121.451,22.009,127.853,17.487,0.78,
7/9/2009,MG_G_OUT,MG-301,GRAB,SW,-9999,-9999,3.39,15.16,2.36,-9999,61.1,-9999,24.04,29.23,-9999,4729.9,669.4,755.6,8217.2,938,6786.2,0.409,5.812,464.973,0.214,1.804,6.951,3.608,1414.962,0.16,909.905,2845.958,292.613,1206.526,308.646,49.904,300.629,50.506,294.617,45.896,135.684,22.647,138.69,16.474,0.762,
7/14/2009,MG_G_OUT,MG-309,GRAB,SW,-9999,-9999,-9999,-9999,-9999,-9999,84.08,-9999,159.78,25.2,-9999,7021.4,1146.5,469.4,9791.4,1875.6,6597,0.519,468.219,319.328,0.275,2.001,7.362,260.271,1094.563,5.117,602.106,1942.898,188.134,773.312,185.056,34.818,226.992,33.087,196.213,41.551,121.96,13.523,137.542,19.083,1.212,Insufficient sample
7/19/2009,MG_G_OUT,MG-314,GRAB,SW,6.06,60,4.3,9.87,2.01,-9999,57.41,16.13,6.83,2.7,-9999,5693.7,751.2,409.5,9569.4,980.9,5324,0.386,11.07,239.735,0.04,0.599,4.715,5.394,982.912,0.12,539.403,1774.037,181,727.195,170.411,42.553,235.739,33.163,229.746,42.353,90.899,13.026,134.651,16.682,0.42,
7/24/2009,MG_G_OUT,MG-320,GRAB,SW,5.3,62,4.55,7.61,0.63,-9999,61.48,21.04,7.47,-9999,-9999,6160.5,890.3,290.1,9956.2,1150.6,4750.2,0.244,3.122,158.187,0.016,6.439,4.213,11.327,689.582,0.079,312.001,1045.304,112.082,490.856,140.5,16.912,119.037,21.463,151.231,29.412,61.804,9.4,108.902,12.957,0.298,
7/29/2009,MG_G_OUT,MG-324,GRAB,SW,6.03,64,6.01,7,0.64,-9999,62.23,22.93,7.47,18.02,-9999,6236.4,924.4,340.9,10367.3,1129,4987.8,0.305,4.335,222.586,0.046,0.401,3.67,2.607,772.033,0.08,387.019,1259.316,123.124,531.399,121.319,24.665,100.665,30.28,148.591,33.689,87.43,8.462,103.873,8.382,0.261,
8/3/2009,MG_G_OUT,MG-326,GRAB,SW,7.06,102,5.25,8.19,0.75,-9999,69.21,28.05,7.32,-9999,-9999,6771.3,1309.5,207.4,10065.5,1598.3,5910.5,0.315,6.466,192.972,0.107,0.61,5.063,9.76,677.131,0.102,294.847,892.675,104.111,427.02,127.496,20.029,115.702,19.785,126.683,20.334,75.847,12.221,78.287,5.307,0.346,
8/28/2009,MG_G_OUT,MG-352,GRAB,SW,5.98,60,4.01,10.05,1.02,-9999,71.87,-9999,5.99,13.3,68.63,4938.4,727.8,615.8,8317.3,885.7,18754.6,0.332,8.317,407.867,0.058,0.4,10.113,1,1055.655,0.06,699.771,2319.241,235.923,865.717,249.918,35.388,269.912,38.587,237.922,38.787,107.365,17.374,111.763,11.216,0.74,
9/7/2009,MG_G_OUT,MG-336,GRAB,SW,5.73,58.5,10.23,9.84,0.37,-9999,73.29,-9999,13.5,36.97,-9999,5755.6,783.7,714.4,9592.7,961.3,15426.6,0.39,9.1,434.734,0.12,0.816,6.613,11.226,1028.666,0.1,706.187,2306.334,224.51,875.591,255.125,43.473,222.469,31.84,206.141,38.779,115.113,15.92,119.603,13.042,0.776,
9/12/2009,MG_G_OUT,MG-346,GRAB,SW,6.08,57,5.28,8.43,0.56,-9999,79.89,-9999,34.59,32.15,-9999,5578.6,716.4,523.7,9592,943.1,18240.5,0.33,4.92,303.012,0.018,1.003,6.181,20.348,977.262,0.06,600.003,1946.498,187.426,786.626,178.396,28.696,242.811,36.723,204.683,45.953,108.562,14.107,104.75,12.823,0.462,
12/4/2009,MG_G_OUT,MG-369,GRAB,SW,6.42,49.3,3.61,5.23,0.87,15.69,86.09,5.64,59.03,63.18,17.93,24123.3,854,2049.7,9063,651.1,2749,0.782,5.868,363.725,0.406,0.928,7.214,6.631,460.182,0.332,305.448,1097.202,102.084,385.829,138.055,21.502,109.117,17.985,95.453,14.79,52.248,6.37,45.214,7.315,1.059,
1/18/2010,MG_G_OUT,MG-375,GRAB,SW,6.34,38,2.67,8.8,0.66,20.42,76.17,3.26,20.59,70.46,16.63,21954.6,738.8,1573.8,8269.4,622.7,3606.5,0.617,4.005,384.437,0.234,0.589,6.728,8.79,770.877,0.153,480.547,1615.838,150.972,590.672,196.423,27.832,156.979,29.233,172.596,26.23,80.492,11.213,80.892,10.672,0.661,
2/1/2010,MG_G_OUT,MG-379,GRAB,SW,6.22,35.5,0.67,14.83,0.2,34.09,51.84,6.51,65.55,39.9,16.31,2946.2,623.3,1898,6373.4,669.4,1763.7,0.657,3.207,436.92,0.214,0.589,9.68,2.866,1038.186,0.023,583.228,2104.431,206.435,755.591,210.443,42.289,216.456,37.078,218.46,37.88,118.65,15.052,110.232,13.689,0.483,
2/8/2010,MG_G_OUT,MG-382,GRAB,SW,6.18,32.9,1.22,17.4,0.19,21.68,46.98,-9999,28.16,-9999,-9999,2389.2,688.9,1819.8,5594.8,533.6,2030.8,0.619,3.325,434.044,0.233,0.579,3.345,7.247,1509.199,0.014,901.935,2767.528,306.618,1222.491,332.502,62.717,340.466,59.93,294.672,51.169,153.11,22.698,139.372,19.014,0.45,
2/22/2010,MG_G_OUT,MG-388,GRAB,SW,6.19,33.5,1.8,10.82,0.11,9.63,42.86,-9999,10.91,-9999,-9999,2661.5,562.3,1254.7,6183.5,584.3,1767,0.444,2.321,316.177,0.158,0.368,8.445,8.145,812.454,0.042,426.238,1504.84,147.482,558.312,173.697,27.415,150.484,28.016,166.093,30.017,76.843,10.986,75.042,11.306,0.348,
3/23/2010,MG_G_OUT,MG-394,GRAB,SW,6.65,22.2,0.81,10.32,0.17,6.91,36.8,-9999,12.92,-9999,-9999,2080.9,470.2,1050.5,4782.1,556.2,1374.6,0.332,2.081,218.097,0.094,0.34,5.282,2.761,766.34,0.064,422.187,1352.6,147.666,578.257,159.071,33.815,131.258,26.212,150.467,27.612,84.037,8.244,77.034,8.944,0.334,
4/6/2010,MG_G_OUT,MG-398,GRAB,SW,6.4,25.8,4.75,8,0.21,5.15,34.74,-9999,20.89,-9999,16.68,1942.8,486.2,632.1,-9999,594,1446,0.332,1,177.158,0.05,0.226,6.342,1.983,655.357,0.089,353.047,1154.274,112.891,418.583,162.782,89.446,150.309,21.035,117.119,24.523,72.301,9.408,71.878,4.122,0.195,
4/26/2010,MG_G_OUT,MG-416,GRAB,SW,6.46,37.7,2.79,9.4,1.07,-9999,57.33,-9999,37.27,-9999,-9999,2960.1,614.8,556.8,-9999,687.2,1865.1,0.221,1.155,177.191,-0.002,0.228,3.56,1.391,678.956,0.005,193.751,1103.304,113.435,449.188,173.258,45.54,132.479,24.84,119.645,22.977,71.415,9.067,79.074,7.452,0.261,
5/1/2010,MG_G_OUT,MG-420,GRAB,SW,6.47,37.3,2.61,8.83,0.83,-9999,61.47,-9999,21.36,-9999,-9999,3387.6,667.2,632.1,-9999,654.8,2009.8,0.254,1.425,202.222,0.015,0.219,3.388,1.836,603.155,-0.004,293.315,1067.915,109.27,415.186,98.736,32.223,113.195,20.202,121.044,22.308,53.292,11.237,71.676,5.329,0.242,
5/11/2010,MG_G_OUT,MG-441,GRAB,SW,6.11,46.7,2.38,16.26,0.51,-9999,66.15,-9999,16.46,-9999,-9999,3996.6,754.2,606.7,-9999,762.4,2234,0.273,2.48,200.856,0.05,0.293,3.484,4.591,565.676,0.047,303.334,1069.866,96.124,432.455,102.068,31.563,68.66,18.692,89.36,22.34,68.25,8.321,60.462,7.317,0.254,
5/17/2010,MG_G_OUT,MG-459,GRAB,SW,5.47,47.6,1.99,13.37,0.49,-9999,108.68,-9999,192.09,-9999,-9999,3286,751.8,705.1,-9999,776.2,2214.9,0.256,3.759,211.327,0.104,0.628,4.694,5.811,589.277,0.132,329.182,1101.338,101.193,418.59,110.54,18.288,90.22,16.662,109.931,21.539,74.777,9.347,57.302,5.811,0.412,
5/24/2010,MG_G_OUT,MG-477,GRAB,SW,6.3,49.8,4.45,17.49,1.56,1.79,60.63,-9999,116.39,-9999,-9999,-9999,818.7,928,-9999,802.2,2330.3,0.371,7.176,274.272,0.071,0.59,9.919,2.289,560.917,0.012,315.516,1084.715,108.472,352.636,122.288,19.591,87.437,21.447,104.966,19.694,71.971,5.238,56.917,7.362,0.394,
6/1/2010,MG_G_OUT,MG-490,GRAB,SW,5.95,44,10.02,6.36,0.17,3.72,75.37,9.61,30.08,52.07,-9999,5209.1,774.5,843.4,-9999,859.2,2502.7,0.422,9.026,277.86,0.078,0.475,9.065,3.449,681.841,0.05,370.48,1265.15,118.632,518.278,147.995,21.263,147.798,26.012,150.163,24.436,76.264,11.883,86.708,12.119,0.528,
6/7/2010,MG_G_OUT,MG-501,GRAB,SW,6.2,52.1,8.56,6.44,0.19,3.71,94.83,11.39,35.64,53.27,-9999,4283.4,749.1,832.5,-9999,846.4,2503.5,0.354,7.312,276.18,0.061,3.517,5.643,5.226,647.731,0.044,351.682,1108.694,115.439,472.884,122.393,17.107,121.996,22.055,122.791,21.657,71.727,8.544,68.946,13.749,0.403,
6/14/2010,MG_G_OUT,MG-509,GRAB,SW,6.3,68.6,8.1,7.89,0.56,4.38,207.5,-9999,124.47,56.57,6.68,8919.8,875.3,1241.1,2466.1,2466.1,2951.2,0.707,14.978,388.107,0.127,6.105,8.187,49.928,618.545,0.182,359.807,1210.812,113.602,436.62,117.241,19.405,118.858,22.437,130.38,25.47,62.865,7.742,70.749,11.724,0.526,
7/12/2010,MG_G_OUT,MG-529,GRAB,SW,6.4,62.8,16.23,6.2,0.37,1.02,84.12,4.95,-9999,64.04,3.14,8377.1,988.9,1247.5,42772.5,1117.2,3316.1,0,9.711,521.098,0,1.066,7.915,9.37,1115.228,0.025,728.352,2210.717,217.124,931.659,254.627,59.413,244.758,50.728,225.019,43.622,119.221,22.897,137.775,23.686,0.823,
7/19/2010,MG_G_OUT,MG-533,GRAB,SW,6.8,60.1,12.66,8.41,0.29,-9999,72.44,2.61,-9999,43.94,-9999,10504.3,955.4,882.2,42135.8,1175,3165,0,8.506,280.891,0,1.488,2.552,0.89,650.798,0.046,383.753,1238.296,113.148,472.768,123.83,31.254,157.26,34.419,146.973,24.331,84.465,17.328,91.191,15.686,0.378,
7/24/2010,MG_G_OUT,MG-547,GRAB,SW,6.8,49.9,4.66,20.83,0.7,-9999,93.44,17.58,-9999,31.03,-9999,21830.1,794.1,912.1,27386.8,1288.2,2800.4,0,6.841,402.056,0,8.881,6.901,14.062,1738.243,0.028,1018.142,2920.408,306.043,1328.186,360.05,70.21,450.063,71.21,388.054,70.81,191.227,36.005,218.03,38.605,0.67,
7/29/2010,MG_G_OUT,MG-563,GRAB,SW,6.5,34.6,0.66,17.11,0.52,-9999,37.94,12.21,-9999,23.42,-9999,22700.5,696.7,1227.2,27280.4,878.8,2382.2,0.44,6.526,512.482,0,0.597,6.886,3.924,1765.659,0,1036.974,3142.954,316.297,1339.259,358.337,84.079,386.363,74.47,394.371,72.068,204.192,37.836,236.222,39.237,0.639,
8/3/2010,MG_G_OUT,MG-579,GRAB,SW,7.4,-9999,1.05,12.91,0.66,-9999,156.95,19.16,-9999,25.89,-9999,5114.4,702.8,1138.8,8741.3,1272.2,2241.4,0.438,2.278,312.919,0.063,32.728,7.284,49.246,1456.868,0.131,696.629,2328.938,235.972,979.795,260.595,53.966,283.166,47.092,301.633,49.657,140.557,18.16,128.245,14.876,0.363,
8/8/2010,MG_G_OUT,MG-595,GRAB,SW,6.6,30,0.54,15.04,0.24,-9999,48.96,-9999,-9999,20.37,-9999,2767.3,655.8,1616.8,12200.4,885.2,1930.1,0.579,2.496,418.357,0.105,1.003,10.611,2.486,1546.103,0.02,829.641,2647.575,268.8,1202.525,270.821,60.429,306.189,54.063,293.052,60.631,150.568,23.141,150.568,14.147,0.466,
8/13/2010,MG_G_OUT,MG-608,GRAB,SW,6.5,43.9,0.52,10.83,0.4,-9999,86.49,-9999,-9999,27.2,-9999,3879.9,702.4,1251.5,13026.9,975.9,1871.6,0.542,2.594,399.664,0.088,8.175,10.597,12.616,1322.12,0.034,682.254,2351.557,213.961,931.54,252.313,46.93,274.517,48.444,272.498,46.426,145.332,18.873,126.156,17.258,0.397,
8/18/2010,MG_G_OUT,MG-623,GRAB,SW,6.5,38.1,1.77,15.31,0.51,-9999,43.57,11.6,-9999,22.39,-9999,2731.1,672.8,1162.1,12279.8,765.5,1913.8,0.527,3.129,395.507,0.083,0.358,6.187,0,1559.601,0,827.71,2640.11,264.011,1090.702,307.843,61.059,308.862,56.982,317.017,54.025,152.902,21.304,156.979,17.023,0.411,
8/22/2010,MG_G_OUT,MG-639,GRAB,SW,6.7,44.2,2.57,12.32,0.43,-9999,60.66,-9999,-9999,26.8,-9999,3359.2,709.7,798.3,19475.3,857.7,2059.5,0.486,2.215,311.055,0.052,1.601,8.184,14.697,1288.513,0.019,661.369,2073.7,218.443,939.205,233.543,45.601,253.676,42.682,257.703,47.413,135.898,14.697,108.718,13.288,0.316,
8/28/2010,MG_G_OUT,MG-655,GRAB,SW,6.9,47.6,2.49,10.6,0.45,4.65,68.6,71.09,3.41,40.11,-9999,3696.9,699.4,559.7,8193.2,740.9,1946.4,0.33,2.439,212.552,0.047,0.843,9.18,0,1123.488,0,569.841,1761.143,175.102,767.211,198.382,36.437,217.613,39.373,219.637,38.765,112.349,18.927,111.337,14.777,0.383,
9/2/2010,MG_G_OUT,MG-672,GRAB,SW,6.6,48.8,3.68,10.27,0.6,-9999,79.71,-9999,3.73,23.23,-9999,4920.6,658.6,492.6,9202.2,1005.9,2151.4,0.263,1.237,195.819,0.042,3.35,6.74,20.406,936.838,0.012,450.383,1484.099,150.471,619.405,152.532,21.849,181.39,31.743,191.696,30.506,86.263,14.429,100.28,18.551,0.196,
9/8/2010,MG_G_OUT,MG-686,GRAB,SW,6.6,-9999,2.78,13.17,0.36,-9999,56.25,-9999,-9999,19.95,-9999,4355.3,670.4,1039.2,7881,789.6,2156.9,0.452,2.476,420.782,0.08,0.343,5.298,0.637,1334.685,0.008,761.076,2312.775,246.56,989.297,251.654,50.229,265.918,45.95,248.598,45.95,130.412,17.015,137.544,19.664,0.344,
9/28/2010,MG_G_OUT,MG-731,GRAB,SW,6.6,45.4,3.8,10.72,0.45,-9999,60.52,-9999,-9999,25.17,29.67,4174.4,690.7,840.4,7279,844.5,2244.5,0.413,2.547,384.052,0.065,0.564,6.917,1.447,1069.64,0.015,609.186,1884.604,178.273,745.692,184.386,36.266,221.059,36.673,221.059,34.432,105.945,12.734,111.039,19.559,0.274,
10/2/2010,MG_G_OUT,MG-744,GRAB,SW,6.6,58.9,4.75,8.84,0.4,-9999,70.54,6.88,-9999,25.33,172.27,5210.6,712.3,260.9,8060.8,994.4,2665,0.298,1.573,119.202,0.042,9.458,6.673,22.179,769.93,0.069,379.102,1211.564,127.019,4484.742,144.606,17.099,139.721,26.283,180.758,50.026,78.361,11.139,93.896,25.892,0.195,
10/8/2010,MG_G_OUT,MG-759,GRAB,SW,6.7,44.6,4.07,10.47,0.29,-9999,72.37,4.12,-9999,21.43,-9999,4881.2,665.6,297.9,7931.9,696.7,2450.7,0.233,1.515,154.453,0.043,3.657,7.842,8.261,768.279,0.051,382.645,1235.624,131.534,4484.121,135.52,17.936,171.393,29.097,178.368,52.713,77.027,11.16,90.878,26.705,0.234,
10/13/2010,MG_G_OUT,MG-767,GRAB,SW,6.4,52.6,4.66,65.49,1.71,-9999,71.36,6.52,-9999,24.17,143.54,5203.4,730.4,243.5,8419.5,679.5,2734.3,0.183,1.44,98.904,0.033,2.445,4.717,7.598,649.218,0.065,303.307,978.899,109.556,3550.412,106.512,10.651,124.772,22.52,145.06,47.17,69.081,11.564,75.167,26.679,0.15,
10/24/2010,MG_G_OUT,MG-773,GRAB,SW,-9999,45.2,2.97,6.04,0.28,-9999,-9999,-9999,-9999,-9999,-9999,-9999,-9999,-9999,-9999,-9999,-9999,-9999,-9999,-9999,-9999,-9999,-9999,-9999,-9999,-9999,-9999,-9999,-9999,-9999,-9999,-9999,-9999,-9999,-9999,-9999,-9999,-9999,-9999,-9999,-9999,
10/31/2010,MG_G_OUT,MG-779,GRAB,SW,-9999,46.7,3.61,5.26,0.27,-9999,-9999,-9999,-9999,-9999,-9999,-9999,-9999,-9999,-9999,-9999,-9999,-9999,-9999,-9999,-9999,-9999,-9999,-9999,-9999,-9999,-9999,-9999,-9999,-9999,-9999,-9999,-9999,-9999,-9999,-9999,-9999,-9999,-9999,-9999,-9999,
11/14/2010,MG_G_OUT,MG-790,GRAB,SW,-9999,112.6,3.87,4.28,0.42,-9999,-9999,-9999,-9999,-9999,-9999,-9999,-9999,-9999,-9999,-9999,-9999,-9999,-9999,-9999,-9999,-9999,-9999,-9999,-9999,-9999,-9999,-9999,-9999,-9999,-9999,-9999,-9999,-9999,-9999,-9999,-9999,-9999,-9999,-9999,-9999,
2/2/2009,MG_S_OUT,MG-13,GRAB,SW,7,-9999,4.75,4.49,0.92,-9999,14.34,0.62,0.14,4.95,0.04,4528.4,1973.7,1184.2,164305.3,859,5880.9,0.624,4.335,548.929,0.64,1.224,12.143,5.258,828.914,0.024,441.552,1445.079,135.476,569,150.529,34.822,153.54,29.203,155.547,30.909,98.446,13.548,91.421,14.451,0.592,
2/9/2009,MG_S_OUT,MG-24,GRAB,SW,7.1,-9999,4.55,3.08,0.65,-9999,17.77,1.06,0.1,4.85,0.01,4631.6,1956,632.1,167223,862,5442.3,0.403,3.579,322.603,0.422,1.048,7.742,3.66,491.97,0.028,262.115,776.263,77.021,340.749,92.244,20.868,93.353,19.255,97.688,19.457,59.682,8.045,62.908,9.416,0.333,
2/16/2009,MG_S_OUT,MG-35,GRAB,SW,7.1,-9999,2.13,9.53,1.01,6.3,63.22,-9999,-9999,17.3,0.14,3815.3,1690,2352.5,145728.8,888.5,4554,1.06,8.915,961.202,0.659,1.393,15.246,5.19,1161.116,0.02,695.66,2362.618,202.943,849.129,217.078,47.151,235.252,43.719,234.242,47.858,143.373,20.395,137.315,19.285,0.909,
2/23/2009,MG_S_OUT,MG-50,GRAB,SW,7.1,-9999,2.33,12.28,0.98,46.16,107.18,7.36,9.2,23.16,6.92,3639.7,1546.9,2248,129410,921.4,4559.7,1.24,8.659,1008.079,0.633,1.804,13.508,8.871,1260.099,0.03,719.769,2147.209,219.761,918.36,241.939,53.932,270.165,46.876,255.044,51.714,146.171,20.968,146.171,21.069,1.048,
3/2/2009,MG_S_OUT,MG-65,GRAB,SW,7.1,-9999,2.87,7.98,0.34,9.43,68.46,-9999,-9999,24.75,-9999,2713.6,1949.8,1873.5,298499.5,633.2,4452.4,0.837,4.699,898.672,0.416,1.423,13.024,4.619,976.817,0.018,555.033,1733.224,173.322,706.314,193.36,44.783,193.36,35.266,194.362,41.377,115.214,17.933,109.203,17.833,0.431,
3/9/2009,MG_S_OUT,MG-79,GRAB,SW,7.1,-9999,4.02,7.99,0.63,6.95,77.95,-9999,5.47,23.78,-9999,3451.4,1962.2,1244.2,308914.5,1003.4,5916.7,0.579,2.99,584.973,0.326,1.144,10.134,14.248,764.578,0.021,382.289,1244.196,126.426,540.824,142.48,32.61,142.48,25.486,154.521,27.091,86.692,12.542,79.167,13.044,0.301,
3/16/2009,MG_S_OUT,MG-93,GRAB,SW,7.5,-9999,4.45,7.51,0.97,6.91,75.63,-9999,-9999,26.69,-9999,3381,2157,967.3,280913.2,712.3,5437.7,0.481,2.811,496.174,0.333,1.08,9.953,2.941,511.179,0.011,272.095,832.292,86.63,350.123,88.231,23.208,94.833,17.906,102.036,19.707,61.522,9.043,64.423,9.003,0.28,
3/23/2009,MG_S_OUT,MG-108,GRAB,SW,7.4,-9999,5.82,6.07,0.88,7.21,75.21,-9999,1.82,24.33,-9999,3095.6,1849.3,657.3,8141,482.4,6794.2,0.314,2.261,334.157,0.296,1.261,8.854,6.433,442.208,0.018,233.11,651.307,72.434,288.136,80.938,20.109,82.739,13.206,80.238,18.209,49.123,7.844,50.624,8.454,0.15,
3/30/2009,MG_S_OUT,MG-122,GRAB,SW,7.5,-9999,5.16,5.26,0.19,4.85,37.87,-9999,-9999,11.73,0.04,4162.6,1159.6,365,19623.7,1261.7,7145.8,0.379,1.508,224.136,0.453,0.643,6.232,2.272,352.788,0.04,182.927,529.684,56.084,222.126,66.939,12.162,65.733,12.363,71.161,13.267,46.335,6.282,50.958,7.588,0.101,
4/6/2009,MG_S_OUT,MG-136,GRAB,SW,7.5,-9999,5.64,4.19,0.31,-9999,938.43,-9999,92.98,316.83,0.65,5120.9,1436.2,366.3,11489.8,1955.2,7369.3,0.27,1.401,180.069,0.353,0.64,6.002,2.691,294.112,0.04,150.057,435.166,47.718,199.076,55.321,12.605,60.523,11.104,59.123,12.805,40.215,4.752,41.616,5.302,0.1,
4/13/2009,MG_S_OUT,MG-151,GRAB,SW,7.38,-9999,4.8,7.05,0.49,-9999,74.38,-9999,8.42,23.24,-9999,4506.6,1698,563.3,12815.7,989.8,16954.8,0.42,3.066,362.14,0.13,0.604,8.048,24.867,673.983,0,283.676,1034.111,93.553,482.853,124.134,19.998,110.453,18.731,145.661,15.451,81.079,1.109,86.511,6.519,0.362,
4/20/2009,MG_S_OUT,MG-164,GRAB,SW,7.28,81,6.6,5.69,0.72,-9999,98.62,-9999,14.43,23.44,50.84,5581.6,1909.7,146.5,13794.5,1222,20252.1,0.162,0.698,98.077,0.042,1.196,6.578,63.79,330.91,0,106.848,378.752,44.254,257.153,47.643,16.446,67.577,16.884,60.002,5.004,39.271,7.695,49.238,13.216,0.219,
4/27/2009,MG_S_OUT,MG-181,GRAB,SW,7.43,87,6.03,5.25,0.62,113.16,808.04,-9999,26.91,300.48,-9999,5609.6,2052.8,35.4,13028,1132.1,23249.8,0.105,0,15.081,0,0,5.067,12.804,209.342,0,35.161,85.769,18.861,106.5,0,11.341,85.363,6.768,61.99,0,26.422,0,34.755,2.581,0.041,
5/4/2009,MG_S_OUT,MG-196,GRAB,SW,7.34,90,5.49,5.36,0.73,11.24,81.5,1.27,65.89,74.32,24.37,5841.9,2086.4,28.2,13551.6,1279.7,23923.8,0.072,0,18.142,0,0.397,4.733,10.511,160.354,0.03,36.363,86.436,8.564,51.464,16.87,0,14.446,10.492,41.529,0,20.864,0,5.822,6.438,0.04,
5/11/2009,MG_S_OUT,MG-212,GRAB,SW,8.25,94,6.78,4.19,0.45,12.23,81.43,-9999,-9999,67.71,-9999,6508.1,2169.4,61.7,14059.3,1787.7,18971.5,2.19,1.076,79.266,0.219,3.233,9.879,569.463,210.68,0,75.511,149.771,29.412,124.531,36.921,0,52.566,20.401,19.858,4.902,21.277,0,25.449,13.746,1.126,
5/18/2009,MG_S_OUT,MG-224,GRAB,SW,7.31,99,5.9,27.16,3.36,8.95,-9999,-9999,2.01,20.32,-9999,6343.8,2227.3,30.2,12647.8,1475.6,36486.5,0.101,0.02,20.483,0.03,0.497,5.33,11.693,170.029,0,35.398,81.137,11.176,85.711,11.733,0,33.409,5.449,20.881,3.381,0,3.858,19.827,1.836,0,
5/26/2009,MG_S_OUT,MG-239,GRAB,SW,7.01,94,8.13,3.39,0.35,9.5,76.2,-9999,-9999,18.62,-9999,6205.9,2115.2,31.3,12252.1,1388.8,39977.9,0.143,0,16.642,0.039,0.619,5.507,16.662,213.514,0,23.946,84.807,20.753,123.918,0,1.816,67.047,6.246,23.347,0,25.143,5.687,45.097,10.257,0,
6/1/2009,MG_S_OUT,MG-251,GRAB,SW,7.28,95,6.4,4.15,0.4,10.12,118.62,-9999,-9999,20.1,-9999,6379.6,2106.5,22.7,12137.3,1410.3,23625.4,0.11,0,12.699,0.037,0.461,5.978,3.009,153.472,0,33.102,62.994,16.812,111.142,0,0,81.25,8.907,17.875,2.347,9.449,5.196,45.339,4.494,0,
6/8/2009,MG_S_OUT,MG-261,GRAB,SW,7.7,95,10.93,3.87,0.66,10.1,73.99,-9999,3.63,19.88,0.12,6670.8,2103.4,24.6,11999.4,1530.5,44889.2,0.175,0,21.034,0.021,1.122,6.951,10.817,156.653,0,31.25,63.903,11.699,68.911,0,0,39.864,6.27,30.048,1.046,4.728,5.449,28.446,1.32,0.741,
6/15/2009,MG_S_OUT,MG-269,GRAB,SW,5.93,144,8.55,3.83,0.67,10.06,75.05,-9999,1.67,18.86,0.11,6757.2,2165.5,36.9,11770,1403.6,9927.7,0.167,0.08,22.257,0.068,0.602,5.213,40.864,142.162,0.08,21.054,73.387,10.346,97.649,7.299,11.229,7.519,5.915,0.902,7.74,0,5.374,46.118,7.319,0.12,
6/22/2009,MG_S_OUT,MG-276,GRAB,SW,7.25,107,10.18,3.6,0.75,11.03,80.92,-9999,-9999,18.59,0.21,7286,2167.7,39.9,10678.1,1670,8835.9,0.174,0.281,20.072,0.032,1.405,5.359,24.006,127.053,0.08,37.735,85.906,20.874,79.684,27.699,0,25.491,0,31.312,11.601,21.075,0.257,36.53,0,0.04,
6/29/2009,MG_S_OUT,MG-282,GRAB,SW,7.2,102,7.73,3.66,0.49,17.59,73.6,-9999,18.9,55.67,-9999,7164.3,2153.3,30.4,10786.7,1463,12635.2,0.153,0,15.617,0.036,3.321,6.42,35.097,172.265,0.121,39.645,71.643,11.853,43.67,20.527,3.16,28.577,4.387,36.425,8.794,28.174,4.89,15.939,0,0.04,
7/4/2009,MG_S_OUT,MG-291,GRAB,SW,7.38,88,5.9,11.56,1.29,22.98,73.37,-9999,27.17,40.1,-9999,6197.2,1833.1,210.6,10689.6,1550.3,13511.1,0.257,1.408,162.25,0.068,2.848,13.758,15.864,533.479,0.06,224.623,535.484,89.849,350.973,127.152,25.671,91.654,19.775,90.25,22.663,48.334,12.314,81.025,6.277,0.181,
7/9/2009,MG_S_OUT,MG-300,GRAB,SW,-9999,-9999,7.58,8.24,1.89,18.46,60.32,-9999,8.95,31.92,-9999,5841.9,1726.6,221.3,9690,1302,10539.5,0.255,1.589,168.877,0.041,0.399,9.772,3.389,546.307,0.04,237.265,582.196,82.943,315.024,85.734,14.734,83.541,18.642,82.943,25.122,58.22,8.414,68.587,6.759,0.14,
7/14/2009,MG_S_OUT,MG-308,GRAB,SW,-9999,-9999,0.1,5.72,2.06,16.62,80.25,-9999,26.78,41.6,-9999,11499.6,4663.3,129.9,10919.5,2050.8,14144.5,0.543,5356.898,102.862,1.677,7.561,18.366,2662.329,264.832,53.35,156.021,253.318,36.846,153.526,29.362,9.883,12.935,-0.246,37.998,10.363,16.427,5.642,49.32,4.26,5.853,
7/19/2009,MG_S_OUT,MG-313,GRAB,SW,7.13,103,9.37,5.01,2.05,10.62,68.56,31.69,10.58,10.28,-9999,7156.9,2165.1,60.1,10524.9,1818.3,10081.8,0.162,4.35,58.538,0.049,1.403,7.057,8.62,195.262,0.16,76.18,194.259,24.658,142.337,51.121,15.256,49.517,8.721,53.527,6.435,26.463,2.566,40.095,1.046,0.08,
7/24/2009,MG_S_OUT,MG-319,GRAB,SW,7.03,102,8.95,4.28,0.45,10.89,68.73,34.43,10.76,-9999,-9999,7175.7,2170.8,79.8,10572.6,1571.8,8939.8,0.169,3.789,90.249,0.057,0.603,6.452,2.814,239.189,0.06,105.123,247.229,34.17,137.886,20.502,9.005,37.587,6.693,30.552,9.568,17.969,6.171,18.894,0,0.08,
7/29/2009,MG_S_OUT,MG-323,GRAB,SW,7.16,106,8.99,4.28,0.54,11.69,67.34,34.93,11.1,-9999,-9999,7226.7,2162,29.2,10649.8,1557.4,9220.1,0.143,1.355,35.633,0.018,0.601,6.306,4.204,168.355,0.14,59.255,107.699,20.819,87.881,0,19.278,67.462,3.844,22.621,4.624,14.794,2.302,35.633,7.307,0.04,
8/3/2009,MG_S_OUT,MG-325,GRAB,SW,6.41,79,8.78,4.91,0.67,11.37,71.23,36.44,11.71,4.09,-9999,7451.3,2223.4,29.8,10616.1,1758.7,9153.6,0.123,1.294,30.246,0.019,0.401,5.969,2.404,152.631,0.04,44.467,101.954,20.231,93.942,0,0,8.994,1.795,9.995,8.493,14.802,2.824,15.083,0.523,0.04,
8/10/2009,MG_S_OUT,MG-327,GRAB,SW,7.11,111,10.4,5.29,0.98,13.55,87.03,37.86,12.72,4.49,-9999,8046.4,2301.8,46.6,10408.3,1795.4,9739.7,0.17,3.77,42.434,0.04,0.801,7.818,8.407,224.178,0.08,70.656,169.535,32.626,115.692,4.383,25.02,27.021,2.822,49.439,12.09,35.028,5.124,16.633,0,0.16,
8/13/2009,MG_S_OUT,MG-329,GRAB,SW,7.15,100,9.72,4.67,0.97,14.88,-9999,-9999,44.16,42.65,-9999,7522.5,2117.6,40.9,9680.4,1488.4,8649.6,0.15,2.45,44.167,0.019,0.605,7.196,4.235,176.668,0.061,67.965,157.509,21.983,92.166,29.445,1.355,0,3.348,42.352,5.183,38.52,0,15.267,0.526,0.101,
8/18/2009,MG_S_OUT,MG-330,GRAB,SW,7.18,108,8.49,4.42,0.86,14.26,-9999,4.38,42.99,44.94,-9999,8224.5,2217.4,42.9,9917.8,1505.8,9969.5,0.16,2.71,37.091,0,0.605,6.705,4.233,165.498,0.12,53.217,125.585,14.211,82.447,0,6.773,46.767,6.975,46.162,10.099,19.594,4.636,34.873,4.475,0.181,
8/23/2009,MG_S_OUT,MG-332,GRAB,SW,7.14,99,7.23,4.09,0.69,15.5,93.94,-9999,190.77,44.5,-9999,8003.8,2157.2,381,9999.7,1709.6,16795.7,0.4,2.76,62.902,0.005,3.145,8.59,923.968,203.624,0.1,83.466,164.915,33.467,98.183,0,1.355,30.241,7.48,8.931,7.782,2.359,7.742,42.741,0,0.222,
8/28/2009,MG_S_OUT,MG-351,GRAB,SW,7.25,104,7.64,5.69,1.29,13.03,76.38,-9999,12.11,12.11,8.28,7162.1,2054.9,27.7,8079.8,1418.4,23679,0.079,0.738,36.708,0.022,0.2,8.528,0,176.358,0.06,47.681,110.523,20.748,85.187,0,-0.447,5.985,1.788,17.097,6.165,15.521,0.511,29.526,0,0,
9/3/2009,MG_S_OUT,MG-333,GRAB,SW,7.21,104,9.2,4.11,0.59,15.72,84.69,-9999,68.1,45.14,-9999,7979.9,2181.9,40,9616.3,1628.3,18382.1,0.21,2.52,43.031,0,1.212,11.051,28.627,181.013,0.2,45.253,124.446,21.819,74.143,39.799,9.051,25.657,9.576,32.324,10.647,5.495,5.939,36.768,6.323,0.162,
9/7/2009,MG_S_OUT,MG-334,GRAB,SW,7.22,87.5,2.86,3.74,0.29,17.12,92.94,-9999,64.25,37.38,-9999,7701.6,2128.1,51.5,9221.7,1599.1,18798.5,0.17,3.54,58.37,-0.004,3.141,6.607,12.16,148.966,0.1,47.628,125.05,22.902,82.894,17.714,5.452,0,0,26.956,4.945,25.132,7.256,52.898,1.321,0.122,
9/12/2009,MG_S_OUT,MG-345,GRAB,SW,7.37,109,9.72,3.05,0.19,17,96.41,-9999,89.7,37.48,-9999,7409.1,2142.6,21.8,9571.7,1397.7,22536.6,0.09,0.7,33.441,0.02,0.2,5.807,9.211,161.999,0.06,40.65,94.716,13.697,81.9,10.213,3.144,11.995,0,19.163,3.865,28.034,0,21.226,12.796,0,
9/17/2009,MG_S_OUT,MG-339,GRAB,SW,7.05,107.5,10.06,3.29,0.2,20.06,85.83,-9999,33.23,37.32,-9999,8023.8,2252.3,49.1,9330.9,1468,21575.8,0.69,18.02,43.638,0.076,1.207,7.591,17.596,149.415,0.322,56.307,192.048,20.311,66.563,0,0.45,15.062,3.097,24.333,9.049,17.214,3.861,27.349,3.419,0.965,
9/22/2009,MG_S_OUT,MG-341,GRAB,SW,7.22,106,10.14,2.91,0.52,16.49,82.29,-9999,27.63,38.74,-9999,7965.6,2232.8,45.7,9574.8,1466.4,22708.1,0.6,14.08,41.437,0.051,1.006,7.881,13.879,166.553,0.221,61.954,145.231,17.782,67.788,32.184,11.707,19.592,0.515,36.207,5.17,16.434,1.543,43.247,1.312,0.724,
9/27/2009,MG_S_OUT,MG-343,GRAB,SW,7.22,102,9.83,2.6,0.24,15.07,224.28,-9999,44.62,42.92,-9999,7621.3,2166.1,30.3,9125.5,1307.7,22315.1,0.11,1.18,35.9,0,0.201,6.498,0.401,128.158,0.08,36.703,93.06,8.444,73.606,42.318,0,39.109,0,3.73,11.091,14.039,3.851,35.7,3.149,0,
10/2/2009,MG_S_OUT,MG-354,GRAB,SW,7.23,105.7,10.21,2.63,0.24,11.58,75.67,-9999,18.1,13.16,-9999,7062.6,2100.8,35.4,7582.8,1374.5,23910.7,0.19,1.5,59.222,0,0.2,4.622,7.003,182.068,0.12,85.032,171.664,30.411,71.026,0,0,10.484,5.122,41.015,3.601,8.563,5.622,43.016,1.304,0,
10/9/2009,MG_S_OUT,MG-355,GRAB,SW,7.31,98,9.2,4.1,0.65,11.75,87.56,-9999,23.43,11.34,28.21,65283.2,6726.1,84.8,6554.6,1029.4,112564,2.433,0,43.429,0.095,3.016,33.376,82.656,129.08,0.201,90.276,132.096,22.519,78.614,38.523,0,22.318,7.721,14.275,4.341,13.27,10.857,44.635,8.445,0.43,
10/16/2009,MG_S_OUT,MG-357,GRAB,SW,7.32,103.3,9.98,3.11,0.68,9.5,77.34,-9999,27.7,11.36,-9999,45122.7,5476.3,99.4,6682.6,1134,101731.1,2.673,3.726,67.028,0.113,1.823,21.02,58.584,159.37,0.203,91.329,152.282,28.148,90.316,32.036,8.91,51.841,14.398,47.386,0.203,0.81,3.645,34.02,5.042,0.47,
10/30/2009,MG_S_OUT,MG-359,GRAB,SW,7.4,88.2,9.94,3.27,0.99,8.9,74.28,-9999,25,11.37,-9999,45603.4,6213.2,99.5,7430.1,1024.6,234987,2.597,3.855,73.102,0.084,1.598,11.345,55.086,134.62,0.2,114.048,195.339,22.57,110.053,58.262,0,35.752,6.811,41.345,7.59,25.566,7.59,32.756,9.687,0.39,
11/6/2009,MG_S_OUT,MG-362,GRAB,SW,6.81,94,11.05,4,0.72,20.85,97.36,-9999,212.61,72.76,17.88,8550.4,2624.6,2.2,8611.9,1502,7033,0.027,0,2.944,0.055,0.311,2.083,8.541,83.01,0.026,6.298,8.251,7.029,60.28,13.017,3.264,11.015,0.411,6.819,1.021,3.785,1.722,15.12,6.535,0,
11/13/2009,MG_S_OUT,MG-364,GRAB,SW,7.37,108.3,10.79,3.33,0.6,19.83,85.95,-9999,62.21,68.29,13.37,8468.6,2544.6,5.4,8753.6,1382.9,6575.4,0.017,0,1.566,0.05,0.347,1.576,0.449,70.469,0.011,3.712,11.694,2.308,53.894,8.491,3.295,8.562,0.59,11.287,2.583,3.152,2.298,13.118,6.395,0,
11/28/2009,MG_S_OUT,MG-366,GRAB,SW,7.33,87.4,10.75,2.75,0.51,18.5,92.67,-9999,63.01,39.54,14.77,27031.1,2436.5,14.2,8567.7,1336.1,9236,0.373,0.324,12.702,0.359,0.753,3.495,4.893,65.905,0.353,2.237,16.277,5.732,25.963,5.412,1.24,0,0.453,7.869,0,10.325,0.417,6.131,0,0.336,
12/4/2009,MG_S_OUT,MG-368,GRAB,SW,7.44,95.2,10.63,3.02,0.78,16.84,110.63,16.22,88.62,46.35,12.3,26897.6,2533.1,5.7,9067,1091.7,8657.9,1.007,0.8,12.163,0.897,1.023,4.765,6.835,45.637,0.617,0,6.775,3.719,5.891,5.348,1.236,3.418,0.136,5.227,0,3.478,0,2.513,0,0.686,
12/11/2009,MG_S_OUT,MG-371,GRAB,SW,7.74,97.2,9.03,3.85,0.71,16.87,179.92,2.81,44.67,47.91,11.41,24929.8,2553.8,13,9149.4,1214.6,9271.1,0.275,0.229,20.31,0.185,0.511,4.705,2.936,90.69,0.138,21.315,49.065,15.805,25.136,73.799,6.133,4.565,7.159,15.564,5.912,11.08,4.122,12.146,5.47,0.193,
1/18/2010,MG_S_OUT,MG-374,GRAB,SW,7.53,77.7,8.34,2.91,0.36,13.94,150.34,4.09,18,51.06,15.84,25284.5,2126.3,30.7,9307.5,1045.1,8695.3,0.199,0.151,22.466,0.197,0.455,5.095,2.507,89.464,0.023,15.466,41.122,9.067,26.478,4.774,0,0.357,0,11.654,0.395,4.814,0,3.791,1.095,0.126,
2/1/2010,MG_S_OUT,MG-377,GRAB,SW,6.97,50,2.51,12.76,0.13,16.81,62.85,5.72,116.22,43.36,16.57,3405,1200.8,2055.1,7696.4,872.4,5108.1,0.856,4.674,648.754,0.308,0.945,16.239,4.453,886.497,0.007,419.071,1545.325,152.518,630.622,150.1,33.647,159.972,31.632,177.904,29.819,96.507,14.043,99.731,14.728,0.566,
2/8/2010,MG_S_OUT,MG-381,GRAB,SW,6.08,47.5,3.4,11.82,0.4,6.85,53.29,-9999,17.77,-9999,-9999,3236.3,1254.6,1827.9,10807.6,819.1,6979.3,0.709,4.155,655.249,0.298,1.025,12.146,3.616,843.034,0.058,351.597,1398.398,133.847,501.426,178.595,37.157,128.053,24.372,168.807,26.969,91.295,13.744,101.084,12.226,0.449,
2/15/2010,MG_S_OUT,MG-384,GRAB,SW,7.26,43.1,4.75,12.02,0.18,7.04,56.82,-9999,26.04,-9999,-9999,3097.7,1203.1,1528.8,7094.6,797.4,8412.5,0.667,3.397,573.567,0.232,0.849,12.79,3.557,865.347,0.007,307.768,1301.019,124.706,551.584,140.894,31.576,156.882,26.78,167.873,32.376,79.94,13.53,95.128,12.251,0.36,
2/22/2010,MG_S_OUT,MG-387,GRAB,SW,6.99,59.5,4.67,9.8,0.16,7.25,67.84,-9999,28.84,-9999,-9999,3215.4,1310.1,1290.2,6930.1,782.9,7324.5,0.517,3.175,475.324,0.236,0.807,12.902,2.516,649.077,0.014,245.651,1030.534,93.267,429.389,102.454,15.778,110.443,18.334,126.021,20.97,85.079,11.324,77.29,10.885,0.268,
3/23/2010,MG_S_OUT,MG-392,GRAB,SW,7.17,38.7,2.1,10.86,0.32,8.81,59.48,-9999,68.03,-9999,-9999,2782.2,1231,1379.1,6405,806.6,4297.7,0.522,3.603,488.384,0.187,0.851,10.048,4.423,842.663,0.008,352.277,1210.953,126.5,592.466,168.733,33.827,161.927,26.621,161.527,32.025,97.477,12.39,95.875,12.77,0.348,
3/29/2010,MG_S_OUT,MG-400,GRAB,SW,7.05,47.5,6.23,9.39,0.33,13.76,-9999,-9999,61.43,48.81,-9999,2940,1253.7,900.9,-9999,829.5,3528,0.5,2.184,424.194,0.13,0.533,10.773,3.822,854.689,0.013,338.096,1243.184,119.068,524.993,160.018,97.586,143.008,23.1,165.058,36.12,92.819,15.834,96.389,16.464,0.252,
4/6/2010,MG_S_OUT,MG-396,GRAB,SW,6.4,42.7,3.8,40.54,2.23,5.68,-9999,-9999,13.62,50.72,-9999,3001.9,1234.8,1081.5,-9999,926.1,3385.1,0.669,3.193,540.764,0.217,0.828,13.093,5.855,1002.755,0.108,470.507,1711.709,166.7,645.084,219.286,119.011,199.274,38.322,210.131,34.064,124.12,20.225,110.495,18.182,0.439,
4/12/2010,MG_S_OUT,MG-403,GRAB,SW,7,47.5,3.25,9.51,0.97,74.89,-9999,-9999,67.86,57.24,-9999,3042.6,1269.5,1120.5,-9999,944.3,3273.5,0.621,3.546,591.741,0.209,0.808,14.71,3.882,1019.809,0.03,457.445,1766.83,165.352,723.939,228.723,94.951,158.427,34.833,200.814,43.226,117.299,17.542,108.696,14.584,0.34,
4/12/2010,MG_S_OUT,MG-404,GRAB,SW,5.87,417,3.28,12.74,0.89,10.45,72.2,-9999,20.88,-9999,-9999,3167.3,2118.5,1183,-9999,1837.4,3167.3,0.661,4.887,683.793,0.292,3.503,48.033,7.824,1728.36,0.084,729.939,2915.559,278.971,1271.1,343.994,120.817,333.506,54.116,333.506,70.267,230.728,30.834,257.996,39.014,0.306,Location/time differes from MG-403?
4/21/2010,MG_S_OUT,MG-422,GRAB,SW,6.91,45.8,3.37,16.66,1.32,10.64,61.63,-9999,26.98,-9999,-9999,3090.6,1308.4,933.4,-9999,1026.1,3337.9,0.546,2.885,521.29,0.223,0.837,16.03,2.658,1170.326,0.074,467.718,1660.709,176.991,820.052,245.192,44.917,205.631,38.942,214.285,41.621,138.873,19.306,150.412,19.347,0.241,
4/26/2010,MG_S_OUT,MG-414,GRAB,SW,6.88,56.7,3.83,8.83,0.99,6.9,69.75,-9999,15.8,-9999,-9999,3651.1,1504,867.1,-9999,1116.1,3651.1,0.51,2.635,454.312,0.161,0.975,16.596,4.813,887.879,0.055,340.215,1460.436,123.847,582.93,168.241,59.123,154.342,27.176,171.975,34.644,103.517,15.227,112.644,15.206,0.29,
5/1/2010,MG_S_OUT,MG-418,GRAB,SW,7.22,51,4.27,19.07,1.43,6.76,67.61,-9999,5.49,-9999,-9999,3725.4,1496.4,836.1,-9999,1007.9,3890.9,0.437,2.421,432.555,0.131,0.695,11.756,2.132,902.364,0,372.536,1365.965,127.904,569.152,211.104,55.673,136.596,27.733,169.918,33.735,114.244,16.681,103.068,14.86,0.217,
5/11/2010,MG_S_OUT,MG-439,GRAB,SW,7.15,65.3,4.48,7.33,0.42,10.27,83.28,-9999,36.73,-9999,17.86,3444.7,1745.2,468.9,-9999,1219.2,4010.2,0.381,2.141,271.152,0.12,0.881,9.786,17.288,568.807,0.088,226.299,848.113,78.491,413.863,113.761,26.096,87.258,13.415,98.267,20.183,71.356,8.705,71.763,6.402,0.131,
5/17/2010,MG_S_OUT,MG-457,GRAB,SW,6.61,68.3,3.51,8.17,0.42,9.38,75.59,-9999,24.68,-9999,-9999,3888.1,1858.2,344.6,-9999,1238.8,4195.1,0.293,2.195,198.122,0.178,0.863,9.681,8.204,430.701,0.263,194.226,543.504,59.478,239.962,70.963,19.894,48.403,13.659,89.012,20.715,53.325,6.973,49.838,6.44,0.273,
5/24/2010,MG_S_OUT,MG-475,GRAB,SW,7.47,78.4,6.81,5.96,0,8.5,66.85,-9999,151.09,-9999,75.98,-9999,2013.1,306.5,-9999,1211.6,28392.3,0.22,1.893,160.512,0.102,1.044,11.433,3.728,316.882,0,133.794,428.722,37.487,155.748,67.519,2.278,22.368,7.808,50.95,12.634,34.588,4.349,32.309,3.811,0.091,
6/1/2010,MG_S_OUT,MG-488,GRAB,SW,7.58,72.4,15.59,21.31,1.76,13.06,73.73,3.68,21.99,65.07,-9999,4878.8,1962.6,226.1,-9999,1292.2,3579.1,0.208,2.403,149.01,0.075,0.656,9.712,2.16,385.649,0.015,172.432,476.509,56.333,236.235,35.334,10.944,66.832,10.944,74.505,15.87,47.247,5.795,39.373,8.198,0.218,
6/7/2010,MG_S_OUT,MG-499,GRAB,SW,7.1,71.1,11.98,8.49,0.49,10.92,85.07,-9999,67.22,66.19,-9999,5330.8,1991.8,171.9,-9999,1412.2,5687.5,0.183,1,96.402,0.06,2.032,11.951,2.808,256.939,0.037,87.041,264.906,32.068,116.718,25.096,0,41.23,8.206,37.844,8.565,28.084,4.223,26.69,5.935,0.159,
6/14/2010,MG_S_OUT,MG-507,GRAB,SW,6.9,74.5,7.26,18.46,1.28,14.95,79.06,11.6,18.61,59.81,-9999,4622.4,2015.6,144.3,1395.9,1395.9,3518.8,0.153,1.075,82.9,0.055,2.296,8.067,6.197,251.952,0.044,105.86,264.143,36.98,144.466,43.482,8.29,27.633,7.599,46.936,8.27,30.275,4.795,37.386,7.233,0.094,
6/21/2010,MG_S_OUT,MG-515,GRAB,SW,7.3,84.1,10.19,5,0.44,10.45,94.08,3.04,2.41,55.9,2.45,19346.4,1952.1,45,26542.3,1764.8,8120,0,2.55,48.403,0,4.103,8.904,13.186,187.637,2.669,62.347,172.897,26.094,110.949,3.446,13.884,56.172,15.258,22.11,8.804,31.074,4.502,35.257,4.442,0.141,
6/30/2010,MG_S_OUT,MG-520,GRAB,SW,7.1,81.1,17.8,8.33,0.42,10.29,61.95,1.61,4.92,51.46,1.96,16248.5,1910.7,69,26473.4,2118.7,6292.2,0,2.87,88.987,0,6.568,8.629,78.778,254.248,0.68,99.003,267.731,32.551,146.963,39.678,19.107,43.338,11.345,41.797,8.07,37.174,6.992,31.974,2.6,0.012,
7/5/2010,MG_S_OUT,MG-525,GRAB,SW,7,85.4,15.73,6.67,0.27,16.69,117.47,10.37,6.62,58.85,3.56,9843.1,2393.3,49,23932.9,1648.2,7431.8,0,2.096,70.48,0,2.223,10.012,43.192,348.787,0.434,152.346,309.028,50.24,229.512,57.468,11.53,77.709,15.253,55.661,11.277,44.637,8.313,37.77,7.12,0,
7/12/2010,MG_S_OUT,MG-528,GRAB,SW,7.1,87.5,8.22,63.1,4.23,16.08,77.94,1.71,2.33,52.43,2.46,8938.3,2264.4,33.5,23438.2,1678.3,7389,0,0.072,56.675,0,2.04,8.481,7.982,285.372,0.026,77.429,237.477,30.533,143.684,56.476,17.182,65.655,9.399,53.881,13.031,33.726,4.171,46.498,9.12,0.026,
7/19/2010,MG_S_OUT,MG-532,GRAB,SW,6.8,104.2,21.24,6.24,0.38,9.11,80.66,-9999,-9999,37.07,-9999,10112.7,2086.1,29.8,39735.5,1826.9,7331.2,0,0.31,56.966,0,1.489,6.816,36.378,235.858,0.512,73.356,251.849,32.381,83.75,45.972,13.552,74.155,12.632,35.379,9.654,33.18,5.177,27.384,3.078,0,
7/24/2010,MG_S_OUT,MG-546,GRAB,SW,7.2,76.2,9.76,12.57,0.82,10.08,69.3,17.31,-9999,36.8,55.71,24453.8,2484.8,477.2,39638.9,2119.5,10570.4,0.596,121.428,287.924,1.454,4.318,33.081,14.876,2495.905,0.102,1604.51,4179.65,479.372,2178.964,524.932,125.588,594.263,100.034,515.028,91.12,265.437,50.909,281.284,48.333,1.842,
7/29/2010,MG_S_OUT,MG-561,GRAB,SW,7,56.6,2.86,14.6,0.46,6.03,48.06,-9999,-9999,30.69,23.98,17357.7,1512.4,1322.4,39663.4,1270.9,7481.1,0.564,9.66,582,0,3.563,12.788,1.128,1389.673,2.791,696.816,1959.796,225.673,1007.612,249.429,63.347,346.429,62.555,296.939,61.565,203.898,38.008,219.735,45.333,0.488,
8/3/2010,MG_S_OUT,MG-577,GRAB,SW,6.9,-9999,3.29,11.34,0.38,3.95,53.87,-9999,-9999,39.23,-9999,3863.3,1693.7,1030.5,9708.7,1152.9,4712.8,0.521,4.642,512.188,0.183,1.133,14.59,-0.832,1254.962,0.043,572.385,1958.966,191.815,859.088,209.16,40.2,209.16,41.016,236.708,41.22,130.598,15.1,124.476,14.284,0.383,
8/8/2010,MG_S_OUT,MG-593,GRAB,SW,7.2,55,2.21,13.77,0.38,-9999,51.02,-9999,-9999,29.86,-9999,3274.9,1400.7,1773.5,11482.5,1239.4,4184.6,0.761,4.575,649.948,0.181,1.572,15.417,2.862,1501.429,0.036,715.446,2226.952,237.81,1047.977,263.002,56.631,272.071,47.26,300.286,55.12,167.273,21.463,154.174,18.944,0.416,
8/13/2010,MG_S_OUT,MG-606,GRAB,SW,7.5,75.6,3.08,8.27,0.29,-9999,55.73,-9999,-9999,49.13,-9999,9733.6,1804.7,818.7,17053.7,1230,18290.4,0.466,2.662,425.457,0.121,0.834,11.493,0,882.168,0,421.424,1431.633,130.057,550.473,151.229,34.682,151.229,28.935,170.384,28.834,94.266,14.417,90.334,10.284,0.16,
8/18/2010,MG_S_OUT,MG-621,GRAB,SW,7.3,57.9,4.35,11.98,0.5,-9999,47.74,-9999,-9999,37.12,-9999,3441,1541.9,977.9,19660.1,1146.3,4708.8,0.591,4.027,485.91,0.158,0.765,12.477,0,1298.464,0,593.439,1907.119,195.784,826.757,212.015,49.301,249.549,42.809,255.635,46.156,139.991,19.68,133.904,13.999,0.317,
8/22/2010,MG_S_OUT,MG-637,GRAB,SW,7.2,70.2,5.97,8.78,0.44,8.13,69.4,11.04,-9999,50.09,428.24,4521.8,1877.4,515.8,16055.3,1392.9,6015.8,0.471,2.039,297.765,0.092,2.786,11.103,5.975,778.227,0.026,343.187,1049.748,112.04,505.696,133.237,29.978,141.312,22.711,134.247,25.234,72.776,10.053,70.858,7.278,0.109,
8/28/2010,MG_S_OUT,MG-653,GRAB,SW,7.1,73.5,6.81,7.1,0.31,8.83,82.36,18.63,-9999,64.84,-9999,4913.3,1913.6,342.4,8633.1,1295.1,6524.6,0.272,1.847,210.833,0.085,1.004,9.588,0,552.18,0,249.987,704.783,81.923,317.253,100.296,23.694,74.896,13.152,93.268,18.172,57.226,8.534,54.013,8.273,0.073,
9/2/2010,MG_S_OUT,MG-670,GRAB,SW,7,99.8,8.39,7.04,0.47,7.23,77.51,-9999,-9999,55.01,-9999,6223.6,2233.5,225.4,10235.3,1589,6180.2,0.168,0.817,158.905,0.083,4.85,8.922,15.787,391.549,0.058,136.056,443.479,53.176,221.22,59.096,14.748,75.713,7.956,58.577,12.775,34.274,6.221,44.763,11.954,0.046,
9/8/2010,MG_S_OUT,MG-684,GRAB,SW,6.5,-9999,6.52,9.41,0.19,7.37,68.24,-9999,-9999,43.15,-9999,5473.5,2018.6,596.6,9691.8,1431.5,5926.2,0.853,1.702,388.398,0.167,1.001,10.411,1.431,756.776,0.017,339.348,938.963,105.108,475.488,108.111,22.523,130.133,17.518,125.128,24.725,78.481,8.439,87.79,14.835,0.124,
9/12/2010,MG_S_OUT,MG-694,GRAB,SW,6.9,99.9,7.6,6.63,0.5,14.41,87.49,8.17,21.14,31.08,-9999,6649.5,2154.4,59.7,9632.5,1975,6546,0.139,0.102,42.553,0.056,6.617,13.438,31.966,307.443,0.149,101.293,211.749,28.912,161.866,30.541,-0.184,44.589,4.927,40.721,6.627,12.929,3.258,44.488,8.959,0.026,
9/18/2010,MG_S_OUT,MG-707,GRAB,SW,7,102.4,8.13,7.4,0.53,8.39,117.09,5.34,-9999,56.44,-9999,6954.4,2198.3,43.4,9512,1566.3,6679.6,0.153,0.061,42.054,0.041,4.597,11.647,32.571,236.039,0.069,71.842,132.965,22.985,88.231,10.617,2.02,23.398,0,31.231,2.783,13.812,1.67,33.19,5.071,0,
9/22/2010,MG_S_OUT,MG-716,GRAB,SW,6.9,79.5,9.05,14.6,0,7.45,68.24,6.01,-9999,53.37,-9999,6333.9,2297.6,147.8,9687.1,1477.6,6996.2,0.128,0.551,117.398,0.077,0.392,6.477,0,285.4,0,117.398,292.484,30.159,129.543,7.783,3.613,37.244,5.951,20.241,6.487,14.27,1.022,34.005,5.01,-0.001,
9/28/2010,MG_S_OUT,MG-729,GRAB,SW,7,75.6,8.39,6.51,0.33,8.49,70.89,3.64,-9999,45.88,-9999,5543.4,2050.9,175.4,8670.4,1464.9,6497.7,0.147,0.846,140.515,0.065,0.569,8.401,1.007,332.851,0.007,127.56,346.803,43.051,159.45,20.728,1.824,46.44,4.375,46.041,10.065,28.701,2.9,37.471,6.206,0.04,
10/2/2010,MG_S_OUT,MG-742,GRAB,SW,6.7,82.2,7.9,9.03,0.41,6.52,67.65,-9999,2.84,47.58,-9999,6161.8,2122,76.5,9039.8,1114,6937.2,0.148,0.423,67.292,0.061,0.467,6.466,0.616,214.848,0.006,71.548,211.808,28.275,687.108,14.897,0,30.606,8.259,59.793,29.795,20.674,2.017,42.362,20.167,0.147,
10/8/2010,MG_S_OUT,MG-757,GRAB,SW,6.7,76.3,8.77,40.82,1.2,6.9,87.74,6.28,3.1,38.57,-9999,6394.1,2172.8,74.2,8890.3,1392.6,7366.7,0.163,0.992,73.16,0.072,2.511,7.8,9.981,261.359,0.1,90.755,227.403,32.927,644.137,30.046,1.965,48.465,5.073,69.25,32.927,27.268,2.377,37.249,19.345,0.08,
10/13/2010,MG_S_OUT,MG-766,GRAB,SW,7,82.7,8.68,6.23,0.12,4.23,51.57,6.53,-9999,24.9,-9999,6727,2158.5,52.3,9471,1775,7355.6,0.17,0.233,51.697,0.046,3.536,6.359,6.886,185.077,0.042,62.761,150.956,27.193,299.845,16.957,1,20.576,8.065,62.967,31.018,19.955,4.084,27.193,19.335,0.05,
10/24/2010,MG_S_OUT,MG-772,GRAB,SW,-9999,86.6,5.46,3.8,0.15,-9999,-9999,-9999,-9999,-9999,-9999,-9999,-9999,-9999,-9999,-9999,-9999,-9999,-9999,-9999,-9999,-9999,-9999,-9999,-9999,-9999,-9999,-9999,-9999,-9999,-9999,-9999,-9999,-9999,-9999,-9999,-9999,-9999,-9999,-9999,-9999,
10/31/2010,MG_S_OUT,MG-778,GRAB,SW,-9999,84.3,5.28,6.72,0.27,-9999,-9999,-9999,-9999,-9999,-9999,-9999,-9999,-9999,-9999,-9999,-9999,-9999,-9999,-9999,-9999,-9999,-9999,-9999,-9999,-9999,-9999,-9999,-9999,-9999,-9999,-9999,-9999,-9999,-9999,-9999,-9999,-9999,-9999,-9999,-9999,
11/7/2010,MG_S_OUT,MG-784,GRAB,SW,-9999,88.6,5.8,3.68,0.15,-9999,-9999,-9999,-9999,-9999,-9999,-9999,-9999,-9999,-9999,-9999,-9999,-9999,-9999,-9999,-9999,-9999,-9999,-9999,-9999,-9999,-9999,-9999,-9999,-9999,-9999,-9999,-9999,-9999,-9999,-9999,-9999,-9999,-9999,-9999,-9999,
11/14/2010,MG_S_OUT,MG-789,GRAB,SW,-9999,80.7,5.55,3.94,0.31,-9999,-9999,-9999,-9999,-9999,-9999,-9999,-9999,-9999,-9999,-9999,-9999,-9999,-9999,-9999,-9999,-9999,-9999,-9999,-9999,-9999,-9999,-9999,-9999,-9999,-9999,-9999,-9999,-9999,-9999,-9999,-9999,-9999,-9999,-9999,-9999,
2/2/2009,MG_S_SEEP,MG-14,GRAB,SW,6.3,-9999,3.43,5.66,0.81,-9999,18.27,0.56,-9999,18.86,0.04,5088.6,4247.2,1506,155090.1,2270.6,5058.2,0.879,12.35,857.437,1.315,7.43,38.755,9.839,2610.464,0.078,913.662,3453.844,373.497,1686.761,513.057,121.487,523.097,92.872,535.145,107.431,331.328,51.908,360.445,55.021,0.532,
2/9/2009,MG_S_SEEP,MG-25,GRAB,SW,6.2,-9999,2.95,5.51,1.11,-9999,19.78,0.36,-9999,20.5,0.02,5232.5,4470.5,1087.2,159515.1,2032,5313.8,0.621,9.442,583.84,1.258,7.509,36.037,8.586,2285.029,0.088,775.098,2697.743,307.019,1449.534,432.847,104.689,442.913,76.604,445.933,94.018,296.953,43.788,314.066,48.116,1.409,
2/16/2009,MG_S_SEEP,MG-36,GRAB,SW,6.2,-9999,1.22,6.36,0.76,11.19,89.25,-9999,-9999,109.85,0.19,5129.9,4450.2,970.9,130514.4,2651.1,6027.2,0.565,8.161,545.75,1.347,7.307,32.162,7.066,2140.786,0.086,685.454,2432.255,280.413,1316.634,397,97.692,395.995,69.349,420.117,87.039,266.342,41.509,303.529,46.333,0.372,
2/23/2009,MG_S_SEEP,MG-51,GRAB,SW,6.1,-9999,1.76,10.04,0.87,15.13,112.15,-9999,-9999,102.21,-9999,5285.2,4564.9,1261.5,135933.8,2069.4,5518.5,0.739,16.147,606.522,1.372,7.841,35.927,10.395,2502.786,0.092,898.177,3360.595,354.225,1634.884,478.355,115.047,489.456,86.386,503.585,102.937,318.903,50.056,341.105,52.781,0.464,
3/2/2009,MG_S_SEEP,MG-66,GRAB,SW,6.3,-9999,1.89,8.03,0.35,11.84,84.18,-9999,-9999,97.17,0.14,3341.6,4094.2,1877.3,316094.1,2279.4,4937.1,0.859,9.597,1084.197,1.054,7.419,37.043,9.627,2700.454,0.061,936.626,3242.553,385.492,1766.84,514.994,126.49,522.021,91.956,551.134,107.416,341.321,50.897,348.349,54.611,0.341,
3/9/2009,MG_S_SEEP,MG-80,GRAB,SW,6.2,-9999,4.16,8.65,0.55,12.86,87.49,-9999,-9999,99.46,0.11,11890.2,5591.3,1605,303641.9,11045.1,21697.1,0.734,8.497,905.85,0.998,7.313,34.609,6.791,2477.795,0.062,866.727,2889.089,353.111,1625.112,462.455,116.366,488.537,87.275,497.565,102.322,316.997,50.559,318,53.268,0.281,
3/16/2009,MG_S_SEEP,MG-94,GRAB,SW,6.6,-9999,4.12,8.49,0.64,10.95,144.62,-9999,-9999,104.27,-9999,3781.1,4314.1,1262.4,314754.7,2129.1,5339.8,0.666,11.522,785.491,1.152,7.444,31.159,5.821,1753.328,0.065,592.124,2073.937,239.455,1132.149,335.637,86.264,313.595,59.012,332.631,70.334,230.437,35.067,240.456,38.373,0.24,
3/23/2009,MG_S_SEEP,MG-109,GRAB,SW,6.1,-9999,2.81,8.12,1.02,15.39,94.06,-9999,1.92,105.78,-9999,3566.7,4270,1771.3,10679.9,2581.1,6199,0.526,16.312,599.445,1.071,8.566,32.824,17.213,1881.396,0.135,588.437,1921.426,251.186,1170.869,353.262,87.265,345.256,61.946,352.261,74.856,236.175,34.325,254.189,40.23,0.25,
3/30/2009,MG_S_SEEP,MG-123,GRAB,SW,6.1,-9999,4.89,6.82,0.49,7.42,47.31,-9999,9.14,56.5,0.07,7732.8,4054.3,856.5,16711.6,7614.2,10620.3,0.516,8.442,557.783,1.266,6.834,24.422,5.518,1829.126,0.09,575.873,2010.028,249.243,1155.766,351.755,80.502,356.78,58.693,383.915,78.19,243.213,35.779,272.359,40.201,0.201,
4/6/2009,MG_S_SEEP,MG-137,GRAB,SW,6,-9999,4.3,6.28,0.28,147.43,1110.14,-9999,-9999,1561.56,1.16,5704.3,4601.6,852,15839.8,4030.1,8942.5,0.541,10.121,493.047,1.345,7.215,25.354,6.414,1713.639,0.11,564.198,1984.213,237.504,1152.447,332.706,85.482,362.77,61.531,376.8,75.059,242.515,36.878,261.555,43.192,0.2,
4/13/2009,MG_S_SEEP,MG-152,GRAB,SW,5.76,-9999,3.17,6.9,0.39,-9999,72.53,-9999,8.65,18.23,25.84,5763.3,4598.6,369.5,16426.5,3727.7,17688.5,0.416,5.976,263.065,0.681,7.31,24.901,36.528,1823.384,0.012,449.822,1616.546,212.862,1072.342,329.334,113.861,357.447,58.035,371.504,76.309,185.551,37.552,285.155,46.388,0.201,
4/20/2009,MG_S_SEEP,MG-165,GRAB,SW,5.62,126,3.42,8.11,0.91,12.09,98.65,-9999,4.9,129.47,17.36,5686.2,4354.1,200.8,16621.1,2783.4,16753.7,0.239,2.889,150.107,0.225,6.442,20.578,44.555,1526.916,0.101,347.93,994.086,176.55,946.37,280.332,69.984,236.593,62.23,254.486,59.446,204.782,24.057,195.835,37.378,0.119,
4/27/2009,MG_S_SEEP,MG-182,GRAB,SW,5.28,130,4.94,6.34,0.67,149.87,921.21,-9999,29.15,1679.51,1.33,5928,4608.4,118.2,16119.3,2740.7,20821.4,0.178,0.508,62.731,0.213,6.273,18.616,10.861,1362.227,0.004,312.642,663.857,160.178,779.575,229.406,70.852,272.039,34.106,270.009,43.648,179.059,20.91,239.557,35.731,0.061,
5/4/2009,MG_S_SEEP,MG-197,GRAB,SW,5.55,133,4.49,8.81,1.08,13.84,94.71,2.18,59.49,431.04,25.28,6003.3,4695.6,108.4,16226.7,2499,22646.7,0.138,2.603,78.063,0.206,6.32,16.583,18.168,1230.377,0.04,253.604,618.161,128.982,635.992,211.997,53.297,237.754,40.418,243.698,37.05,178.117,25.36,190.401,34.871,0.059,
5/11/2009,MG_S_SEEP,MG-213,GRAB,SW,5.74,137,3.23,6.02,0.44,-9999,96.85,-9999,67.77,418.66,-9999,6223.2,4803.2,90,15119.6,3303.8,11333.3,0.197,1.084,74.971,0.169,6.912,16.205,26.104,1129.79,0.042,210.922,403.049,122.168,603.529,177.091,40.305,207.372,27.148,171.87,35.502,111.517,17.834,152.24,27.357,0,
5/18/2009,MG_S_SEEP,MG-225,GRAB,SW,5.61,146,4.59,5.31,0.51,10.54,91.64,-9999,-9999,133.05,-9999,6181.1,4869.4,123.4,16138.4,6996.3,36715.1,0.154,7.99,109.511,0.517,6.618,15.562,9.898,1095.107,0.02,222.599,600.222,130.181,606.184,159.794,38.359,182.054,29.614,154.627,46.309,149.857,21.266,170.129,26.235,0,
5/26/2009,MG_S_SEEP,MG-240,GRAB,SW,5.59,142,5.37,5.71,0.71,10.43,95.45,-9999,-9999,131.77,0.38,6337.8,4832.6,127.9,16617,9059.1,40084.5,0.175,0.935,111.308,0.18,7.526,15.983,13.131,1154.673,0.04,237.669,510.987,127.549,714.986,166.566,39.611,213.902,31.491,194.096,35.056,150.127,20.202,192.71,23.173,0,
6/1/2009,MG_S_SEEP,MG-252,GRAB,SW,5.61,148,3.63,5.31,0.42,11.18,112.87,-9999,-9999,136.56,-9999,6311.8,4728.9,209.7,16422.6,5854.5,22179.1,0.285,69.252,451.127,2.513,6.609,17.59,25.603,1106.054,0,298.773,1028.887,133.162,674.712,207.756,36.011,199.842,37.594,207.756,43.53,175.702,24.139,150.969,27.305,0,
6/8/2009,MG_S_SEEP,MG-262,GRAB,SW,6,144,3.5,5.68,0.87,11.34,108.85,-9999,-9999,138.63,0.08,6654,4709.9,155.3,15572.7,11555.3,43357.5,0.337,19.521,591.241,0.597,5.712,17.777,12.065,939.973,0,252.53,659.384,119.651,561.178,119.852,38.28,174.366,32.468,178.174,36.677,133.881,19.18,149.113,23.85,0.842,
6/15/2009,MG_S_SEEP,MG-270,GRAB,SW,7.1,102,2.34,9.9,1.05,12.94,115.77,-9999,-9999,137.78,0.27,6580.6,4340.4,75.2,16441.5,3280.5,6641.6,0.286,10.621,644.06,0.4,3.86,23.902,23.522,864.08,0.06,250.023,528.049,125.612,582.054,170.616,39.404,191.818,26.802,163.815,36.003,97.209,11.761,130.012,17.482,0.24,
7/4/2009,MG_S_SEEP,MG-292,GRAB,SW,6.62,92,1.35,17.12,1.37,17.81,67.05,-9999,125.56,232.85,-9999,3863.1,2622.1,189.2,8266.7,3244.3,7637.2,0.38,7.926,202.165,0.314,4.864,32.426,53.524,1811.476,0.08,494.403,1130.922,212.173,1062.866,298.243,79.865,348.284,53.644,348.284,59.448,238.194,32.226,220.179,29.824,0.12,
2/1/2010,MG_S_SEEP,MG-378,GRAB,SW,6.02,26.2,1.88,15.97,0.15,4.55,26.16,-9999,31.29,4.91,30.35,397.5,562.1,36.5,953.6,4146.8,1513.7,0.165,8.07,19.734,0.163,0.97,6.103,3.152,275.035,0.02,155.585,313.178,52.196,248.936,60.829,14.575,45.571,7.087,48.984,5.842,20.879,2.489,25.697,2.389,0.142,
2/15/2010,MG_S_SEEP,MG-385,GRAB,SW,7.18,50.6,3.48,20.78,0.22,35.2,2353.46,8.31,47.79,-9999,-9999,3339.9,2459.9,1838,8199.8,2419.9,8163.3,0.806,6.44,737.98,0.41,4.78,33.999,8.82,1863.95,0.214,621.983,3459.907,281.992,1317.964,405.989,98.997,409.989,64.598,387.99,75.198,251.993,34.199,253.993,36.199,0.412,
3/23/2010,MG_S_SEEP,MG-393,GRAB,SW,5.95,61.1,2.3,10.97,0.38,28.02,68.11,-9999,14.39,141.27,-9999,3314.5,2390.5,2330.2,8657.9,1942.5,5092.1,0.691,10.185,775.395,0.729,5.986,58.657,8.979,3756.449,0.335,1323.797,5082.254,562.463,2531.083,771.378,169.743,829.633,127.759,771.378,150.258,466.041,69.504,468.049,73.321,0.55,
3/29/2010,MG_S_SEEP,MG-401,GRAB,SW,5.48,81.5,8.18,9,0.51,29.45,83.59,-9999,29.23,-9999,-9999,3933.1,2923.5,1356.6,-9999,2271.5,3870,0.745,7.361,801.334,0.574,5.763,43.958,5.826,2965.566,0.053,1041.103,4269.574,422.751,1977.044,614.146,209.903,595.216,103.269,586.804,123.25,370.17,56.156,391.202,54.053,0.328,
4/6/2010,MG_S_SEEP,MG-397,GRAB,SW,6.2,86.3,5.39,10.67,0.24,41.33,81.19,-9999,27.05,-9999,-9999,3828.6,2964.1,1160.9,-9999,2181.9,3993.3,0.683,7.328,734.853,0.628,5.228,39.11,6.134,2717.102,0.141,944.81,3849.228,370.514,1854.628,559.888,193.696,564.004,83.366,516.661,107.861,362.28,53.313,360.222,47.961,0.348,
4/12/2010,MG_S_SEEP,MG-405,GRAB,SW,5.85,78,2.81,11.04,0.68,45.3,84.49,-9999,-9999,169.64,-9999,3578.5,2725.4,1219.2,-9999,2205.3,3620.1,0.703,6.491,765.622,0.568,4.993,37.657,5.888,2683.838,0.327,957.028,3724.086,374.489,1703.925,543.009,176.426,501.399,80.931,513.882,109.642,337.04,51.596,347.443,60.959,0.368,
4/21/2010,MG_S_SEEP,MG-423,GRAB,SW,5.98,63.1,3.65,9.66,0.88,18.25,75.06,-9999,7.42,-9999,23.23,3311.1,2172.9,908.5,-9999,2131.5,3228.3,0.542,5.008,579.441,0.457,3.663,34.973,3.891,2483.319,0.019,776.037,2669.568,329.04,1558.283,492.525,114.44,426.303,75.741,455.275,95.815,306.276,45.528,331.109,45.321,0.221,
4/26/2010,MG_S_SEEP,MG-415,GRAB,SW,5.85,82.2,4.49,9.01,0.97,12.92,86.45,-9999,17.5,-9999,-9999,3894.5,2713.7,971.6,-9999,2195.9,3666.7,0.553,5.427,604.897,0.572,4.599,35.009,9.985,2465.162,0.112,718.833,2775.896,329.379,1603.391,430.885,123.051,470.245,73.748,464.03,92.185,333.522,49.925,327.307,47.646,0.218,
5/1/2010,MG_S_SEEP,MG-419,GRAB,SW,5.91,71.6,4.99,9.45,0.94,12.66,84.24,-9999,19.24,-9999,11.52,3893.6,2733.8,969.3,-9999,2195.3,3665.8,0.518,5.509,631.676,0.532,4.66,34.38,4.184,2692.39,0.028,842.925,3003.05,354.153,1663.068,540.549,125.714,478.417,81.807,486.701,113.08,312.731,51.777,362.437,53.226,0.217,
5/11/2010,MG_S_SEEP,MG-440,GRAB,SW,5.63,92.9,4.76,8.8,0.54,14.86,85.49,-9999,19.49,212.95,17.75,3414.6,3425.6,921,-9999,2523.1,3985,0.533,5.723,572.307,0.615,5.703,33.846,15.056,2358.972,0.077,724.102,2707.689,309.743,1446.152,471.794,110.154,428.717,71.59,469.743,97.231,303.589,47.795,307.692,46.154,0.215,
5/17/2010,MG_S_SEEP,MG-458,GRAB,SW,5.4,102.1,1.97,7.75,0.36,15.69,86.93,-9999,21.16,-9999,-9999,3656.3,3744.9,872.4,-9999,2572,3900.1,0.508,6.996,590.536,0.765,6.255,34.774,4.774,2386.836,0.21,767.491,2736.631,308.643,1471.197,485.598,101.091,446.503,76.132,425.927,94.033,308.643,45.885,320.988,46.502,0.321,
5/24/2010,MG_S_SEEP,MG-476,GRAB,SW,5.78,105.1,5.51,7.92,0.32,12,83.77,4.05,650.41,-9999,4.22,-9999,4125.7,1108.4,-9999,2750.4,27738.2,0.554,6.999,644.507,0.776,6.589,36.33,5.562,2216.774,0.144,685.558,2463.082,289.412,1375.221,400.251,88.014,373.567,68.761,416.671,90.108,295.57,44.13,322.253,48.441,0.314,
6/1/2010,MG_S_SEEP,MG-489,GRAB,SW,5.98,109.5,12.94,6.79,0.27,15.16,98.02,-9999,37.01,320.76,-9999,7690.4,4173.1,848.1,-9999,3147.8,4014.1,0.557,5.734,491.223,0.71,6.877,27.268,7.719,2225.54,0.078,629.567,1990.956,272.679,1299.234,366.913,86.215,451.123,65.964,417.038,91.227,284.709,42.305,316.789,51.729,0.329,
6/7/2010,MG_S_SEEP,MG-500,GRAB,SW,6,113.6,10.61,7.13,0.25,14.91,126.7,-9999,189.31,342.58,-9999,5939.5,5441.2,895,-9999,3316.2,5341.6,0.551,9.909,501.429,0.959,9.03,27.968,6.812,2157.543,0.09,647.263,1971.755,273.688,1402.403,439.5,87.7,403.541,72.318,411.531,90.297,283.677,39.955,311.645,50.143,0.262,
6/14/2010,MG_S_SEEP,MG-508,GRAB,SW,6.1,124.5,4.7,9.67,0.31,19.9,114.59,3.14,79.79,367.74,-9999,4281.1,4200.3,876.4,3438,3438,3655.1,0.525,22.059,544.51,1.403,7.234,28.617,7.273,2364.841,0.075,743.236,2404.586,317.962,1337.427,455.083,93.004,455.083,69.157,470.981,91.613,300.076,46.502,327.898,48.887,0.223,
6/21/2010,MG_S_SEEP,MG-516,GRAB,SW,7,140,8.1,6.79,0.74,13.78,107.31,2.4,-9999,349.4,2.83,15926.8,4896.2,1844.5,28767.3,4036,7525.2,0.78,69.802,979.231,2.808,12.868,65.512,14.487,6297.761,0.448,2768.675,6395.25,990.484,4601.46,1275.15,308.064,1374.589,226.173,1277.1,253.47,742.863,108.797,721.415,106.263,0.957,
7/29/2010,MG_S_SEEP,MG-562,GRAB,SW,6.1,128,2.01,13.15,0.59,10.17,93.39,-9999,-9999,386.6,-9999,19308.9,4926.6,1074.7,32578.8,3509.1,9257.2,0,21.334,925.12,0.439,8.254,36.088,13.139,2751.435,0.045,1056.71,4087.276,378.821,1808.371,516.392,130.793,624.057,90.718,590.163,123.416,386.796,77.758,434.647,83.54,0.327,
8/3/2010,MG_S_SEEP,MG-578,GRAB,SW,6,-9999,2.23,9.57,0.44,11.27,87.45,15.18,-9999,333.8,-9999,5359.4,4141.4,1469.4,20300.7,2781.2,6110.5,0.758,12.449,838.787,0.586,8.041,45.715,4.163,3642.909,0.077,1275.528,4867.416,494.905,2316.359,647.968,150.002,708.173,119.389,696.949,147.961,443.884,69.389,488.782,64.185,0.429,
8/8/2010,MG_S_SEEP,MG-594,GRAB,SW,6.4,111.4,2.15,8.57,0.3,6.57,80.93,-9999,-9999,287.02,-9999,5268,3829.4,1903.9,15358.3,2937.9,5551.7,0.848,7.312,897.252,0.448,7.909,47.293,5.195,3706.48,0.111,1235.493,4830.577,489.134,2329.209,646.102,160.007,716.991,123.549,738.258,144.816,470.905,67.851,488.121,70.889,0.397,
8/13/2010,MG_S_SEEP,MG-607,GRAB,SW,6.4,125,1.09,7.69,0.37,6.13,82.65,-9999,-9999,320.84,106.81,8171,5481,1576.3,20629.7,5824.9,17373.5,0.792,9.247,827.283,0.802,7.811,43.372,6.335,3202.708,0.072,1114.422,4086.213,421.673,1997.927,592.35,138.55,591.346,103.41,620.462,127.506,402.597,60.239,442.757,60.239,0.283,
8/18/2010,MG_S_SEEP,MG-622,GRAB,SW,6.1,116.4,3.31,8.15,0.42,-9999,78.42,5.71,-9999,285.03,-9999,5106.8,3688.3,1384.9,21683.7,3039.8,5471.6,0.805,14.052,862.491,1.039,7.189,42.768,1.853,3543.645,0.05,1252.495,4643.397,474.523,2280.967,636.43,160.89,729.095,113.03,689.382,142.56,446.01,67.207,460.267,68.022,0.384,
8/22/2010,MG_S_SEEP,MG-638,GRAB,SW,6.6,114.3,7.93,8.64,0.43,13.75,91.13,-9999,-9999,325.77,-9999,5330.2,3957.9,1066.4,23269.8,3222,5986.5,0.773,12.676,719.336,1.036,7.505,42.858,9.537,3350.194,0.053,1167.035,4235.531,447.699,2173.099,627.784,147.891,675.069,109.661,684.124,137.831,408.462,62.477,460.777,61.068,0.334,
8/28/2010,MG_S_SEEP,MG-654,GRAB,SW,6.6,128.6,4.88,8.03,0.44,13.8,94.13,-9999,-9999,335.29,-9999,5483.3,4082.4,964.6,13227.9,3302,6123.7,0.54,16.362,661.553,1.242,7.777,39.491,4.121,3040.112,0.056,1030.204,3747.115,418.142,1949.308,571.662,129.281,582.772,100.899,625.192,119.18,383.802,56.358,412.082,63.125,0.244,
9/2/2010,MG_S_SEEP,MG-671,GRAB,SW,6.6,123.1,4.54,8.74,0.55,11.43,89.35,-9999,3.81,339.11,-9999,6466.2,4675.9,1263.6,14027.6,2696,5981.7,0.621,3.449,781.999,0.433,7.157,34.284,5.303,2434.037,0.054,727.104,2775.838,313.835,1470.78,408.09,107.719,470.235,70.432,468.164,92.493,284.834,45.366,345.944,53.963,0.233,
9/8/2010,MG_S_SEEP,MG-685,GRAB,SW,6.5,-9999,6.32,9.25,0.19,7.68,66.47,3.68,-9999,57.42,-9999,5462.5,2210,384.1,9423.8,1522.4,6275.6,0.262,1.543,288.344,0.092,0.709,10.284,1.351,634.154,0.008,281.286,724.892,86.201,384.122,72.288,21.575,109.893,14.921,101.828,19.66,62.004,7.672,69.666,12.058,0.087,
9/12/2010,MG_S_SEEP,MG-695,GRAB,SW,6.5,133.3,3.7,8.3,0.51,10.58,90.24,-9999,-9999,354.33,-9999,6196.3,4512.1,1418.5,13993.7,2786.3,5967.6,0.765,11.167,1016.104,1.227,7.435,35.413,9.225,2635.834,0.068,867.209,3430.608,349.097,1730.395,465.798,108.653,533.203,85.111,528.173,108.653,333,47.385,373.242,58.451,0.259,
9/18/2010,MG_S_SEEP,MG-708,GRAB,SW,6.5,139.1,4.04,7.17,0.19,10.85,97.73,-9999,-9999,373.5,-9999,6495.7,4639.8,913.7,13392.1,2783.9,6263.7,0.576,7.461,646.936,0.61,7.103,29.127,6.04,2197.333,0.086,725.631,2401.736,286.164,1328.62,332.155,87.996,370.992,69.19,395.52,86.565,265.724,40.267,320.913,49.874,0.17,
9/22/2010,MG_S_SEEP,MG-717,GRAB,SW,6.6,123.8,4.71,7.05,0.36,10.66,93.9,5.4,-9999,355.48,-9999,6430.6,4807.1,727.7,13493.7,2909.6,6599.2,0.444,5.429,567.429,0.503,7.205,26.841,6.593,2163.577,0.046,640.909,2041.11,282.694,1357.338,377.605,81.44,382.708,63.887,407.201,90.829,286.776,42.353,331.68,51.946,0.109,
9/28/2010,MG_S_SEEP,MG-730,GRAB,SW,6.6,128.2,4.38,6.96,0.38,18.05,101.39,-9999,-9999,371.3,-9999,6180.9,4573.9,625.2,12567.8,2946.2,6551.7,0.447,6.94,568.53,0.432,6.333,24.684,3.824,1689.404,0.038,516.937,1760.217,214.463,1041.968,275.16,60.191,346.985,47.04,299.439,67.07,197.266,36.317,248.858,39.655,0.143,
10/2/2010,MG_S_SEEP,MG-743,GRAB,SW,6.6,83.6,4.33,6.72,0.36,9.93,103.95,17.19,8.08,366.5,6.48,6808.3,4498.3,271.4,12962,3363.6,6403,0.387,8.668,413.163,0.497,5.003,21.772,3.392,1670.88,0.022,603.542,1458.223,235.949,3068.344,298.733,71.291,326.075,54.481,369.619,94.379,199.493,32.101,194.43,44.354,0.263,
10/8/2010,MG_S_SEEP,MG-758,GRAB,SW,6.6,121.3,4.93,330.04,6.36,9.56,96.52,4.28,-9999,373.19,143.39,6524.5,4619.8,325,13079.3,3302.8,6706.9,0.334,24.851,359.178,1.167,5.292,19.518,3.984,1448.787,0.038,463.813,1428.665,192.165,3813.127,257.562,49.802,272.654,48.494,312.898,81.695,200.214,28.171,218.324,49.299,0.131,
2/2/2009,MG_WEIR,MG-12,GRAB,SW,7.1,-9999,4.86,6.01,1.42,-9999,15.64,0.71,0.25,5.92,0.03,4622.8,2074.7,1071.7,166179.4,986.5,5116.3,0.565,3.716,500.771,0.564,1.362,12.319,9.024,731.126,0.026,399.616,1342.067,120.185,490.756,127.196,32.35,139.214,24.237,144.222,26.841,86.834,13.22,88.236,12.82,0.511,
2/9/2009,MG_WEIR,MG-23,GRAB,SW,7.1,-9999,4.5,3.84,0.83,-9999,14.53,0.81,0.09,5.8,0.02,4550,2066.3,683.9,154719.4,901.8,5496.6,0.432,2.37,327.391,0.447,1.054,9.038,3.314,505.147,0.023,265.127,849.611,79.337,334.421,91.69,24.002,100.427,18.378,95.807,19.684,58.75,8.898,61.963,8.717,0.432,
2/16/2009,MG_WEIR,MG-34,GRAB,SW,7.1,-9999,2.1,8.54,0.49,6.66,63.1,-9999,1.41,24.44,0.12,4027.5,1903,2054.9,145997.7,935.2,4722.3,0.981,7.909,848.014,0.508,1.484,17.141,5.212,1082.571,0.015,648.54,2135.07,187.445,800.902,201.478,46.21,220.524,39.293,230.547,43.102,133.317,19.647,133.317,18.644,0.742,
2/23/2009,MG_WEIR,MG-49,GRAB,SW,7.2,-9999,2.56,12.29,0.83,14.88,66.99,-9999,-9999,20.73,0.08,3810.1,1682.1,2290.1,127679.3,1059.3,4560,1.201,8.636,1109.762,0.623,1.907,16.646,9.403,1220.738,0.047,701.168,2108.547,210.855,876.712,229.014,49.334,246.165,44.895,253.227,50.04,140.234,20.884,139.225,20.177,1.059,
3/2/2009,MG_WEIR,MG-64,GRAB,SW,7.2,-9999,2.98,8.6,0.35,7.11,68.26,-9999,-9999,28.32,0.1,2682.9,2037.4,1787.5,316705.5,756.5,4780.8,0.76,4.439,846.55,0.408,1.406,14.159,3.746,900.778,0.124,512.148,1677.033,163.686,666.796,171.72,38.863,180.758,32.536,181.762,35.65,106.446,15.565,95.199,16.77,0.402,
3/9/2009,MG_WEIR,MG-78,GRAB,SW,7.2,-9999,3.82,8.45,0.61,7.69,70.61,-9999,1.98,28.52,-9999,4155.3,2139.1,1134.3,331606.1,1074.6,5598.4,0.539,2.68,531.014,0.305,1.205,10.941,27.103,690.619,0.017,350.329,1174.454,117.445,471.789,117.445,30.215,133.506,23.891,136.518,26.5,79.301,11.945,68.359,13.15,0.261,
3/16/2009,MG_WEIR,MG-92,GRAB,SW,7.7,-9999,4.28,8.29,1.22,8.03,74.13,-9999,-9999,31.11,-9999,3659.6,2233.3,864.1,274004,1188.9,10021.8,0.457,2.336,430.023,0.329,1.133,9.733,3.238,429.021,0.015,232.553,718.71,70.568,283.675,70.969,19.045,79.89,14.635,82.597,16.239,47.413,6.916,50.52,7.077,0.2,
3/23/2009,MG_WEIR,MG-107,GRAB,SW,7.4,-9999,5.63,5.93,0.7,8.52,156.24,2.18,1.14,29.96,0.32,3069,2729.1,476.6,8107.2,839.7,86450.6,0.251,1.928,245.791,0.293,2.098,8.153,7.883,339.711,0.072,187.84,518.558,59.05,220.812,56.552,14.987,68.042,11.49,67.443,12.489,45.861,6.275,41.165,6.365,0.11,
3/30/2009,MG_WEIR,MG-121,GRAB,SW,7.8,-9999,5.5,5.32,0.36,4.91,40.05,-9999,-9999,15.51,-9999,4308.9,1314.4,335.1,13737.2,1443.9,7115.7,0.272,1.106,173.985,0.422,0.955,7.342,3.228,305.73,0.05,154.877,412.334,45.86,206.167,58.732,11.264,49.279,10.157,62.051,13.175,39.624,5.712,38.116,7.241,0.101,
4/6/2009,MG_WEIR,MG-135,GRAB,SW,7.7,-9999,5.45,4.6,0.37,-9999,936.85,-9999,50.05,408.28,-9999,6009.6,1695.5,262.8,10634.7,2561.3,8076.3,0.231,1.103,140.334,0.368,0.682,5.613,1.283,256.611,0.04,125.298,336.802,36.888,152.363,39.695,10.525,36.086,7.758,51.322,10.325,37.389,4.872,37.79,5.002,0.1,
4/13/2009,MG_WEIR,MG-150,GRAB,SW,7.31,-9999,4.83,7.09,0.6,18,112.36,-9999,46.05,84.74,-9999,4625.7,1832.2,472.6,12751,1164.5,16240.8,0.507,3.059,301.679,0.42,2.574,11.665,62.548,565.146,0,245.366,923.139,89.297,374.082,96.135,41.028,164.114,13.978,119.264,20.313,61.744,12.751,49.878,13.616,0.543,
4/20/2009,MG_WEIR,MG-163,GRAB,SW,7.15,86,6.38,5.91,0.7,10.33,81.68,-9999,10.05,31.32,234.49,5204.4,2053.9,57.6,13160.6,1182.5,17705.8,0.11,0.04,37.288,0.001,0,5.454,39.083,233.302,0,32.104,159.922,20.339,130.211,26.122,14.995,45.065,8.036,58.625,2.233,30.11,7.697,31.506,3.649,0.1,
4/27/2009,MG_WEIR,MG-180,GRAB,SW,7.3,89,6.11,5.2,0.63,-9999,808.3,-9999,27.36,390.5,-9999,5592,2155.5,32.3,13359.9,1301.4,21751.8,0.053,0,13.421,0,0.813,5.354,11.794,186.062,0.051,32.942,78.085,20.538,102.487,1.57,11.835,0,3.681,61.817,0,29.079,0,38.026,4.596,0.041,
5/4/2009,MG_WEIR,MG-195,GRAB,SW,7.2,92,5.2,5.75,0.7,15.73,80.25,-9999,55.32,93.38,304.66,6009.2,2208.7,43.6,12734.7,1538.1,19589.5,1.343,0.279,43.377,-0.004,1.791,7.919,347.218,193.606,-0.002,48.75,94.913,20.893,104.265,4.596,16.416,43.377,1.934,36.214,5.83,10.864,0,23.48,0,0.796,
5/11/2009,MG_WEIR,MG-211,GRAB,SW,7.33,96,6.58,4.7,0.49,11.68,80.88,-9999,76.28,86.23,-9999,6045.8,2280.3,23,13535.2,1658.9,18914.2,0.081,0,13.765,0.077,0.356,3.305,10.837,156.272,0,32.217,81.169,17.761,69.454,0,0,63.806,6.82,0,0,20.543,0,11.987,5.523,0,
5/18/2009,MG_WEIR,MG-223,GRAB,SW,7.18,101,5.71,11.82,0.91,10.41,73.38,-9999,1.81,25.76,-9999,6163.3,2313.7,15.6,13044.7,1629.6,42054.4,0.104,0,7.38,0.042,0.419,4.887,7.38,191.083,0,27.526,42.485,19.906,103.121,36.701,0.908,12.187,4.169,1.566,2.593,4.707,0,27.526,5.784,0,
5/26/2009,MG_WEIR,MG-238,GRAB,SW,7.32,97,7.28,4.28,0.42,10.86,75.97,-9999,-9999,24.57,-9999,6162.5,2213.7,22.9,12983.1,1561.6,40692.1,0.086,0,11.527,0.025,0.578,5.365,15.855,201.427,0,23.932,73.391,20.143,103.107,14.718,0,59.431,1.041,28.12,0,21.938,1.807,14.519,5.265,0,
6/1/2009,MG_WEIR,MG-250,GRAB,SW,7.05,100,6.07,4.38,0.46,12.11,86.11,-9999,-9999,27.32,-9999,6229.7,2243.5,41.1,12038.7,1654.6,23357,0.126,0,10.556,0.024,0.481,5.549,7.211,158.045,0,18.649,69.708,19.55,104.763,42.867,0,52.081,6.009,25.239,7.832,23.637,2.844,29.446,1.058,0,
6/8/2009,MG_WEIR,MG-260,GRAB,SW,7.17,100,7.46,4.27,1.58,12.09,73.38,-9999,2.94,27.76,0.19,6493.8,2264.8,26.5,12626.8,1761.7,42370.3,0.19,0.02,19.281,0.029,1.122,6.534,9.38,177.377,0,42.891,65.138,17.658,139.296,29.663,1.824,67.343,7.837,16.796,4.449,11.805,3.367,32.269,6.354,0.742,
6/15/2009,MG_WEIR,MG-268,GRAB,SW,6.63,108,8.83,5.12,1.09,18.17,79.83,-9999,4.27,27.74,-9999,6613,2357.5,34.4,12326.9,1914,9202.9,0.19,0,19.06,0.059,1.418,6.993,33.065,176.612,0.999,37.16,71.124,14.844,111.881,32.366,0,53.343,7.292,13.865,6.253,14.125,0,38.959,0,0,
6/22/2009,MG_WEIR,MG-275,GRAB,SW,6.78,108,9.39,3.76,0.72,13.36,74.67,-9999,6.36,27.84,0.09,6835,2392.3,40,12102,1801.2,11150,0.148,0.02,16.866,0.028,1.206,5.77,36.829,171.077,0.101,24.124,70.16,20.505,62.923,0,0,28.546,0.257,35.783,9.81,7.036,4.624,32.567,7.076,0.08,
6/29/2009,MG_WEIR,MG-281,GRAB,SW,6.72,108,7.94,4.16,0.56,17.19,81.27,-9999,21.83,81.7,-9999,7011.2,2511.2,33.8,12355,1816.1,15162.8,0.123,0,10.909,0.037,0.603,5.685,24.65,187.635,0.181,41.987,51.429,22.5,93.014,0,13.5,0,0,18.322,1.808,11.712,4.359,28.125,1.573,0.08,
7/4/2009,MG_WEIR,MG-290,GRAB,SW,7.1,88,6.04,10.14,1.04,17.92,79.4,-9999,117.25,49.01,-9999,6300,1928,129.8,10419.9,1786,10855.4,0.262,1.134,112.599,0.043,3.24,13.98,105.599,393.997,3.16,159.999,397.997,68.8,239.998,33.6,5.82,89.799,9.74,62.6,5.4,38.8,8.94,52.8,3.14,0.24,
7/9/2009,MG_WEIR,MG-299,GRAB,SW,-9999,-9999,7.88,8.32,2.05,29.41,66.37,-9999,16.74,-9999,-9999,6143.9,1845.2,180.3,10026.4,1629,11380.2,0.206,1.835,142.09,0.063,1.001,9.88,9.406,432.275,0.08,187.92,478.304,68.243,282.18,43.828,19.713,43.428,9.986,92.059,18.772,42.827,11.267,64.241,8.365,0.14,
7/14/2009,MG_WEIR,MG-307,GRAB,SW,-9999,-9999,9.97,5.76,1.85,19.71,139.77,-9999,32.77,52.52,-9999,6770.7,2305.8,40,10753.5,1817.4,10472.9,0.151,0.21,25.783,0.053,1.887,6.75,7.546,253.64,0.084,88.669,132.899,31.862,155.119,36.684,17.839,3.144,5.639,45.068,11.592,36.684,6.163,29.976,0,0.042,
7/19/2009,MG_WEIR,MG-312,GRAB,SW,6.72,104,9.6,5.03,2.1,12.37,55.79,31.85,13.55,3.73,-9999,6648.2,2256,44.7,10441.4,1824.7,10140.2,0.154,7.71,61.291,0.031,0.599,6.169,7.387,237.577,0.16,68.478,131.566,33.94,201.641,30.546,10.282,22.36,0,30.945,6.169,25.554,5.61,44.72,2.336,0.06,
7/24/2009,MG_WEIR,MG-318,GRAB,SW,6.4,103,8.88,4.98,0.5,30.99,87.98,33.23,15.56,36.45,-9999,6819.1,2266.3,34.6,10744.6,1766.5,9599.9,0.118,1.295,27.519,0.032,0.607,6.172,2.428,240.793,0.081,72.036,136.584,35.208,143.667,27.924,2.711,30.352,8.296,37.03,7.285,38.648,0,36.018,7.912,0.061,
7/29/2009,MG_WEIR,MG-322,GRAB,SW,6.85,113,10.39,4.89,0.76,12.69,66.85,36.85,17.09,-9999,-9999,7084,2551.9,35.9,10819.9,2031.3,10217.2,0.131,1.831,32.664,0.017,3.797,5.185,4.083,198.637,0.061,55.324,105.545,17.618,79.822,1.488,4.573,32.051,0,6.553,9.452,14.29,9.125,35.522,6.124,0.061,
8/13/2009,MG_WEIR,MG-328,GRAB,SW,6.35,130,8.44,6.95,3.58,-9999,87.06,-9999,242.34,86.74,-9999,7640.3,2763.5,44.1,10566.4,2560.3,10759.2,0.15,3.19,29.464,0.035,5.405,10.463,34.457,197.713,0.102,69.291,141.63,24.181,127.203,44.501,6.828,12.172,1.561,20.32,14.366,11.054,0,27.635,2.926,0.102,
8/23/2009,MG_WEIR,MG-331,GRAB,SW,6.81,114,9.12,4.78,1.7,16.12,-9999,3.61,59.26,73.64,-9999,7750.7,2670.6,46.8,11084,2208.8,11172.2,0.19,2.47,32.73,0.039,2.671,10.963,8.835,168.87,0.1,57.428,130.718,21.485,122.084,0,8.996,16.546,8.233,10.923,3.614,14.839,6.164,29.517,2.088,0.12,
8/28/2009,MG_WEIR,MG-350,GRAB,SW,6.72,110,8.17,5.44,0.72,14.69,92.82,-9999,12.22,18.54,114.86,7218.8,2239.6,37.2,8898.5,2179.6,23890,0.202,0.948,32.594,0.003,36.254,8.193,20.436,227.961,0.18,73.387,156.173,27.395,134.777,10.198,9.858,53.991,5.119,27.595,7.459,38.793,0.768,37.793,2.34,0,
9/7/2009,MG_WEIR,MG-337,GRAB,SW,6.76,93.2,7.5,4.13,0.27,74.82,79.75,-9999,90.35,51.43,-9999,7105.7,2033.1,78.9,10165.4,1725.1,20122.6,0.17,3.45,60.59,0,1.812,8.812,27.96,243.567,2.58,86.154,190.627,23.954,132.05,11.736,13.97,12.058,0.515,32.61,11.635,31.402,0,44.889,4.469,0.181,
9/12/2009,MG_WEIR,MG-344,GRAB,SW,6.81,106,9.46,3.42,0.27,18.65,90.1,-9999,70.81,55.56,-9999,7054.8,2144.5,53.1,10341.7,1685.5,22055.5,0.11,0.72,38.882,0,0.601,5.492,0.401,181.982,0.06,70.147,132.478,21.846,115.843,16.074,9.42,37.479,2.044,26.656,9.019,23.449,6.915,34.873,5.492,0.02,
9/17/2009,MG_WEIR,MG-338,GRAB,SW,6.61,111.5,9.93,3.23,0.16,17.31,84.4,-9999,19.23,59.36,-9999,7442.6,2328.3,61.7,10487.4,1785,21219.3,0.35,18.01,35.82,0.073,0.995,7.148,17.134,202.981,0.259,83.382,208.951,26.069,117.411,27.462,6.229,29.85,6.627,31.442,8.955,12.378,0,27.064,7.781,1.035,
9/22/2009,MG_WEIR,MG-340,GRAB,SW,6.82,115,10.88,3.26,0.49,20.19,82.39,-9999,12.71,60.4,-9999,7685.5,2468.2,64.8,10374.4,1802,23154.2,0.57,13.85,38.528,0.065,1.204,6.927,12.642,214.713,0.181,79.664,177.188,25.685,132.841,42.341,20.267,22.475,0,36.12,17.538,31.304,4.615,17.378,6.803,0.682,
9/27/2009,MG_WEIR,MG-342,GRAB,SW,6.73,116,10.9,3.09,0.25,17.05,79.92,-9999,24.92,64.35,-9999,7576.9,2525.6,56.1,10543.6,1770,23791.2,0.77,12.11,39.087,0.02,1.002,7.525,11.826,183.811,0.2,77.573,157.953,19.203,84.389,35.078,11.225,57.128,1.283,27.662,9.541,6.234,6.915,58.33,0.261,0.922,
10/2/2009,MG_WEIR,MG-353,GRAB,SW,6.8,115.5,11.58,2.57,0.38,12.04,80.51,-9999,18.93,20.4,19.86,6703.3,2421.2,26.8,8884.3,1774.9,25095.1,0.18,2.23,35.417,0.036,0.4,5.863,8.404,142.669,0.14,60.029,86.042,16.628,61.43,20.41,14.327,0,0,9.685,10.025,3.882,4.862,14.367,0,0.02,
10/9/2009,MG_WEIR,MG-356,GRAB,SW,6.76,105,9.71,4.54,0.59,10.52,80.17,-9999,35.4,19.06,-9999,47229.1,8229,107.3,8024.8,1399.2,134262.6,3.829,5.418,51.733,0.919,34.828,25.643,61.937,186.769,0.815,181.677,148.071,43.586,165.791,57.721,8.432,36.458,12.159,41.957,11.65,15.072,8.351,270.887,7.21,0.91,
10/16/2009,MG_WEIR,MG-358,GRAB,SW,6.75,100,9.4,4.08,0.75,13.57,86.89,-9999,26.13,20.08,-9999,40660.9,5388.1,108.9,8150.6,1446.3,122783.9,2.637,0.807,71.917,0.058,1.998,17.22,77.511,194.976,0.999,114.069,189.382,28.367,142.237,49.943,7.751,52.939,12.506,27.369,3.766,16.581,14.783,4.195,6.033,0.39,
10/30/2009,MG_WEIR,MG-360,GRAB,SW,6.9,88,8.97,3.37,0.6,12.1,78.9,-9999,28.93,19.57,-9999,43316,5915.8,131.4,7562.8,1122.4,155817.2,2.701,0.096,56.821,0.095,1.601,10.124,53.68,158.259,0.2,85.032,155.058,19.227,90.834,60.042,0,44.417,10.244,31.412,11.444,16.606,0.4,43.616,4.722,0.6,
11/6/2009,MG_WEIR,MG-361,GRAB,SW,6.41,93.1,9.97,2.43,0.32,22.15,116.01,3.99,180.96,44.46,32.12,9418.4,2650.2,4.2,8664.1,1484,6890.5,0.06,0,5.565,0.12,0.458,1.674,7.239,60.762,0.041,3.66,5.816,4.261,70.688,16.845,1.584,14.238,2.359,18.349,2.477,1.955,0.157,11.33,6.861,0,
11/13/2009,MG_WEIR,MG-363,GRAB,SW,6.8,100.7,9.55,3.62,0.38,23.59,92.52,-9999,54.4,39.78,193.07,9439.6,2702.9,2.7,9112,1562.3,7125.8,0.033,0,5.258,0.064,0.842,2.674,10.816,47.871,0.101,1.462,5.488,5.128,15.323,6.84,4.81,6.139,2.523,4.62,0.006,2.624,2.123,5.007,6.548,0,
11/28/2009,MG_WEIR,MG-365,GRAB,SW,6.83,90.2,8.85,3.39,0.7,43.72,92.51,4.01,17.05,68.75,16.55,27253,2176.2,15.8,7466.8,1263.8,10828.2,0.367,0.519,13.856,0.345,0.962,4.452,7.187,113.2,0.545,17.469,31.345,12.278,27.352,24.357,4.752,9.284,0.845,14.774,1.276,12.678,1.12,7.946,0.477,0.613,
12/4/2009,MG_WEIR,MG-367,GRAB,SW,7.03,84,9.13,2.6,0.58,17.72,99.39,-9999,6.72,67.71,13.48,32749.1,2252.5,17.2,8044.6,1142.3,8654.1,1.259,0.261,15.385,1.193,0.579,4.223,2.755,87.687,0.182,20.112,35.598,13.073,45.653,291.618,13.414,19.267,8.829,14.561,12.349,13.374,10.719,12.007,10.981,0.296,
12/11/2009,MG_WEIR,MG-370,GRAB,SW,7.34,88.5,7.86,3.63,0.5,21.73,133.77,6.25,28.38,63.4,20.97,25155.1,2389,18.7,7909.8,1260.8,7536.5,0.223,0.339,20.678,0.165,0.618,4.758,2.63,102.185,0.217,13.069,47.579,10.74,34.731,12.587,0.95,13.25,0.391,4.116,0.733,14.294,0.371,8.532,1.066,0.243,
1/4/2010,MG_WEIR,MG-372,GRAB,SW,7.15,80.9,7.31,3.38,0.58,28.91,100.37,3.41,101,68.1,15.76,23948.7,2128.7,40.8,8494.9,1100.5,7356.8,0.207,0.198,26.107,0.171,0.5,5.623,3.615,127.724,0.067,23.296,59.042,13.756,53.419,25.304,5.603,4.86,1.811,15.925,4.097,10.282,0.86,14.499,0.775,0.164,
1/18/2010,MG_WEIR,MG-373,GRAB,SW,7.22,81.4,7.78,3.24,0.43,16.91,99.28,17.68,28.89,71.16,15.24,26511.3,2170.7,29.5,8421.7,1099.4,9018.3,0.225,0.131,22.712,0.195,0.629,5.668,2.613,58.489,0.038,8.663,37.184,7.397,8.04,7.296,1.25,0,0,14.994,0,4.603,0,3.035,0,0.137,
2/1/2010,MG_WEIR,MG-376,GRAB,SW,6.93,56.2,2.52,12.99,0.14,54.35,65.16,-9999,17.86,61.12,141.18,3539.3,1363.1,1828.3,7058.4,920.2,4994.7,0.791,4.085,586.512,0.328,0.882,16.645,4.186,855.498,0.013,398.424,1494.594,131.864,586.512,162.201,38.224,155.325,27.101,167.661,30.135,91.819,12.843,98.898,14.097,0.491,
2/8/2010,MG_WEIR,MG-380,GRAB,SW,7.11,50.5,2.66,11.16,0.16,17.76,61.29,-9999,21.77,-9999,-9999,3483.6,1411.5,1573.6,6887.1,866.9,5462.4,0.557,3.704,424.438,0.23,0.949,16.157,4.184,762.787,0.001,330.341,1419.465,131.135,504.521,138.743,32.834,140.945,27.629,161.767,29.631,85.488,10.631,94.097,12.333,0.424,
2/15/2010,MG_WEIR,MG-383,GRAB,SW,7.18,50.6,5.74,11.77,0.18,16.87,67.73,-9999,35.83,-9999,-9999,3235.3,1344,1431.9,6850,858.8,20472.9,0.601,3.076,515.251,0.21,1.015,15.018,4.913,774.873,0.04,291.576,1188.272,117.429,493.283,149.383,30.156,138.399,26.961,150.182,31.954,90.868,13.241,92.865,15.497,0.27,
2/22/2010,MG_WEIR,MG-386,GRAB,SW,6.85,58.5,4.25,9.51,0.14,11.64,67.34,-9999,15.81,-9999,-9999,3314.8,1405.8,1116.3,6729.5,816.7,7227.9,0.575,2.816,413.357,0.3,0.759,12.98,2.536,613.046,0.008,239.627,1022.409,96.45,397.382,101.842,22.365,95.651,19.41,132.793,22.365,81.074,8.986,73.685,8.846,0.262,
3/1/2010,MG_WEIR,MG-389,GRAB,SW,7.07,41.1,2.45,12.09,0.42,14.61,56.43,7.09,8.82,-9999,11.65,3008.1,1265.4,1303.5,6597.7,810.2,5400.6,0.531,2.727,461.236,0.223,0.72,16.965,3.59,772.068,0.043,296.795,1147.073,111.499,491.316,154.013,31.083,139.774,24.265,153.612,31.284,79.012,13.075,92.448,12.614,0.265,
3/17/2010,MG_WEIR,MG-390,GRAB,SW,6.75,41,2.06,14.2,0.7,6.53,55.13,-9999,25.7,-9999,-9999,2641.9,1196.9,1308.9,5704.1,830.6,4139.5,0.45,3.342,338.241,0.19,0.773,13.79,4.363,824.588,0.076,336.24,1238.883,116.483,508.362,156.712,32.023,158.713,23.417,150.507,28.62,98.47,13.289,103.274,12.249,0.3,
3/23/2010,MG_WEIR,MG-391,GRAB,SW,7.39,35.8,2.07,10.18,0.36,13.82,58.14,-9999,15.28,-9999,17.31,2837,1292.6,1252.7,6373.2,881.1,4409.4,0.529,3.356,475.494,0.222,0.923,12.127,4.235,777.173,0.023,307.673,1138.788,119.872,511.456,136.255,26.772,144.846,22.776,145.845,30.767,82.512,11.588,90.304,11.568,0.302,
3/29/2010,MG_WEIR,MG-399,GRAB,SW,7.06,231.5,6.74,9.02,0.19,9.74,55.33,-9999,17.42,-9999,-9999,2956.8,1345.3,935.6,-9999,882.8,3738.2,0.606,2.218,428.732,0.152,0.674,12.397,10.37,794.104,0.025,342.141,1248.179,123.973,473.083,165.368,104.965,156.498,26.611,150.795,34.214,90.393,12.587,87.647,15.227,0.281,
4/6/2010,MG_WEIR,MG-395,GRAB,SW,6.4,45.5,3.07,12.7,0.46,14.29,70.95,-9999,39.71,-9999,-9999,2916.4,1324.1,1070.8,-9999,970.7,3512.5,0.626,3.342,549.226,0.213,1.009,14.625,3.938,994.142,0.302,470.461,1775.406,170.09,721.658,217.136,116.87,188.61,24.055,194.784,45.343,122.405,18.329,126.237,18.393,0.456,
4/12/2010,MG_WEIR,MG-402,GRAB,SW,6.79,350,3.23,14.17,0.98,24.61,61.8,-9999,10.02,-9999,-9999,3028.2,1354.3,1120.8,-9999,982.1,3427.7,0.587,3.386,580.399,0.204,0.877,15.267,2.355,1055.654,0.024,515.209,1901.018,176.643,725.499,212.392,112.084,203.981,31.964,205.032,40.165,130.8,22.501,136.057,13.48,0.307,
4/21/2010,MG_WEIR,MG-421,GRAB,SW,7.01,46.7,3.53,9.12,0.95,46.7,66.01,-9999,12.13,-9999,16.65,3130.4,1396.3,988.6,-9999,1056.5,3480.5,0.575,2.966,514.874,0.192,0.972,18.021,2.595,1118.305,0.02,434.553,1697.023,163.112,747.596,238.901,55.812,178.146,33.364,189.473,42.837,138.604,22.448,143.547,18.927,0.251,
4/26/2010,MG_WEIR,MG-413,GRAB,SW,7.11,51.3,3.54,9.61,0.82,13.8,69.33,-9999,10.25,-9999,-9999,3601.3,1544,825.8,-9999,1115.6,3891.1,0.534,2.422,467.757,0.194,1.07,15.585,5.071,883.771,0.414,355.992,1517.106,134.325,579.522,180.066,63.52,115.697,26.906,166.613,37.255,109.281,15.192,113.421,16.744,0.337,
5/1/2010,MG_WEIR,MG-417,GRAB,SW,7.11,52.8,3.69,8.41,0.97,7.36,70.61,-9999,15.71,-9999,-9999,3684.6,1621.6,809.8,-9999,1080.4,4100.9,0.443,2.54,451.727,0.158,0.899,13.094,2.665,832.677,0,347.642,1440.531,126.151,526.668,191.516,52.459,145.094,26.229,169.658,32.266,113.869,16.362,102.003,15.009,0.231,
5/11/2010,MG_WEIR,MG-438,GRAB,SW,7.12,67.8,4.19,12.76,0.62,11,75.86,-9999,28.23,88.66,-9999,3259.7,1871.4,430.6,-9999,1206.9,4115.8,0.327,1.671,264.983,0.128,0.704,10.061,6.045,532.037,0.078,201.429,813.582,73.491,331.229,92.744,17.39,69.144,15.63,98.334,23.6,68.109,11.386,63.141,6.852,0.127,
5/17/2010,MG_WEIR,MG-456,GRAB,SW,6.56,76.1,3.58,10.35,0.92,21.63,87.25,-9999,43.87,-9999,-9999,3685.1,1993.7,281.6,-9999,1289.7,4438.4,0.21,1.61,152.843,0.118,0.839,10.224,3.285,412.206,0.265,179.371,534.643,51.832,220.387,74.891,15.509,39.384,8.469,51.832,15.08,56.525,8.122,47.547,6.53,0.241,
5/24/2010,MG_WEIR,MG-474,GRAB,SW,7.47,77.8,5.9,7.35,0,9.61,66.15,3.72,200.74,-9999,-9999,-9999,2168.3,208.6,-9999,1335.8,28933.2,0.171,1.409,126.62,0.088,0.783,11.864,4.828,300.698,0.064,123.143,351.837,37.638,132.552,54.207,0,9.103,5.646,44.389,10.269,25.979,5.278,32.524,1.6,0.072,
6/1/2010,MG_WEIR,MG-487,GRAB,SW,7.5,79.6,12.96,5.38,0,8.27,81.15,-9999,26.58,85.88,-9999,7381,2055.5,151.4,-9999,1526.4,3619.3,0.261,1.734,266.607,0.063,1.447,12.415,9.586,295.099,0.051,112.138,286.958,37.447,211.657,42.128,9.016,35.819,8.181,50.269,9.036,29.713,3.338,37.04,5.434,0.299,
6/7/2010,MG_WEIR,MG-498,GRAB,SW,7.3,77.7,11.87,5.37,0,17.96,80.37,10.53,108.34,83.11,-9999,4114.3,2136.2,145.8,-9999,1542.6,3465.7,0.183,0.577,82.574,0.062,0.696,8.504,3.081,295.787,0.026,100.034,230.057,40.465,170.694,34.714,13.762,50.941,11.79,51.147,11.482,32.454,2.855,36.563,4.724,0.191,
6/14/2010,MG_WEIR,MG-506,GRAB,SW,7,81.5,7.43,10.61,0.72,15.89,70.52,-9999,25,79.12,-9999,4842.5,2118.1,128.9,1506.9,1506.9,4130.3,0.13,0.583,84.724,0.069,1.114,9.824,3.853,278.38,0.143,104.292,213.828,38.126,132.533,49.624,5.588,55.474,8.634,45.993,10.147,30.46,7.524,35.907,6.818,0.094,
6/21/2010,MG_WEIR,MG-514,GRAB,SW,7.3,100.2,8.13,12.51,1.15,11.78,84.35,1.94,2.45,102.61,202.63,17634.5,2459.7,36.7,26382.3,1957.7,7478.3,0,1.202,34.525,0,2.593,7.337,7.847,207.936,0.789,61.204,141.436,25.305,116.13,30.013,7.435,56.3,12.653,26.09,5.63,27.659,7.258,25.109,4.845,0.167,
6/30/2010,MG_WEIR,MG-519,GRAB,SW,6.9,87.7,15.44,26.41,1.88,13.15,63.4,2.26,6.66,75.38,2.07,16262.5,2204.7,67.2,26901.8,1803.7,7221,0,1.521,58.279,0,2.527,8.357,34.77,302.261,3.418,107.47,192.617,35.758,186.295,10.866,14.856,61.242,14.362,40.499,7.073,32.794,6.322,37.536,8.416,0.012,
7/5/2010,MG_WEIR,MG-524,GRAB,SW,7.3,96.3,17.17,7.25,0.32,18.6,88.78,6.49,5.24,80.28,2.69,7253,2682.6,41.8,24839.1,2110.6,8266.5,3.305,0.331,42.411,0,3.584,11.429,7.965,242.92,0.078,92.987,142.367,29.867,130.619,14.396,6.411,52.765,11.131,56.947,8.94,33.65,6.75,37.832,8.184,0.157,
7/12/2010,MG_WEIR,MG-527,GRAB,SW,7.1,89.4,10.05,9.2,0.66,15.89,86.39,1.13,0.86,61.82,204.59,12904.6,2378.7,74.6,24580.1,3254.5,8087.7,0,1.461,81.164,0,6.846,11.014,79.577,303.623,0.911,113.71,210.353,37.903,192.493,41.078,19.071,75.806,11.927,38.895,11.847,39.292,6.529,36.316,3.929,1.324,
7/19/2010,MG_WEIR,MG-531,GRAB,SW,6.7,88.7,22.24,6.44,0.28,12.63,67.29,-9999,-9999,63.01,-9999,17479.9,2508.5,52.6,36234,1746.4,9038.6,0,0.449,54.971,0,1.13,5.457,2.838,265.926,0,97.44,186.942,38.301,200.437,0.617,8.653,68.268,11.828,45.049,9.248,33.538,6.866,31.355,7.502,0,
7/24/2010,MG_WEIR,MG-545,GRAB,SW,7.2,85.6,7.54,11.94,0.76,12.85,65.58,-9999,-9999,43.32,-9999,27911.3,2432.3,318.4,34889.1,3323.7,9888.6,0,4.438,197.232,0,4.916,16.459,40.999,654.786,0.118,306.496,786.141,98.715,495.568,110.856,29.057,194.247,27.863,132.748,24.878,88.963,21.694,98.317,21.096,0.601,
7/29/2010,MG_WEIR,MG-560,GRAB,SW,7.1,61.1,2.98,14.61,0.45,9.29,48.07,-9999,-9999,40.32,-9999,18035.8,1755.9,1303,43445.4,1412.7,7772.3,0,17.579,963.77,0,1.385,16.382,9.181,1484.564,0.018,750.264,2115.105,247.427,1107.437,283.344,76.623,351.187,69.439,353.183,65.848,213.506,40.905,223.483,47.291,0.503,
8/3/2010,MG_WEIR,MG-576,GRAB,SW,7.2,-9999,3.3,12.15,0.57,6.38,70.47,19.95,-9999,50.49,-9999,4040.6,1816.9,907.4,10469.8,1413.1,5015.9,0.599,4.532,441.101,0.154,1.777,22.106,27.657,1029.572,5.047,476.429,1665.484,157.464,661.147,166.548,38.861,163.52,33.31,186.736,31.392,110.023,12.718,111.032,13.93,0.605,
8/8/2010,MG_WEIR,MG-592,GRAB,SW,7.4,66.1,2.47,13.37,0.61,-9999,59.39,-9999,-9999,38.46,-9999,3503.1,1492.2,1462,14853.2,1704,4423.9,0.743,3.781,578.741,0.171,2.521,17.342,7.34,1421.646,0.132,585.799,1845.116,207.702,912.475,237.949,51.421,231.9,44.968,274.247,53.337,146.198,21.173,144.181,14.519,0.351,
8/13/2010,MG_WEIR,MG-605,GRAB,SW,7.6,70.7,3.07,8.6,0.28,3.91,55.02,-9999,-9999,57.85,-9999,4357.4,1946.2,646.4,13657.3,1280.6,5749.4,0.631,2.501,367.049,0.138,0.732,11.596,0,760.315,0,370.074,1179.8,118.988,514.272,131.089,37.814,143.189,23.697,142.181,26.52,82.283,11.798,85.208,13.008,1.069,
8/18/2010,MG_WEIR,MG-620,GRAB,SW,7.3,64.4,4.96,12.2,0.78,-9999,62.54,-9999,-9999,45.45,-9999,4022.7,1684,875.5,16232.3,1826,5195.2,0.81,6.178,432.157,0.188,10.55,33.477,150.139,1186.909,7.071,525.486,1704.279,177.529,809.533,209.992,45.853,187.674,37.23,245.497,39.868,124.778,16.536,119.705,15.825,0.728,
8/22/2010,MG_WEIR,MG-636,GRAB,SW,7.4,77,5.97,8.71,0.45,9.08,66.38,-9999,-9999,61.93,-9999,4438,1814.7,447.2,20710.8,1420.7,6134.3,0.811,2.241,289.143,0.077,2.691,11.206,0.564,668.33,0,307.152,909.449,98.949,444.22,120.059,26.013,108.053,17.008,114.056,22.311,71.035,9.335,61.13,7.854,0.106,
8/28/2010,MG_WEIR,MG-652,GRAB,SW,7.2,88.9,6.9,7.31,0.29,10.04,75.33,7.84,-9999,67.73,-9999,4880.4,1998.2,284.5,9080.8,1372,6740.6,0.355,2.956,188.653,0.084,0.524,9.069,0,472.137,0,189.662,632.543,63.96,310.723,60.127,14.326,65.171,11.299,89.585,15.637,51.552,4.812,48.626,4.57,0.052,
9/2/2010,MG_WEIR,MG-669,GRAB,SW,7.1,83.5,7.74,7.38,0.55,5.43,74.84,-9999,3.31,68.44,-9999,6334.5,2356.5,137.2,10009.7,1629.6,6529,0.158,0.905,116.551,0.067,4.126,8.293,12.996,323.867,0.052,95.922,304.27,36.615,171.216,21.763,10.304,41.257,5.518,59.1,8.468,29.602,2.094,45.073,10.294,0.027,
9/8/2010,MG_WEIR,MG-683,GRAB,SW,6.5,-9999,4.24,8.86,0.42,10.5,88.94,4.1,-9999,337.79,-9999,6104,4609.6,1983.6,14460.2,2736.3,5851.4,0.996,9.693,1411.024,0.883,7.802,41.819,6.534,3139.016,0.06,1145.179,4488.691,436.599,2167.659,575.657,137.012,649.275,100.305,624.736,128.833,404.902,56.032,461.139,65.643,0.331,
9/12/2010,MG_WEIR,MG-693,GRAB,SW,7.3,105.3,7.15,6.95,0.19,5.74,73.87,3.74,-9999,74.75,-9999,5782.4,2345.9,78.6,9260.1,1544.2,6852.5,0.072,0.345,75.899,0.057,0.878,7.005,2.039,302.789,0.011,98.406,195.804,31.086,132.218,6.964,5.884,49.96,8.105,35.325,7.822,21.801,2.574,39.262,9.74,-0.004,
9/18/2010,MG_WEIR,MG-706,GRAB,SW,7.3,99.8,7.56,8.34,0.34,9.29,77.55,-9999,-9999,73.85,-9999,6221.5,2421.8,55.8,9332.2,1595.9,7056.6,0.09,0.507,61.893,0.044,0.577,5.749,1.34,238.364,-0.002,76.215,130.947,24.45,96.676,5.811,4.327,9.79,1.942,30.998,6.384,9.299,0,21.893,6.015,0,
9/22/2010,MG_WEIR,MG-715,GRAB,SW,7.2,86.5,8.89,6.06,0,7.56,78.48,6.86,-9999,68.72,-9999,6384.5,2428.2,89.4,9566.3,1697.6,7368.3,0.112,1.575,106.358,0.049,0.627,6.392,1.094,280.212,0,87.745,196.353,31.294,102.267,4.592,3.917,22.908,1.793,37.43,7.435,13.602,5.522,25.976,4.479,0.016,
9/28/2010,MG_WEIR,MG-728,GRAB,SW,7.2,149.6,8.83,6.88,0.39,9.88,69.02,6.2,-9999,56.99,-9999,5542.6,2191.7,128.5,8514.1,1596.2,6764.9,0.113,1.99,136.814,0.056,0.614,8.219,1.171,323.378,0,118.157,268.445,35.654,137.85,20.522,0.157,26.223,7.038,44.672,7.38,13.474,1.233,33.892,4.996,0.036,
10/2/2010,MG_WEIR,MG-741,GRAB,SW,6.7,78,8.55,5.54,0.33,8.49,69.94,-9999,5.72,59.85,-9999,6171.4,2288.7,52.9,8869,1277.2,7254.5,0.149,0.503,63.003,0.055,0.61,5.36,1.851,261.925,0.014,85.252,175.965,34.182,356.986,31.552,3.125,40.148,8.272,79.589,33.373,30.642,1.507,37.519,21.439,0.011,
10/8/2010,MG_WEIR,MG-756,GRAB,SW,6.7,75.9,8.55,12.43,0.35,8.83,76.9,6.69,-9999,46.35,-9999,6204.1,2346.9,52.8,8756.8,1318.4,7530.6,0.222,1.204,66.544,0.057,0.617,5.144,1.909,248.008,0.013,83.894,175.545,31.741,428.657,26.128,-0.512,41.845,8.308,64.196,33.374,29.802,4.736,36.13,19.392,0.01,
10/24/2010,MG_WEIR,MG-771,GRAB,SW,-9999,91.9,20.17,5,0.28,-9999,-9999,-9999,-9999,-9999,-9999,-9999,-9999,-9999,-9999,-9999,-9999,-9999,-9999,-9999,-9999,-9999,-9999,-9999,-9999,-9999,-9999,-9999,-9999,-9999,-9999,-9999,-9999,-9999,-9999,-9999,-9999,-9999,-9999,-9999,-9999,
10/31/2010,MG_WEIR,MG-777,GRAB,SW,-9999,85.8,5.44,4.07,0.34,-9999,-9999,-9999,-9999,-9999,-9999,-9999,-9999,-9999,-9999,-9999,-9999,-9999,-9999,-9999,-9999,-9999,-9999,-9999,-9999,-9999,-9999,-9999,-9999,-9999,-9999,-9999,-9999,-9999,-9999,-9999,-9999,-9999,-9999,-9999,-9999,
11/7/2010,MG_WEIR,MG-783,GRAB,SW,-9999,87.2,5.39,4.06,0.31,-9999,-9999,-9999,-9999,-9999,-9999,-9999,-9999,-9999,-9999,-9999,-9999,-9999,-9999,-9999,-9999,-9999,-9999,-9999,-9999,-9999,-9999,-9999,-9999,-9999,-9999,-9999,-9999,-9999,-9999,-9999,-9999,-9999,-9999,-9999,-9999,
11/14/2010,MG_WEIR,MG-788,GRAB,SW,-9999,75.1,4.99,3.47,0.17,-9999,-9999,-9999,-9999,-9999,-9999,-9999,-9999,-9999,-9999,-9999,-9999,-9999,-9999,-9999,-9999,-9999,-9999,-9999,-9999,-9999,-9999,-9999,-9999,-9999,-9999,-9999,-9999,-9999,-9999,-9999,-9999,-9999,-9999,-9999,-9999,
